ISO-10303-21;
HEADER;
FILE_DESCRIPTION(('Open CASCADE Model'),'2;1');
FILE_NAME('Open CASCADE Shape Model','2026-09-25T20:15:14',('Author'),(
    'Open CASCADE'),'Open CASCADE STEP processor 8.0','build123d',
  'Unknown');
FILE_SCHEMA(('AUTOMOTIVE_DESIGN { 1 0 10303 214 1 1 1 1 }'));
ENDSEC;
DATA;
#1 = APPLICATION_PROTOCOL_DEFINITION('international standard',
  'automotive_design',2000,#2);
#2 = APPLICATION_CONTEXT(
  'core data for automotive mechanical design processes');
#3 = SHAPE_DEFINITION_REPRESENTATION(#4,#10);
#4 = PRODUCT_DEFINITION_SHAPE('','',#5);
#5 = PRODUCT_DEFINITION('design','',#6,#9);
#6 = PRODUCT_DEFINITION_FORMATION('','',#7);
#7 = PRODUCT('COMPOUND','COMPOUND','',(#8));
#8 = PRODUCT_CONTEXT('',#2,'mechanical');
#9 = PRODUCT_DEFINITION_CONTEXT('part definition',#2,'design');
#10 = SHAPE_REPRESENTATION('',(#11,#15,#19),#23);
#11 = AXIS2_PLACEMENT_3D('',#12,#13,#14);
#12 = CARTESIAN_POINT('',(0.,0.,0.));
#13 = DIRECTION('',(0.,0.,1.));
#14 = DIRECTION('',(1.,0.,-0.));
#15 = AXIS2_PLACEMENT_3D('',#16,#17,#18);
#16 = CARTESIAN_POINT('',(0.,0.,0.));
#17 = DIRECTION('',(0.,0.,1.));
#18 = DIRECTION('',(1.,0.,-0.));
#19 = AXIS2_PLACEMENT_3D('',#20,#21,#22);
#20 = CARTESIAN_POINT('',(0.,0.,0.));
#21 = DIRECTION('',(0.,0.,1.));
#22 = DIRECTION('',(1.,0.,-0.));
#23 = ( GEOMETRIC_REPRESENTATION_CONTEXT(3) 
GLOBAL_UNCERTAINTY_ASSIGNED_CONTEXT((#27)) GLOBAL_UNIT_ASSIGNED_CONTEXT(
(#24,#25,#26)) REPRESENTATION_CONTEXT('Context #1',
  '3D Context with UNIT and UNCERTAINTY') );
#24 = ( LENGTH_UNIT() NAMED_UNIT(*) SI_UNIT(.MILLI.,.METRE.) );
#25 = ( NAMED_UNIT(*) PLANE_ANGLE_UNIT() SI_UNIT($,.RADIAN.) );
#26 = ( NAMED_UNIT(*) SI_UNIT($,.STERADIAN.) SOLID_ANGLE_UNIT() );
#27 = UNCERTAINTY_MEASURE_WITH_UNIT(LENGTH_MEASURE(1.E-07),#24,
  'distance_accuracy_value','confusion accuracy');
#28 = PRODUCT_RELATED_PRODUCT_CATEGORY('part',$,(#7));
#29 = SHAPE_DEFINITION_REPRESENTATION(#30,#36);
#30 = PRODUCT_DEFINITION_SHAPE('','',#31);
#31 = PRODUCT_DEFINITION('design','',#32,#35);
#32 = PRODUCT_DEFINITION_FORMATION('','',#33);
#33 = PRODUCT('COMPOUND','COMPOUND','',(#34));
#34 = PRODUCT_CONTEXT('',#2,'mechanical');
#35 = PRODUCT_DEFINITION_CONTEXT('part definition',#2,'design');
#36 = SHAPE_REPRESENTATION('',(#11,#37,#41,#45,#49,#53,#57,#61,#65,#69,
    #73,#77,#81),#85);
#37 = AXIS2_PLACEMENT_3D('',#38,#39,#40);
#38 = CARTESIAN_POINT('',(0.,0.,0.));
#39 = DIRECTION('',(0.,0.,1.));
#40 = DIRECTION('',(1.,0.,-0.));
#41 = AXIS2_PLACEMENT_3D('',#42,#43,#44);
#42 = CARTESIAN_POINT('',(0.,0.,31.1775));
#43 = DIRECTION('',(0.,0.,1.));
#44 = DIRECTION('',(1.,0.,-0.));
#45 = AXIS2_PLACEMENT_3D('',#46,#47,#48);
#46 = CARTESIAN_POINT('',(0.,0.,0.));
#47 = DIRECTION('',(0.,0.,1.));
#48 = DIRECTION('',(1.,0.,-0.));
#49 = AXIS2_PLACEMENT_3D('',#50,#51,#52);
#50 = CARTESIAN_POINT('',(0.,0.,0.));
#51 = DIRECTION('',(0.,0.,1.));
#52 = DIRECTION('',(1.,0.,-0.));
#53 = AXIS2_PLACEMENT_3D('',#54,#55,#56);
#54 = CARTESIAN_POINT('',(0.,0.,0.));
#55 = DIRECTION('',(0.,0.,1.));
#56 = DIRECTION('',(1.,0.,-0.));
#57 = AXIS2_PLACEMENT_3D('',#58,#59,#60);
#58 = CARTESIAN_POINT('',(0.,0.,0.));
#59 = DIRECTION('',(0.,0.,1.));
#60 = DIRECTION('',(1.,0.,-0.));
#61 = AXIS2_PLACEMENT_3D('',#62,#63,#64);
#62 = CARTESIAN_POINT('',(148.175,60.,33.25));
#63 = DIRECTION('',(1.,-0.,2.22044604925E-16));
#64 = DIRECTION('',(2.22044604925E-16,0.,-1.));
#65 = AXIS2_PLACEMENT_3D('',#66,#67,#68);
#66 = CARTESIAN_POINT('',(0.,0.,0.));
#67 = DIRECTION('',(0.,0.,1.));
#68 = DIRECTION('',(1.,0.,-0.));
#69 = AXIS2_PLACEMENT_3D('',#70,#71,#72);
#70 = CARTESIAN_POINT('',(0.,0.,0.));
#71 = DIRECTION('',(0.,0.,1.));
#72 = DIRECTION('',(1.,0.,-0.));
#73 = AXIS2_PLACEMENT_3D('',#74,#75,#76);
#74 = CARTESIAN_POINT('',(0.,0.,0.));
#75 = DIRECTION('',(0.,0.,1.));
#76 = DIRECTION('',(1.,0.,-0.));
#77 = AXIS2_PLACEMENT_3D('',#78,#79,#80);
#78 = CARTESIAN_POINT('',(-148.175,-43.,19.85));
#79 = DIRECTION('',(0.,0.,1.));
#80 = DIRECTION('',(1.,0.,-0.));
#81 = AXIS2_PLACEMENT_3D('',#82,#83,#84);
#82 = CARTESIAN_POINT('',(0.,0.,0.));
#83 = DIRECTION('',(0.,0.,1.));
#84 = DIRECTION('',(1.,0.,-0.));
#85 = ( GEOMETRIC_REPRESENTATION_CONTEXT(3) 
GLOBAL_UNCERTAINTY_ASSIGNED_CONTEXT((#89)) GLOBAL_UNIT_ASSIGNED_CONTEXT(
(#86,#87,#88)) REPRESENTATION_CONTEXT('Context #1',
  '3D Context with UNIT and UNCERTAINTY') );
#86 = ( LENGTH_UNIT() NAMED_UNIT(*) SI_UNIT(.MILLI.,.METRE.) );
#87 = ( NAMED_UNIT(*) PLANE_ANGLE_UNIT() SI_UNIT($,.RADIAN.) );
#88 = ( NAMED_UNIT(*) SI_UNIT($,.STERADIAN.) SOLID_ANGLE_UNIT() );
#89 = UNCERTAINTY_MEASURE_WITH_UNIT(LENGTH_MEASURE(1.E-07),#86,
  'distance_accuracy_value','confusion accuracy');
#90 = CONTEXT_DEPENDENT_SHAPE_REPRESENTATION(#91,#93);
#91 = ( REPRESENTATION_RELATIONSHIP('','',#36,#10) 
REPRESENTATION_RELATIONSHIP_WITH_TRANSFORMATION(#92) 
SHAPE_REPRESENTATION_RELATIONSHIP() );
#92 = ITEM_DEFINED_TRANSFORMATION('','',#11,#15);
#93 = PRODUCT_DEFINITION_SHAPE('Placement','Placement of an item',#94);
#94 = NEXT_ASSEMBLY_USAGE_OCCURRENCE('13','=>[0:1:1:2]','',#5,#31,$);
#95 = PRODUCT_RELATED_PRODUCT_CATEGORY('part',$,(#33));
#96 = SHAPE_DEFINITION_REPRESENTATION(#97,#103);
#97 = PRODUCT_DEFINITION_SHAPE('','',#98);
#98 = PRODUCT_DEFINITION('design','',#99,#102);
#99 = PRODUCT_DEFINITION_FORMATION('','',#100);
#100 = PRODUCT('COMPOUND','COMPOUND','',(#101));
#101 = PRODUCT_CONTEXT('',#2,'mechanical');
#102 = PRODUCT_DEFINITION_CONTEXT('part definition',#2,'design');
#103 = ADVANCED_BREP_SHAPE_REPRESENTATION('',(#11,#104),#6530);
#104 = MANIFOLD_SOLID_BREP('',#105);
#105 = CLOSED_SHELL('',(#106,#332,#408,#1483,#2558,#2585,#2654,#2701,
    #2748,#2773,#2786,#2862,#2911,#2960,#2987,#3063,#3112,#3161,#3188,
    #3264,#3313,#3362,#3389,#3465,#3514,#3563,#3590,#3666,#3715,#3764,
    #3791,#3867,#3916,#3965,#3992,#4068,#4117,#4166,#4193,#4269,#4318,
    #4367,#4394,#4470,#4519,#4568,#4595,#4671,#4720,#4769,#4796,#4872,
    #4921,#4970,#4997,#5073,#5122,#5171,#5198,#5274,#5323,#5372,#5399,
    #5475,#5524,#5573,#5600,#5676,#5725,#5774,#5801,#5877,#5926,#5975,
    #6002,#6078,#6127,#6176,#6203,#6279,#6328,#6377,#6404,#6411,#6418,
    #6425,#6432,#6439,#6446,#6453,#6460,#6467,#6474,#6481,#6488,#6495,
    #6502,#6509,#6516,#6523));
#106 = ADVANCED_FACE('',(#107,#226),#121,.F.);
#107 = FACE_BOUND('',#108,.F.);
#108 = EDGE_LOOP('',(#109,#144,#172,#200));
#109 = ORIENTED_EDGE('',*,*,#110,.F.);
#110 = EDGE_CURVE('',#111,#113,#115,.T.);
#111 = VERTEX_POINT('',#112);
#112 = CARTESIAN_POINT('',(-140.,-76.2,7.85));
#113 = VERTEX_POINT('',#114);
#114 = CARTESIAN_POINT('',(-140.,-76.2,58.65));
#115 = SURFACE_CURVE('',#116,(#120,#132),.PCURVE_S1.);
#116 = LINE('',#117,#118);
#117 = CARTESIAN_POINT('',(-140.,-76.2,7.85));
#118 = VECTOR('',#119,1.);
#119 = DIRECTION('',(0.,0.,1.));
#120 = PCURVE('',#121,#126);
#121 = PLANE('',#122);
#122 = AXIS2_PLACEMENT_3D('',#123,#124,#125);
#123 = CARTESIAN_POINT('',(-140.,-76.2,7.85));
#124 = DIRECTION('',(1.,0.,-0.));
#125 = DIRECTION('',(0.,0.,1.));
#126 = DEFINITIONAL_REPRESENTATION('',(#127),#131);
#127 = LINE('',#128,#129);
#128 = CARTESIAN_POINT('',(0.,0.));
#129 = VECTOR('',#130,1.);
#130 = DIRECTION('',(1.,0.));
#131 = ( GEOMETRIC_REPRESENTATION_CONTEXT(2) 
PARAMETRIC_REPRESENTATION_CONTEXT() REPRESENTATION_CONTEXT('2D SPACE',''
  ) );
#132 = PCURVE('',#133,#138);
#133 = PLANE('',#134);
#134 = AXIS2_PLACEMENT_3D('',#135,#136,#137);
#135 = CARTESIAN_POINT('',(-140.,-76.2,7.85));
#136 = DIRECTION('',(-0.,1.,0.));
#137 = DIRECTION('',(0.,0.,1.));
#138 = DEFINITIONAL_REPRESENTATION('',(#139),#143);
#139 = LINE('',#140,#141);
#140 = CARTESIAN_POINT('',(0.,0.));
#141 = VECTOR('',#142,1.);
#142 = DIRECTION('',(1.,0.));
#143 = ( GEOMETRIC_REPRESENTATION_CONTEXT(2) 
PARAMETRIC_REPRESENTATION_CONTEXT() REPRESENTATION_CONTEXT('2D SPACE',''
  ) );
#144 = ORIENTED_EDGE('',*,*,#145,.T.);
#145 = EDGE_CURVE('',#111,#146,#148,.T.);
#146 = VERTEX_POINT('',#147);
#147 = CARTESIAN_POINT('',(-140.,76.2,7.85));
#148 = SURFACE_CURVE('',#149,(#153,#160),.PCURVE_S1.);
#149 = LINE('',#150,#151);
#150 = CARTESIAN_POINT('',(-140.,-76.2,7.85));
#151 = VECTOR('',#152,1.);
#152 = DIRECTION('',(-0.,1.,0.));
#153 = PCURVE('',#121,#154);
#154 = DEFINITIONAL_REPRESENTATION('',(#155),#159);
#155 = LINE('',#156,#157);
#156 = CARTESIAN_POINT('',(0.,0.));
#157 = VECTOR('',#158,1.);
#158 = DIRECTION('',(0.,-1.));
#159 = ( GEOMETRIC_REPRESENTATION_CONTEXT(2) 
PARAMETRIC_REPRESENTATION_CONTEXT() REPRESENTATION_CONTEXT('2D SPACE',''
  ) );
#160 = PCURVE('',#161,#166);
#161 = PLANE('',#162);
#162 = AXIS2_PLACEMENT_3D('',#163,#164,#165);
#163 = CARTESIAN_POINT('',(-140.,-76.2,7.85));
#164 = DIRECTION('',(0.,0.,1.));
#165 = DIRECTION('',(1.,0.,-0.));
#166 = DEFINITIONAL_REPRESENTATION('',(#167),#171);
#167 = LINE('',#168,#169);
#168 = CARTESIAN_POINT('',(0.,0.));
#169 = VECTOR('',#170,1.);
#170 = DIRECTION('',(0.,1.));
#171 = ( GEOMETRIC_REPRESENTATION_CONTEXT(2) 
PARAMETRIC_REPRESENTATION_CONTEXT() REPRESENTATION_CONTEXT('2D SPACE',''
  ) );
#172 = ORIENTED_EDGE('',*,*,#173,.T.);
#173 = EDGE_CURVE('',#146,#174,#176,.T.);
#174 = VERTEX_POINT('',#175);
#175 = CARTESIAN_POINT('',(-140.,76.2,58.65));
#176 = SURFACE_CURVE('',#177,(#181,#188),.PCURVE_S1.);
#177 = LINE('',#178,#179);
#178 = CARTESIAN_POINT('',(-140.,76.2,7.85));
#179 = VECTOR('',#180,1.);
#180 = DIRECTION('',(0.,0.,1.));
#181 = PCURVE('',#121,#182);
#182 = DEFINITIONAL_REPRESENTATION('',(#183),#187);
#183 = LINE('',#184,#185);
#184 = CARTESIAN_POINT('',(0.,-152.4));
#185 = VECTOR('',#186,1.);
#186 = DIRECTION('',(1.,0.));
#187 = ( GEOMETRIC_REPRESENTATION_CONTEXT(2) 
PARAMETRIC_REPRESENTATION_CONTEXT() REPRESENTATION_CONTEXT('2D SPACE',''
  ) );
#188 = PCURVE('',#189,#194);
#189 = PLANE('',#190);
#190 = AXIS2_PLACEMENT_3D('',#191,#192,#193);
#191 = CARTESIAN_POINT('',(-140.,76.2,7.85));
#192 = DIRECTION('',(-0.,1.,0.));
#193 = DIRECTION('',(0.,0.,1.));
#194 = DEFINITIONAL_REPRESENTATION('',(#195),#199);
#195 = LINE('',#196,#197);
#196 = CARTESIAN_POINT('',(0.,0.));
#197 = VECTOR('',#198,1.);
#198 = DIRECTION('',(1.,0.));
#199 = ( GEOMETRIC_REPRESENTATION_CONTEXT(2) 
PARAMETRIC_REPRESENTATION_CONTEXT() REPRESENTATION_CONTEXT('2D SPACE',''
  ) );
#200 = ORIENTED_EDGE('',*,*,#201,.F.);
#201 = EDGE_CURVE('',#113,#174,#202,.T.);
#202 = SURFACE_CURVE('',#203,(#207,#214),.PCURVE_S1.);
#203 = LINE('',#204,#205);
#204 = CARTESIAN_POINT('',(-140.,-76.2,58.65));
#205 = VECTOR('',#206,1.);
#206 = DIRECTION('',(-0.,1.,0.));
#207 = PCURVE('',#121,#208);
#208 = DEFINITIONAL_REPRESENTATION('',(#209),#213);
#209 = LINE('',#210,#211);
#210 = CARTESIAN_POINT('',(50.8,0.));
#211 = VECTOR('',#212,1.);
#212 = DIRECTION('',(0.,-1.));
#213 = ( GEOMETRIC_REPRESENTATION_CONTEXT(2) 
PARAMETRIC_REPRESENTATION_CONTEXT() REPRESENTATION_CONTEXT('2D SPACE',''
  ) );
#214 = PCURVE('',#215,#220);
#215 = PLANE('',#216);
#216 = AXIS2_PLACEMENT_3D('',#217,#218,#219);
#217 = CARTESIAN_POINT('',(-140.,-76.2,58.65));
#218 = DIRECTION('',(0.,0.,1.));
#219 = DIRECTION('',(1.,0.,-0.));
#220 = DEFINITIONAL_REPRESENTATION('',(#221),#225);
#221 = LINE('',#222,#223);
#222 = CARTESIAN_POINT('',(0.,0.));
#223 = VECTOR('',#224,1.);
#224 = DIRECTION('',(0.,1.));
#225 = ( GEOMETRIC_REPRESENTATION_CONTEXT(2) 
PARAMETRIC_REPRESENTATION_CONTEXT() REPRESENTATION_CONTEXT('2D SPACE',''
  ) );
#226 = FACE_BOUND('',#227,.F.);
#227 = EDGE_LOOP('',(#228,#256,#282,#308));
#228 = ORIENTED_EDGE('',*,*,#229,.T.);
#229 = EDGE_CURVE('',#230,#232,#234,.T.);
#230 = VERTEX_POINT('',#231);
#231 = CARTESIAN_POINT('',(-140.,73.025,11.025));
#232 = VERTEX_POINT('',#233);
#233 = CARTESIAN_POINT('',(-140.,-73.025,11.025));
#234 = SURFACE_CURVE('',#235,(#239,#245),.PCURVE_S1.);
#235 = LINE('',#236,#237);
#236 = CARTESIAN_POINT('',(-140.,-74.6125,11.025));
#237 = VECTOR('',#238,1.);
#238 = DIRECTION('',(0.,-1.,0.));
#239 = PCURVE('',#121,#240);
#240 = DEFINITIONAL_REPRESENTATION('',(#241),#244);
#241 = B_SPLINE_CURVE_WITH_KNOTS('',1,(#242,#243),.UNSPECIFIED.,.F.,.F.,
  (2,2),(-147.6375,-1.5875),.PIECEWISE_BEZIER_KNOTS.);
#242 = CARTESIAN_POINT('',(3.175,-149.225));
#243 = CARTESIAN_POINT('',(3.175,-3.175));
#244 = ( GEOMETRIC_REPRESENTATION_CONTEXT(2) 
PARAMETRIC_REPRESENTATION_CONTEXT() REPRESENTATION_CONTEXT('2D SPACE',''
  ) );
#245 = PCURVE('',#246,#251);
#246 = PLANE('',#247);
#247 = AXIS2_PLACEMENT_3D('',#248,#249,#250);
#248 = CARTESIAN_POINT('',(-141.,-73.025,11.025));
#249 = DIRECTION('',(0.,0.,1.));
#250 = DIRECTION('',(1.,0.,-0.));
#251 = DEFINITIONAL_REPRESENTATION('',(#252),#255);
#252 = B_SPLINE_CURVE_WITH_KNOTS('',1,(#253,#254),.UNSPECIFIED.,.F.,.F.,
  (2,2),(-147.6375,-1.5875),.PIECEWISE_BEZIER_KNOTS.);
#253 = CARTESIAN_POINT('',(1.,146.05));
#254 = CARTESIAN_POINT('',(1.,0.));
#255 = ( GEOMETRIC_REPRESENTATION_CONTEXT(2) 
PARAMETRIC_REPRESENTATION_CONTEXT() REPRESENTATION_CONTEXT('2D SPACE',''
  ) );
#256 = ORIENTED_EDGE('',*,*,#257,.T.);
#257 = EDGE_CURVE('',#232,#258,#260,.T.);
#258 = VERTEX_POINT('',#259);
#259 = CARTESIAN_POINT('',(-140.,-73.025,55.475));
#260 = SURFACE_CURVE('',#261,(#265,#271),.PCURVE_S1.);
#261 = LINE('',#262,#263);
#262 = CARTESIAN_POINT('',(-140.,-73.025,9.4375));
#263 = VECTOR('',#264,1.);
#264 = DIRECTION('',(0.,0.,1.));
#265 = PCURVE('',#121,#266);
#266 = DEFINITIONAL_REPRESENTATION('',(#267),#270);
#267 = B_SPLINE_CURVE_WITH_KNOTS('',1,(#268,#269),.UNSPECIFIED.,.F.,.F.,
  (2,2),(1.5875,46.0375),.PIECEWISE_BEZIER_KNOTS.);
#268 = CARTESIAN_POINT('',(3.175,-3.175));
#269 = CARTESIAN_POINT('',(47.625,-3.175));
#270 = ( GEOMETRIC_REPRESENTATION_CONTEXT(2) 
PARAMETRIC_REPRESENTATION_CONTEXT() REPRESENTATION_CONTEXT('2D SPACE',''
  ) );
#271 = PCURVE('',#272,#277);
#272 = PLANE('',#273);
#273 = AXIS2_PLACEMENT_3D('',#274,#275,#276);
#274 = CARTESIAN_POINT('',(-141.,-73.025,11.025));
#275 = DIRECTION('',(-0.,1.,0.));
#276 = DIRECTION('',(0.,0.,1.));
#277 = DEFINITIONAL_REPRESENTATION('',(#278),#281);
#278 = B_SPLINE_CURVE_WITH_KNOTS('',1,(#279,#280),.UNSPECIFIED.,.F.,.F.,
  (2,2),(1.5875,46.0375),.PIECEWISE_BEZIER_KNOTS.);
#279 = CARTESIAN_POINT('',(0.,1.));
#280 = CARTESIAN_POINT('',(44.45,1.));
#281 = ( GEOMETRIC_REPRESENTATION_CONTEXT(2) 
PARAMETRIC_REPRESENTATION_CONTEXT() REPRESENTATION_CONTEXT('2D SPACE',''
  ) );
#282 = ORIENTED_EDGE('',*,*,#283,.F.);
#283 = EDGE_CURVE('',#284,#258,#286,.T.);
#284 = VERTEX_POINT('',#285);
#285 = CARTESIAN_POINT('',(-140.,73.025,55.475));
#286 = SURFACE_CURVE('',#287,(#291,#297),.PCURVE_S1.);
#287 = LINE('',#288,#289);
#288 = CARTESIAN_POINT('',(-140.,-74.6125,55.475));
#289 = VECTOR('',#290,1.);
#290 = DIRECTION('',(0.,-1.,0.));
#291 = PCURVE('',#121,#292);
#292 = DEFINITIONAL_REPRESENTATION('',(#293),#296);
#293 = B_SPLINE_CURVE_WITH_KNOTS('',1,(#294,#295),.UNSPECIFIED.,.F.,.F.,
  (2,2),(-147.6375,-1.5875),.PIECEWISE_BEZIER_KNOTS.);
#294 = CARTESIAN_POINT('',(47.625,-149.225));
#295 = CARTESIAN_POINT('',(47.625,-3.175));
#296 = ( GEOMETRIC_REPRESENTATION_CONTEXT(2) 
PARAMETRIC_REPRESENTATION_CONTEXT() REPRESENTATION_CONTEXT('2D SPACE',''
  ) );
#297 = PCURVE('',#298,#303);
#298 = PLANE('',#299);
#299 = AXIS2_PLACEMENT_3D('',#300,#301,#302);
#300 = CARTESIAN_POINT('',(-141.,-73.025,55.475));
#301 = DIRECTION('',(0.,0.,1.));
#302 = DIRECTION('',(1.,0.,-0.));
#303 = DEFINITIONAL_REPRESENTATION('',(#304),#307);
#304 = B_SPLINE_CURVE_WITH_KNOTS('',1,(#305,#306),.UNSPECIFIED.,.F.,.F.,
  (2,2),(-147.6375,-1.5875),.PIECEWISE_BEZIER_KNOTS.);
#305 = CARTESIAN_POINT('',(1.,146.05));
#306 = CARTESIAN_POINT('',(1.,0.));
#307 = ( GEOMETRIC_REPRESENTATION_CONTEXT(2) 
PARAMETRIC_REPRESENTATION_CONTEXT() REPRESENTATION_CONTEXT('2D SPACE',''
  ) );
#308 = ORIENTED_EDGE('',*,*,#309,.F.);
#309 = EDGE_CURVE('',#230,#284,#310,.T.);
#310 = SURFACE_CURVE('',#311,(#315,#321),.PCURVE_S1.);
#311 = LINE('',#312,#313);
#312 = CARTESIAN_POINT('',(-140.,73.025,9.4375));
#313 = VECTOR('',#314,1.);
#314 = DIRECTION('',(0.,0.,1.));
#315 = PCURVE('',#121,#316);
#316 = DEFINITIONAL_REPRESENTATION('',(#317),#320);
#317 = B_SPLINE_CURVE_WITH_KNOTS('',1,(#318,#319),.UNSPECIFIED.,.F.,.F.,
  (2,2),(1.5875,46.0375),.PIECEWISE_BEZIER_KNOTS.);
#318 = CARTESIAN_POINT('',(3.175,-149.225));
#319 = CARTESIAN_POINT('',(47.625,-149.225));
#320 = ( GEOMETRIC_REPRESENTATION_CONTEXT(2) 
PARAMETRIC_REPRESENTATION_CONTEXT() REPRESENTATION_CONTEXT('2D SPACE',''
  ) );
#321 = PCURVE('',#322,#327);
#322 = PLANE('',#323);
#323 = AXIS2_PLACEMENT_3D('',#324,#325,#326);
#324 = CARTESIAN_POINT('',(-141.,73.025,11.025));
#325 = DIRECTION('',(-0.,1.,0.));
#326 = DIRECTION('',(0.,0.,1.));
#327 = DEFINITIONAL_REPRESENTATION('',(#328),#331);
#328 = B_SPLINE_CURVE_WITH_KNOTS('',1,(#329,#330),.UNSPECIFIED.,.F.,.F.,
  (2,2),(1.5875,46.0375),.PIECEWISE_BEZIER_KNOTS.);
#329 = CARTESIAN_POINT('',(0.,1.));
#330 = CARTESIAN_POINT('',(44.45,1.));
#331 = ( GEOMETRIC_REPRESENTATION_CONTEXT(2) 
PARAMETRIC_REPRESENTATION_CONTEXT() REPRESENTATION_CONTEXT('2D SPACE',''
  ) );
#332 = ADVANCED_FACE('',(#333),#133,.F.);
#333 = FACE_BOUND('',#334,.F.);
#334 = EDGE_LOOP('',(#335,#358,#359,#382));
#335 = ORIENTED_EDGE('',*,*,#336,.F.);
#336 = EDGE_CURVE('',#111,#337,#339,.T.);
#337 = VERTEX_POINT('',#338);
#338 = CARTESIAN_POINT('',(140.,-76.2,7.85));
#339 = SURFACE_CURVE('',#340,(#344,#351),.PCURVE_S1.);
#340 = LINE('',#341,#342);
#341 = CARTESIAN_POINT('',(-140.,-76.2,7.85));
#342 = VECTOR('',#343,1.);
#343 = DIRECTION('',(1.,0.,-0.));
#344 = PCURVE('',#133,#345);
#345 = DEFINITIONAL_REPRESENTATION('',(#346),#350);
#346 = LINE('',#347,#348);
#347 = CARTESIAN_POINT('',(0.,0.));
#348 = VECTOR('',#349,1.);
#349 = DIRECTION('',(0.,1.));
#350 = ( GEOMETRIC_REPRESENTATION_CONTEXT(2) 
PARAMETRIC_REPRESENTATION_CONTEXT() REPRESENTATION_CONTEXT('2D SPACE',''
  ) );
#351 = PCURVE('',#161,#352);
#352 = DEFINITIONAL_REPRESENTATION('',(#353),#357);
#353 = LINE('',#354,#355);
#354 = CARTESIAN_POINT('',(0.,0.));
#355 = VECTOR('',#356,1.);
#356 = DIRECTION('',(1.,0.));
#357 = ( GEOMETRIC_REPRESENTATION_CONTEXT(2) 
PARAMETRIC_REPRESENTATION_CONTEXT() REPRESENTATION_CONTEXT('2D SPACE',''
  ) );
#358 = ORIENTED_EDGE('',*,*,#110,.T.);
#359 = ORIENTED_EDGE('',*,*,#360,.T.);
#360 = EDGE_CURVE('',#113,#361,#363,.T.);
#361 = VERTEX_POINT('',#362);
#362 = CARTESIAN_POINT('',(140.,-76.2,58.65));
#363 = SURFACE_CURVE('',#364,(#368,#375),.PCURVE_S1.);
#364 = LINE('',#365,#366);
#365 = CARTESIAN_POINT('',(-140.,-76.2,58.65));
#366 = VECTOR('',#367,1.);
#367 = DIRECTION('',(1.,0.,-0.));
#368 = PCURVE('',#133,#369);
#369 = DEFINITIONAL_REPRESENTATION('',(#370),#374);
#370 = LINE('',#371,#372);
#371 = CARTESIAN_POINT('',(50.8,0.));
#372 = VECTOR('',#373,1.);
#373 = DIRECTION('',(0.,1.));
#374 = ( GEOMETRIC_REPRESENTATION_CONTEXT(2) 
PARAMETRIC_REPRESENTATION_CONTEXT() REPRESENTATION_CONTEXT('2D SPACE',''
  ) );
#375 = PCURVE('',#215,#376);
#376 = DEFINITIONAL_REPRESENTATION('',(#377),#381);
#377 = LINE('',#378,#379);
#378 = CARTESIAN_POINT('',(0.,0.));
#379 = VECTOR('',#380,1.);
#380 = DIRECTION('',(1.,0.));
#381 = ( GEOMETRIC_REPRESENTATION_CONTEXT(2) 
PARAMETRIC_REPRESENTATION_CONTEXT() REPRESENTATION_CONTEXT('2D SPACE',''
  ) );
#382 = ORIENTED_EDGE('',*,*,#383,.F.);
#383 = EDGE_CURVE('',#337,#361,#384,.T.);
#384 = SURFACE_CURVE('',#385,(#389,#396),.PCURVE_S1.);
#385 = LINE('',#386,#387);
#386 = CARTESIAN_POINT('',(140.,-76.2,7.85));
#387 = VECTOR('',#388,1.);
#388 = DIRECTION('',(0.,0.,1.));
#389 = PCURVE('',#133,#390);
#390 = DEFINITIONAL_REPRESENTATION('',(#391),#395);
#391 = LINE('',#392,#393);
#392 = CARTESIAN_POINT('',(0.,280.));
#393 = VECTOR('',#394,1.);
#394 = DIRECTION('',(1.,0.));
#395 = ( GEOMETRIC_REPRESENTATION_CONTEXT(2) 
PARAMETRIC_REPRESENTATION_CONTEXT() REPRESENTATION_CONTEXT('2D SPACE',''
  ) );
#396 = PCURVE('',#397,#402);
#397 = PLANE('',#398);
#398 = AXIS2_PLACEMENT_3D('',#399,#400,#401);
#399 = CARTESIAN_POINT('',(140.,-76.2,7.85));
#400 = DIRECTION('',(1.,0.,-0.));
#401 = DIRECTION('',(0.,0.,1.));
#402 = DEFINITIONAL_REPRESENTATION('',(#403),#407);
#403 = LINE('',#404,#405);
#404 = CARTESIAN_POINT('',(0.,0.));
#405 = VECTOR('',#406,1.);
#406 = DIRECTION('',(1.,0.));
#407 = ( GEOMETRIC_REPRESENTATION_CONTEXT(2) 
PARAMETRIC_REPRESENTATION_CONTEXT() REPRESENTATION_CONTEXT('2D SPACE',''
  ) );
#408 = ADVANCED_FACE('',(#409,#457,#571,#685,#799,#913,#1027,#1141,#1255
    ,#1369),#215,.T.);
#409 = FACE_BOUND('',#410,.T.);
#410 = EDGE_LOOP('',(#411,#412,#413,#436));
#411 = ORIENTED_EDGE('',*,*,#201,.F.);
#412 = ORIENTED_EDGE('',*,*,#360,.T.);
#413 = ORIENTED_EDGE('',*,*,#414,.T.);
#414 = EDGE_CURVE('',#361,#415,#417,.T.);
#415 = VERTEX_POINT('',#416);
#416 = CARTESIAN_POINT('',(140.,76.2,58.65));
#417 = SURFACE_CURVE('',#418,(#422,#429),.PCURVE_S1.);
#418 = LINE('',#419,#420);
#419 = CARTESIAN_POINT('',(140.,-76.2,58.65));
#420 = VECTOR('',#421,1.);
#421 = DIRECTION('',(-0.,1.,0.));
#422 = PCURVE('',#215,#423);
#423 = DEFINITIONAL_REPRESENTATION('',(#424),#428);
#424 = LINE('',#425,#426);
#425 = CARTESIAN_POINT('',(280.,0.));
#426 = VECTOR('',#427,1.);
#427 = DIRECTION('',(0.,1.));
#428 = ( GEOMETRIC_REPRESENTATION_CONTEXT(2) 
PARAMETRIC_REPRESENTATION_CONTEXT() REPRESENTATION_CONTEXT('2D SPACE',''
  ) );
#429 = PCURVE('',#397,#430);
#430 = DEFINITIONAL_REPRESENTATION('',(#431),#435);
#431 = LINE('',#432,#433);
#432 = CARTESIAN_POINT('',(50.8,0.));
#433 = VECTOR('',#434,1.);
#434 = DIRECTION('',(0.,-1.));
#435 = ( GEOMETRIC_REPRESENTATION_CONTEXT(2) 
PARAMETRIC_REPRESENTATION_CONTEXT() REPRESENTATION_CONTEXT('2D SPACE',''
  ) );
#436 = ORIENTED_EDGE('',*,*,#437,.F.);
#437 = EDGE_CURVE('',#174,#415,#438,.T.);
#438 = SURFACE_CURVE('',#439,(#443,#450),.PCURVE_S1.);
#439 = LINE('',#440,#441);
#440 = CARTESIAN_POINT('',(-140.,76.2,58.65));
#441 = VECTOR('',#442,1.);
#442 = DIRECTION('',(1.,0.,-0.));
#443 = PCURVE('',#215,#444);
#444 = DEFINITIONAL_REPRESENTATION('',(#445),#449);
#445 = LINE('',#446,#447);
#446 = CARTESIAN_POINT('',(0.,152.4));
#447 = VECTOR('',#448,1.);
#448 = DIRECTION('',(1.,0.));
#449 = ( GEOMETRIC_REPRESENTATION_CONTEXT(2) 
PARAMETRIC_REPRESENTATION_CONTEXT() REPRESENTATION_CONTEXT('2D SPACE',''
  ) );
#450 = PCURVE('',#189,#451);
#451 = DEFINITIONAL_REPRESENTATION('',(#452),#456);
#452 = LINE('',#453,#454);
#453 = CARTESIAN_POINT('',(50.8,0.));
#454 = VECTOR('',#455,1.);
#455 = DIRECTION('',(0.,1.));
#456 = ( GEOMETRIC_REPRESENTATION_CONTEXT(2) 
PARAMETRIC_REPRESENTATION_CONTEXT() REPRESENTATION_CONTEXT('2D SPACE',''
  ) );
#457 = FACE_BOUND('',#458,.T.);
#458 = EDGE_LOOP('',(#459,#489,#517,#545));
#459 = ORIENTED_EDGE('',*,*,#460,.T.);
#460 = EDGE_CURVE('',#461,#463,#465,.T.);
#461 = VERTEX_POINT('',#462);
#462 = CARTESIAN_POINT('',(-132.,-66.995,58.65));
#463 = VERTEX_POINT('',#464);
#464 = CARTESIAN_POINT('',(-132.,-65.405,58.65));
#465 = SURFACE_CURVE('',#466,(#470,#477),.PCURVE_S1.);
#466 = LINE('',#467,#468);
#467 = CARTESIAN_POINT('',(-132.,-66.995,58.65));
#468 = VECTOR('',#469,1.);
#469 = DIRECTION('',(-0.,1.,0.));
#470 = PCURVE('',#215,#471);
#471 = DEFINITIONAL_REPRESENTATION('',(#472),#476);
#472 = LINE('',#473,#474);
#473 = CARTESIAN_POINT('',(8.,9.205));
#474 = VECTOR('',#475,1.);
#475 = DIRECTION('',(0.,1.));
#476 = ( GEOMETRIC_REPRESENTATION_CONTEXT(2) 
PARAMETRIC_REPRESENTATION_CONTEXT() REPRESENTATION_CONTEXT('2D SPACE',''
  ) );
#477 = PCURVE('',#478,#483);
#478 = PLANE('',#479);
#479 = AXIS2_PLACEMENT_3D('',#480,#481,#482);
#480 = CARTESIAN_POINT('',(-132.,-66.995,58.65));
#481 = DIRECTION('',(1.,0.,-0.));
#482 = DIRECTION('',(0.,0.,1.));
#483 = DEFINITIONAL_REPRESENTATION('',(#484),#488);
#484 = LINE('',#485,#486);
#485 = CARTESIAN_POINT('',(0.,0.));
#486 = VECTOR('',#487,1.);
#487 = DIRECTION('',(0.,-1.));
#488 = ( GEOMETRIC_REPRESENTATION_CONTEXT(2) 
PARAMETRIC_REPRESENTATION_CONTEXT() REPRESENTATION_CONTEXT('2D SPACE',''
  ) );
#489 = ORIENTED_EDGE('',*,*,#490,.T.);
#490 = EDGE_CURVE('',#463,#491,#493,.T.);
#491 = VERTEX_POINT('',#492);
#492 = CARTESIAN_POINT('',(44.,-65.405,58.65));
#493 = SURFACE_CURVE('',#494,(#498,#505),.PCURVE_S1.);
#494 = LINE('',#495,#496);
#495 = CARTESIAN_POINT('',(-132.,-65.405,58.65));
#496 = VECTOR('',#497,1.);
#497 = DIRECTION('',(1.,0.,-0.));
#498 = PCURVE('',#215,#499);
#499 = DEFINITIONAL_REPRESENTATION('',(#500),#504);
#500 = LINE('',#501,#502);
#501 = CARTESIAN_POINT('',(8.,10.795));
#502 = VECTOR('',#503,1.);
#503 = DIRECTION('',(1.,0.));
#504 = ( GEOMETRIC_REPRESENTATION_CONTEXT(2) 
PARAMETRIC_REPRESENTATION_CONTEXT() REPRESENTATION_CONTEXT('2D SPACE',''
  ) );
#505 = PCURVE('',#506,#511);
#506 = PLANE('',#507);
#507 = AXIS2_PLACEMENT_3D('',#508,#509,#510);
#508 = CARTESIAN_POINT('',(-132.,-65.405,58.65));
#509 = DIRECTION('',(-0.,1.,0.));
#510 = DIRECTION('',(0.,0.,1.));
#511 = DEFINITIONAL_REPRESENTATION('',(#512),#516);
#512 = LINE('',#513,#514);
#513 = CARTESIAN_POINT('',(0.,0.));
#514 = VECTOR('',#515,1.);
#515 = DIRECTION('',(0.,1.));
#516 = ( GEOMETRIC_REPRESENTATION_CONTEXT(2) 
PARAMETRIC_REPRESENTATION_CONTEXT() REPRESENTATION_CONTEXT('2D SPACE',''
  ) );
#517 = ORIENTED_EDGE('',*,*,#518,.F.);
#518 = EDGE_CURVE('',#519,#491,#521,.T.);
#519 = VERTEX_POINT('',#520);
#520 = CARTESIAN_POINT('',(44.,-66.995,58.65));
#521 = SURFACE_CURVE('',#522,(#526,#533),.PCURVE_S1.);
#522 = LINE('',#523,#524);
#523 = CARTESIAN_POINT('',(44.,-66.995,58.65));
#524 = VECTOR('',#525,1.);
#525 = DIRECTION('',(-0.,1.,0.));
#526 = PCURVE('',#215,#527);
#527 = DEFINITIONAL_REPRESENTATION('',(#528),#532);
#528 = LINE('',#529,#530);
#529 = CARTESIAN_POINT('',(184.,9.205));
#530 = VECTOR('',#531,1.);
#531 = DIRECTION('',(0.,1.));
#532 = ( GEOMETRIC_REPRESENTATION_CONTEXT(2) 
PARAMETRIC_REPRESENTATION_CONTEXT() REPRESENTATION_CONTEXT('2D SPACE',''
  ) );
#533 = PCURVE('',#534,#539);
#534 = PLANE('',#535);
#535 = AXIS2_PLACEMENT_3D('',#536,#537,#538);
#536 = CARTESIAN_POINT('',(44.,-66.995,58.65));
#537 = DIRECTION('',(1.,0.,-0.));
#538 = DIRECTION('',(0.,0.,1.));
#539 = DEFINITIONAL_REPRESENTATION('',(#540),#544);
#540 = LINE('',#541,#542);
#541 = CARTESIAN_POINT('',(0.,0.));
#542 = VECTOR('',#543,1.);
#543 = DIRECTION('',(0.,-1.));
#544 = ( GEOMETRIC_REPRESENTATION_CONTEXT(2) 
PARAMETRIC_REPRESENTATION_CONTEXT() REPRESENTATION_CONTEXT('2D SPACE',''
  ) );
#545 = ORIENTED_EDGE('',*,*,#546,.F.);
#546 = EDGE_CURVE('',#461,#519,#547,.T.);
#547 = SURFACE_CURVE('',#548,(#552,#559),.PCURVE_S1.);
#548 = LINE('',#549,#550);
#549 = CARTESIAN_POINT('',(-132.,-66.995,58.65));
#550 = VECTOR('',#551,1.);
#551 = DIRECTION('',(1.,0.,-0.));
#552 = PCURVE('',#215,#553);
#553 = DEFINITIONAL_REPRESENTATION('',(#554),#558);
#554 = LINE('',#555,#556);
#555 = CARTESIAN_POINT('',(8.,9.205));
#556 = VECTOR('',#557,1.);
#557 = DIRECTION('',(1.,0.));
#558 = ( GEOMETRIC_REPRESENTATION_CONTEXT(2) 
PARAMETRIC_REPRESENTATION_CONTEXT() REPRESENTATION_CONTEXT('2D SPACE',''
  ) );
#559 = PCURVE('',#560,#565);
#560 = PLANE('',#561);
#561 = AXIS2_PLACEMENT_3D('',#562,#563,#564);
#562 = CARTESIAN_POINT('',(-132.,-66.995,58.65));
#563 = DIRECTION('',(-0.,1.,0.));
#564 = DIRECTION('',(0.,0.,1.));
#565 = DEFINITIONAL_REPRESENTATION('',(#566),#570);
#566 = LINE('',#567,#568);
#567 = CARTESIAN_POINT('',(0.,0.));
#568 = VECTOR('',#569,1.);
#569 = DIRECTION('',(0.,1.));
#570 = ( GEOMETRIC_REPRESENTATION_CONTEXT(2) 
PARAMETRIC_REPRESENTATION_CONTEXT() REPRESENTATION_CONTEXT('2D SPACE',''
  ) );
#571 = FACE_BOUND('',#572,.T.);
#572 = EDGE_LOOP('',(#573,#603,#631,#659));
#573 = ORIENTED_EDGE('',*,*,#574,.T.);
#574 = EDGE_CURVE('',#575,#577,#579,.T.);
#575 = VERTEX_POINT('',#576);
#576 = CARTESIAN_POINT('',(-132.,-50.445,58.65));
#577 = VERTEX_POINT('',#578);
#578 = CARTESIAN_POINT('',(-132.,-48.855,58.65));
#579 = SURFACE_CURVE('',#580,(#584,#591),.PCURVE_S1.);
#580 = LINE('',#581,#582);
#581 = CARTESIAN_POINT('',(-132.,-50.445,58.65));
#582 = VECTOR('',#583,1.);
#583 = DIRECTION('',(-0.,1.,0.));
#584 = PCURVE('',#215,#585);
#585 = DEFINITIONAL_REPRESENTATION('',(#586),#590);
#586 = LINE('',#587,#588);
#587 = CARTESIAN_POINT('',(8.,25.755));
#588 = VECTOR('',#589,1.);
#589 = DIRECTION('',(0.,1.));
#590 = ( GEOMETRIC_REPRESENTATION_CONTEXT(2) 
PARAMETRIC_REPRESENTATION_CONTEXT() REPRESENTATION_CONTEXT('2D SPACE',''
  ) );
#591 = PCURVE('',#592,#597);
#592 = PLANE('',#593);
#593 = AXIS2_PLACEMENT_3D('',#594,#595,#596);
#594 = CARTESIAN_POINT('',(-132.,-50.445,58.65));
#595 = DIRECTION('',(1.,0.,-0.));
#596 = DIRECTION('',(0.,0.,1.));
#597 = DEFINITIONAL_REPRESENTATION('',(#598),#602);
#598 = LINE('',#599,#600);
#599 = CARTESIAN_POINT('',(0.,0.));
#600 = VECTOR('',#601,1.);
#601 = DIRECTION('',(0.,-1.));
#602 = ( GEOMETRIC_REPRESENTATION_CONTEXT(2) 
PARAMETRIC_REPRESENTATION_CONTEXT() REPRESENTATION_CONTEXT('2D SPACE',''
  ) );
#603 = ORIENTED_EDGE('',*,*,#604,.T.);
#604 = EDGE_CURVE('',#577,#605,#607,.T.);
#605 = VERTEX_POINT('',#606);
#606 = CARTESIAN_POINT('',(44.,-48.855,58.65));
#607 = SURFACE_CURVE('',#608,(#612,#619),.PCURVE_S1.);
#608 = LINE('',#609,#610);
#609 = CARTESIAN_POINT('',(-132.,-48.855,58.65));
#610 = VECTOR('',#611,1.);
#611 = DIRECTION('',(1.,0.,-0.));
#612 = PCURVE('',#215,#613);
#613 = DEFINITIONAL_REPRESENTATION('',(#614),#618);
#614 = LINE('',#615,#616);
#615 = CARTESIAN_POINT('',(8.,27.345));
#616 = VECTOR('',#617,1.);
#617 = DIRECTION('',(1.,0.));
#618 = ( GEOMETRIC_REPRESENTATION_CONTEXT(2) 
PARAMETRIC_REPRESENTATION_CONTEXT() REPRESENTATION_CONTEXT('2D SPACE',''
  ) );
#619 = PCURVE('',#620,#625);
#620 = PLANE('',#621);
#621 = AXIS2_PLACEMENT_3D('',#622,#623,#624);
#622 = CARTESIAN_POINT('',(-132.,-48.855,58.65));
#623 = DIRECTION('',(-0.,1.,0.));
#624 = DIRECTION('',(0.,0.,1.));
#625 = DEFINITIONAL_REPRESENTATION('',(#626),#630);
#626 = LINE('',#627,#628);
#627 = CARTESIAN_POINT('',(0.,0.));
#628 = VECTOR('',#629,1.);
#629 = DIRECTION('',(0.,1.));
#630 = ( GEOMETRIC_REPRESENTATION_CONTEXT(2) 
PARAMETRIC_REPRESENTATION_CONTEXT() REPRESENTATION_CONTEXT('2D SPACE',''
  ) );
#631 = ORIENTED_EDGE('',*,*,#632,.F.);
#632 = EDGE_CURVE('',#633,#605,#635,.T.);
#633 = VERTEX_POINT('',#634);
#634 = CARTESIAN_POINT('',(44.,-50.445,58.65));
#635 = SURFACE_CURVE('',#636,(#640,#647),.PCURVE_S1.);
#636 = LINE('',#637,#638);
#637 = CARTESIAN_POINT('',(44.,-50.445,58.65));
#638 = VECTOR('',#639,1.);
#639 = DIRECTION('',(-0.,1.,0.));
#640 = PCURVE('',#215,#641);
#641 = DEFINITIONAL_REPRESENTATION('',(#642),#646);
#642 = LINE('',#643,#644);
#643 = CARTESIAN_POINT('',(184.,25.755));
#644 = VECTOR('',#645,1.);
#645 = DIRECTION('',(0.,1.));
#646 = ( GEOMETRIC_REPRESENTATION_CONTEXT(2) 
PARAMETRIC_REPRESENTATION_CONTEXT() REPRESENTATION_CONTEXT('2D SPACE',''
  ) );
#647 = PCURVE('',#648,#653);
#648 = PLANE('',#649);
#649 = AXIS2_PLACEMENT_3D('',#650,#651,#652);
#650 = CARTESIAN_POINT('',(44.,-50.445,58.65));
#651 = DIRECTION('',(1.,0.,-0.));
#652 = DIRECTION('',(0.,0.,1.));
#653 = DEFINITIONAL_REPRESENTATION('',(#654),#658);
#654 = LINE('',#655,#656);
#655 = CARTESIAN_POINT('',(0.,0.));
#656 = VECTOR('',#657,1.);
#657 = DIRECTION('',(0.,-1.));
#658 = ( GEOMETRIC_REPRESENTATION_CONTEXT(2) 
PARAMETRIC_REPRESENTATION_CONTEXT() REPRESENTATION_CONTEXT('2D SPACE',''
  ) );
#659 = ORIENTED_EDGE('',*,*,#660,.F.);
#660 = EDGE_CURVE('',#575,#633,#661,.T.);
#661 = SURFACE_CURVE('',#662,(#666,#673),.PCURVE_S1.);
#662 = LINE('',#663,#664);
#663 = CARTESIAN_POINT('',(-132.,-50.445,58.65));
#664 = VECTOR('',#665,1.);
#665 = DIRECTION('',(1.,0.,-0.));
#666 = PCURVE('',#215,#667);
#667 = DEFINITIONAL_REPRESENTATION('',(#668),#672);
#668 = LINE('',#669,#670);
#669 = CARTESIAN_POINT('',(8.,25.755));
#670 = VECTOR('',#671,1.);
#671 = DIRECTION('',(1.,0.));
#672 = ( GEOMETRIC_REPRESENTATION_CONTEXT(2) 
PARAMETRIC_REPRESENTATION_CONTEXT() REPRESENTATION_CONTEXT('2D SPACE',''
  ) );
#673 = PCURVE('',#674,#679);
#674 = PLANE('',#675);
#675 = AXIS2_PLACEMENT_3D('',#676,#677,#678);
#676 = CARTESIAN_POINT('',(-132.,-50.445,58.65));
#677 = DIRECTION('',(-0.,1.,0.));
#678 = DIRECTION('',(0.,0.,1.));
#679 = DEFINITIONAL_REPRESENTATION('',(#680),#684);
#680 = LINE('',#681,#682);
#681 = CARTESIAN_POINT('',(0.,0.));
#682 = VECTOR('',#683,1.);
#683 = DIRECTION('',(0.,1.));
#684 = ( GEOMETRIC_REPRESENTATION_CONTEXT(2) 
PARAMETRIC_REPRESENTATION_CONTEXT() REPRESENTATION_CONTEXT('2D SPACE',''
  ) );
#685 = FACE_BOUND('',#686,.T.);
#686 = EDGE_LOOP('',(#687,#717,#745,#773));
#687 = ORIENTED_EDGE('',*,*,#688,.T.);
#688 = EDGE_CURVE('',#689,#691,#693,.T.);
#689 = VERTEX_POINT('',#690);
#690 = CARTESIAN_POINT('',(-132.,-33.895,58.65));
#691 = VERTEX_POINT('',#692);
#692 = CARTESIAN_POINT('',(-132.,-32.305,58.65));
#693 = SURFACE_CURVE('',#694,(#698,#705),.PCURVE_S1.);
#694 = LINE('',#695,#696);
#695 = CARTESIAN_POINT('',(-132.,-33.895,58.65));
#696 = VECTOR('',#697,1.);
#697 = DIRECTION('',(-0.,1.,0.));
#698 = PCURVE('',#215,#699);
#699 = DEFINITIONAL_REPRESENTATION('',(#700),#704);
#700 = LINE('',#701,#702);
#701 = CARTESIAN_POINT('',(8.,42.305));
#702 = VECTOR('',#703,1.);
#703 = DIRECTION('',(0.,1.));
#704 = ( GEOMETRIC_REPRESENTATION_CONTEXT(2) 
PARAMETRIC_REPRESENTATION_CONTEXT() REPRESENTATION_CONTEXT('2D SPACE',''
  ) );
#705 = PCURVE('',#706,#711);
#706 = PLANE('',#707);
#707 = AXIS2_PLACEMENT_3D('',#708,#709,#710);
#708 = CARTESIAN_POINT('',(-132.,-33.895,58.65));
#709 = DIRECTION('',(1.,0.,-0.));
#710 = DIRECTION('',(0.,0.,1.));
#711 = DEFINITIONAL_REPRESENTATION('',(#712),#716);
#712 = LINE('',#713,#714);
#713 = CARTESIAN_POINT('',(0.,0.));
#714 = VECTOR('',#715,1.);
#715 = DIRECTION('',(0.,-1.));
#716 = ( GEOMETRIC_REPRESENTATION_CONTEXT(2) 
PARAMETRIC_REPRESENTATION_CONTEXT() REPRESENTATION_CONTEXT('2D SPACE',''
  ) );
#717 = ORIENTED_EDGE('',*,*,#718,.T.);
#718 = EDGE_CURVE('',#691,#719,#721,.T.);
#719 = VERTEX_POINT('',#720);
#720 = CARTESIAN_POINT('',(44.,-32.305,58.65));
#721 = SURFACE_CURVE('',#722,(#726,#733),.PCURVE_S1.);
#722 = LINE('',#723,#724);
#723 = CARTESIAN_POINT('',(-132.,-32.305,58.65));
#724 = VECTOR('',#725,1.);
#725 = DIRECTION('',(1.,0.,-0.));
#726 = PCURVE('',#215,#727);
#727 = DEFINITIONAL_REPRESENTATION('',(#728),#732);
#728 = LINE('',#729,#730);
#729 = CARTESIAN_POINT('',(8.,43.895));
#730 = VECTOR('',#731,1.);
#731 = DIRECTION('',(1.,0.));
#732 = ( GEOMETRIC_REPRESENTATION_CONTEXT(2) 
PARAMETRIC_REPRESENTATION_CONTEXT() REPRESENTATION_CONTEXT('2D SPACE',''
  ) );
#733 = PCURVE('',#734,#739);
#734 = PLANE('',#735);
#735 = AXIS2_PLACEMENT_3D('',#736,#737,#738);
#736 = CARTESIAN_POINT('',(-132.,-32.305,58.65));
#737 = DIRECTION('',(-0.,1.,0.));
#738 = DIRECTION('',(0.,0.,1.));
#739 = DEFINITIONAL_REPRESENTATION('',(#740),#744);
#740 = LINE('',#741,#742);
#741 = CARTESIAN_POINT('',(0.,0.));
#742 = VECTOR('',#743,1.);
#743 = DIRECTION('',(0.,1.));
#744 = ( GEOMETRIC_REPRESENTATION_CONTEXT(2) 
PARAMETRIC_REPRESENTATION_CONTEXT() REPRESENTATION_CONTEXT('2D SPACE',''
  ) );
#745 = ORIENTED_EDGE('',*,*,#746,.F.);
#746 = EDGE_CURVE('',#747,#719,#749,.T.);
#747 = VERTEX_POINT('',#748);
#748 = CARTESIAN_POINT('',(44.,-33.895,58.65));
#749 = SURFACE_CURVE('',#750,(#754,#761),.PCURVE_S1.);
#750 = LINE('',#751,#752);
#751 = CARTESIAN_POINT('',(44.,-33.895,58.65));
#752 = VECTOR('',#753,1.);
#753 = DIRECTION('',(-0.,1.,0.));
#754 = PCURVE('',#215,#755);
#755 = DEFINITIONAL_REPRESENTATION('',(#756),#760);
#756 = LINE('',#757,#758);
#757 = CARTESIAN_POINT('',(184.,42.305));
#758 = VECTOR('',#759,1.);
#759 = DIRECTION('',(0.,1.));
#760 = ( GEOMETRIC_REPRESENTATION_CONTEXT(2) 
PARAMETRIC_REPRESENTATION_CONTEXT() REPRESENTATION_CONTEXT('2D SPACE',''
  ) );
#761 = PCURVE('',#762,#767);
#762 = PLANE('',#763);
#763 = AXIS2_PLACEMENT_3D('',#764,#765,#766);
#764 = CARTESIAN_POINT('',(44.,-33.895,58.65));
#765 = DIRECTION('',(1.,0.,-0.));
#766 = DIRECTION('',(0.,0.,1.));
#767 = DEFINITIONAL_REPRESENTATION('',(#768),#772);
#768 = LINE('',#769,#770);
#769 = CARTESIAN_POINT('',(0.,0.));
#770 = VECTOR('',#771,1.);
#771 = DIRECTION('',(0.,-1.));
#772 = ( GEOMETRIC_REPRESENTATION_CONTEXT(2) 
PARAMETRIC_REPRESENTATION_CONTEXT() REPRESENTATION_CONTEXT('2D SPACE',''
  ) );
#773 = ORIENTED_EDGE('',*,*,#774,.F.);
#774 = EDGE_CURVE('',#689,#747,#775,.T.);
#775 = SURFACE_CURVE('',#776,(#780,#787),.PCURVE_S1.);
#776 = LINE('',#777,#778);
#777 = CARTESIAN_POINT('',(-132.,-33.895,58.65));
#778 = VECTOR('',#779,1.);
#779 = DIRECTION('',(1.,0.,-0.));
#780 = PCURVE('',#215,#781);
#781 = DEFINITIONAL_REPRESENTATION('',(#782),#786);
#782 = LINE('',#783,#784);
#783 = CARTESIAN_POINT('',(8.,42.305));
#784 = VECTOR('',#785,1.);
#785 = DIRECTION('',(1.,0.));
#786 = ( GEOMETRIC_REPRESENTATION_CONTEXT(2) 
PARAMETRIC_REPRESENTATION_CONTEXT() REPRESENTATION_CONTEXT('2D SPACE',''
  ) );
#787 = PCURVE('',#788,#793);
#788 = PLANE('',#789);
#789 = AXIS2_PLACEMENT_3D('',#790,#791,#792);
#790 = CARTESIAN_POINT('',(-132.,-33.895,58.65));
#791 = DIRECTION('',(-0.,1.,0.));
#792 = DIRECTION('',(0.,0.,1.));
#793 = DEFINITIONAL_REPRESENTATION('',(#794),#798);
#794 = LINE('',#795,#796);
#795 = CARTESIAN_POINT('',(0.,0.));
#796 = VECTOR('',#797,1.);
#797 = DIRECTION('',(0.,1.));
#798 = ( GEOMETRIC_REPRESENTATION_CONTEXT(2) 
PARAMETRIC_REPRESENTATION_CONTEXT() REPRESENTATION_CONTEXT('2D SPACE',''
  ) );
#799 = FACE_BOUND('',#800,.T.);
#800 = EDGE_LOOP('',(#801,#831,#859,#887));
#801 = ORIENTED_EDGE('',*,*,#802,.T.);
#802 = EDGE_CURVE('',#803,#805,#807,.T.);
#803 = VERTEX_POINT('',#804);
#804 = CARTESIAN_POINT('',(-132.,-17.345,58.65));
#805 = VERTEX_POINT('',#806);
#806 = CARTESIAN_POINT('',(-132.,-15.755,58.65));
#807 = SURFACE_CURVE('',#808,(#812,#819),.PCURVE_S1.);
#808 = LINE('',#809,#810);
#809 = CARTESIAN_POINT('',(-132.,-17.345,58.65));
#810 = VECTOR('',#811,1.);
#811 = DIRECTION('',(-0.,1.,0.));
#812 = PCURVE('',#215,#813);
#813 = DEFINITIONAL_REPRESENTATION('',(#814),#818);
#814 = LINE('',#815,#816);
#815 = CARTESIAN_POINT('',(8.,58.855));
#816 = VECTOR('',#817,1.);
#817 = DIRECTION('',(0.,1.));
#818 = ( GEOMETRIC_REPRESENTATION_CONTEXT(2) 
PARAMETRIC_REPRESENTATION_CONTEXT() REPRESENTATION_CONTEXT('2D SPACE',''
  ) );
#819 = PCURVE('',#820,#825);
#820 = PLANE('',#821);
#821 = AXIS2_PLACEMENT_3D('',#822,#823,#824);
#822 = CARTESIAN_POINT('',(-132.,-17.345,58.65));
#823 = DIRECTION('',(1.,0.,-0.));
#824 = DIRECTION('',(0.,0.,1.));
#825 = DEFINITIONAL_REPRESENTATION('',(#826),#830);
#826 = LINE('',#827,#828);
#827 = CARTESIAN_POINT('',(0.,0.));
#828 = VECTOR('',#829,1.);
#829 = DIRECTION('',(0.,-1.));
#830 = ( GEOMETRIC_REPRESENTATION_CONTEXT(2) 
PARAMETRIC_REPRESENTATION_CONTEXT() REPRESENTATION_CONTEXT('2D SPACE',''
  ) );
#831 = ORIENTED_EDGE('',*,*,#832,.T.);
#832 = EDGE_CURVE('',#805,#833,#835,.T.);
#833 = VERTEX_POINT('',#834);
#834 = CARTESIAN_POINT('',(44.,-15.755,58.65));
#835 = SURFACE_CURVE('',#836,(#840,#847),.PCURVE_S1.);
#836 = LINE('',#837,#838);
#837 = CARTESIAN_POINT('',(-132.,-15.755,58.65));
#838 = VECTOR('',#839,1.);
#839 = DIRECTION('',(1.,0.,-0.));
#840 = PCURVE('',#215,#841);
#841 = DEFINITIONAL_REPRESENTATION('',(#842),#846);
#842 = LINE('',#843,#844);
#843 = CARTESIAN_POINT('',(8.,60.445));
#844 = VECTOR('',#845,1.);
#845 = DIRECTION('',(1.,0.));
#846 = ( GEOMETRIC_REPRESENTATION_CONTEXT(2) 
PARAMETRIC_REPRESENTATION_CONTEXT() REPRESENTATION_CONTEXT('2D SPACE',''
  ) );
#847 = PCURVE('',#848,#853);
#848 = PLANE('',#849);
#849 = AXIS2_PLACEMENT_3D('',#850,#851,#852);
#850 = CARTESIAN_POINT('',(-132.,-15.755,58.65));
#851 = DIRECTION('',(-0.,1.,0.));
#852 = DIRECTION('',(0.,0.,1.));
#853 = DEFINITIONAL_REPRESENTATION('',(#854),#858);
#854 = LINE('',#855,#856);
#855 = CARTESIAN_POINT('',(0.,0.));
#856 = VECTOR('',#857,1.);
#857 = DIRECTION('',(0.,1.));
#858 = ( GEOMETRIC_REPRESENTATION_CONTEXT(2) 
PARAMETRIC_REPRESENTATION_CONTEXT() REPRESENTATION_CONTEXT('2D SPACE',''
  ) );
#859 = ORIENTED_EDGE('',*,*,#860,.F.);
#860 = EDGE_CURVE('',#861,#833,#863,.T.);
#861 = VERTEX_POINT('',#862);
#862 = CARTESIAN_POINT('',(44.,-17.345,58.65));
#863 = SURFACE_CURVE('',#864,(#868,#875),.PCURVE_S1.);
#864 = LINE('',#865,#866);
#865 = CARTESIAN_POINT('',(44.,-17.345,58.65));
#866 = VECTOR('',#867,1.);
#867 = DIRECTION('',(-0.,1.,0.));
#868 = PCURVE('',#215,#869);
#869 = DEFINITIONAL_REPRESENTATION('',(#870),#874);
#870 = LINE('',#871,#872);
#871 = CARTESIAN_POINT('',(184.,58.855));
#872 = VECTOR('',#873,1.);
#873 = DIRECTION('',(0.,1.));
#874 = ( GEOMETRIC_REPRESENTATION_CONTEXT(2) 
PARAMETRIC_REPRESENTATION_CONTEXT() REPRESENTATION_CONTEXT('2D SPACE',''
  ) );
#875 = PCURVE('',#876,#881);
#876 = PLANE('',#877);
#877 = AXIS2_PLACEMENT_3D('',#878,#879,#880);
#878 = CARTESIAN_POINT('',(44.,-17.345,58.65));
#879 = DIRECTION('',(1.,0.,-0.));
#880 = DIRECTION('',(0.,0.,1.));
#881 = DEFINITIONAL_REPRESENTATION('',(#882),#886);
#882 = LINE('',#883,#884);
#883 = CARTESIAN_POINT('',(0.,0.));
#884 = VECTOR('',#885,1.);
#885 = DIRECTION('',(0.,-1.));
#886 = ( GEOMETRIC_REPRESENTATION_CONTEXT(2) 
PARAMETRIC_REPRESENTATION_CONTEXT() REPRESENTATION_CONTEXT('2D SPACE',''
  ) );
#887 = ORIENTED_EDGE('',*,*,#888,.F.);
#888 = EDGE_CURVE('',#803,#861,#889,.T.);
#889 = SURFACE_CURVE('',#890,(#894,#901),.PCURVE_S1.);
#890 = LINE('',#891,#892);
#891 = CARTESIAN_POINT('',(-132.,-17.345,58.65));
#892 = VECTOR('',#893,1.);
#893 = DIRECTION('',(1.,0.,-0.));
#894 = PCURVE('',#215,#895);
#895 = DEFINITIONAL_REPRESENTATION('',(#896),#900);
#896 = LINE('',#897,#898);
#897 = CARTESIAN_POINT('',(8.,58.855));
#898 = VECTOR('',#899,1.);
#899 = DIRECTION('',(1.,0.));
#900 = ( GEOMETRIC_REPRESENTATION_CONTEXT(2) 
PARAMETRIC_REPRESENTATION_CONTEXT() REPRESENTATION_CONTEXT('2D SPACE',''
  ) );
#901 = PCURVE('',#902,#907);
#902 = PLANE('',#903);
#903 = AXIS2_PLACEMENT_3D('',#904,#905,#906);
#904 = CARTESIAN_POINT('',(-132.,-17.345,58.65));
#905 = DIRECTION('',(-0.,1.,0.));
#906 = DIRECTION('',(0.,0.,1.));
#907 = DEFINITIONAL_REPRESENTATION('',(#908),#912);
#908 = LINE('',#909,#910);
#909 = CARTESIAN_POINT('',(0.,0.));
#910 = VECTOR('',#911,1.);
#911 = DIRECTION('',(0.,1.));
#912 = ( GEOMETRIC_REPRESENTATION_CONTEXT(2) 
PARAMETRIC_REPRESENTATION_CONTEXT() REPRESENTATION_CONTEXT('2D SPACE',''
  ) );
#913 = FACE_BOUND('',#914,.T.);
#914 = EDGE_LOOP('',(#915,#945,#973,#1001));
#915 = ORIENTED_EDGE('',*,*,#916,.T.);
#916 = EDGE_CURVE('',#917,#919,#921,.T.);
#917 = VERTEX_POINT('',#918);
#918 = CARTESIAN_POINT('',(-132.,-0.795,58.65));
#919 = VERTEX_POINT('',#920);
#920 = CARTESIAN_POINT('',(-132.,0.795,58.65));
#921 = SURFACE_CURVE('',#922,(#926,#933),.PCURVE_S1.);
#922 = LINE('',#923,#924);
#923 = CARTESIAN_POINT('',(-132.,-0.795,58.65));
#924 = VECTOR('',#925,1.);
#925 = DIRECTION('',(-0.,1.,0.));
#926 = PCURVE('',#215,#927);
#927 = DEFINITIONAL_REPRESENTATION('',(#928),#932);
#928 = LINE('',#929,#930);
#929 = CARTESIAN_POINT('',(8.,75.405));
#930 = VECTOR('',#931,1.);
#931 = DIRECTION('',(0.,1.));
#932 = ( GEOMETRIC_REPRESENTATION_CONTEXT(2) 
PARAMETRIC_REPRESENTATION_CONTEXT() REPRESENTATION_CONTEXT('2D SPACE',''
  ) );
#933 = PCURVE('',#934,#939);
#934 = PLANE('',#935);
#935 = AXIS2_PLACEMENT_3D('',#936,#937,#938);
#936 = CARTESIAN_POINT('',(-132.,-0.795,58.65));
#937 = DIRECTION('',(1.,0.,-0.));
#938 = DIRECTION('',(0.,0.,1.));
#939 = DEFINITIONAL_REPRESENTATION('',(#940),#944);
#940 = LINE('',#941,#942);
#941 = CARTESIAN_POINT('',(0.,0.));
#942 = VECTOR('',#943,1.);
#943 = DIRECTION('',(0.,-1.));
#944 = ( GEOMETRIC_REPRESENTATION_CONTEXT(2) 
PARAMETRIC_REPRESENTATION_CONTEXT() REPRESENTATION_CONTEXT('2D SPACE',''
  ) );
#945 = ORIENTED_EDGE('',*,*,#946,.T.);
#946 = EDGE_CURVE('',#919,#947,#949,.T.);
#947 = VERTEX_POINT('',#948);
#948 = CARTESIAN_POINT('',(44.,0.795,58.65));
#949 = SURFACE_CURVE('',#950,(#954,#961),.PCURVE_S1.);
#950 = LINE('',#951,#952);
#951 = CARTESIAN_POINT('',(-132.,0.795,58.65));
#952 = VECTOR('',#953,1.);
#953 = DIRECTION('',(1.,0.,-0.));
#954 = PCURVE('',#215,#955);
#955 = DEFINITIONAL_REPRESENTATION('',(#956),#960);
#956 = LINE('',#957,#958);
#957 = CARTESIAN_POINT('',(8.,76.995));
#958 = VECTOR('',#959,1.);
#959 = DIRECTION('',(1.,0.));
#960 = ( GEOMETRIC_REPRESENTATION_CONTEXT(2) 
PARAMETRIC_REPRESENTATION_CONTEXT() REPRESENTATION_CONTEXT('2D SPACE',''
  ) );
#961 = PCURVE('',#962,#967);
#962 = PLANE('',#963);
#963 = AXIS2_PLACEMENT_3D('',#964,#965,#966);
#964 = CARTESIAN_POINT('',(-132.,0.795,58.65));
#965 = DIRECTION('',(-0.,1.,0.));
#966 = DIRECTION('',(0.,0.,1.));
#967 = DEFINITIONAL_REPRESENTATION('',(#968),#972);
#968 = LINE('',#969,#970);
#969 = CARTESIAN_POINT('',(0.,0.));
#970 = VECTOR('',#971,1.);
#971 = DIRECTION('',(0.,1.));
#972 = ( GEOMETRIC_REPRESENTATION_CONTEXT(2) 
PARAMETRIC_REPRESENTATION_CONTEXT() REPRESENTATION_CONTEXT('2D SPACE',''
  ) );
#973 = ORIENTED_EDGE('',*,*,#974,.F.);
#974 = EDGE_CURVE('',#975,#947,#977,.T.);
#975 = VERTEX_POINT('',#976);
#976 = CARTESIAN_POINT('',(44.,-0.795,58.65));
#977 = SURFACE_CURVE('',#978,(#982,#989),.PCURVE_S1.);
#978 = LINE('',#979,#980);
#979 = CARTESIAN_POINT('',(44.,-0.795,58.65));
#980 = VECTOR('',#981,1.);
#981 = DIRECTION('',(-0.,1.,0.));
#982 = PCURVE('',#215,#983);
#983 = DEFINITIONAL_REPRESENTATION('',(#984),#988);
#984 = LINE('',#985,#986);
#985 = CARTESIAN_POINT('',(184.,75.405));
#986 = VECTOR('',#987,1.);
#987 = DIRECTION('',(0.,1.));
#988 = ( GEOMETRIC_REPRESENTATION_CONTEXT(2) 
PARAMETRIC_REPRESENTATION_CONTEXT() REPRESENTATION_CONTEXT('2D SPACE',''
  ) );
#989 = PCURVE('',#990,#995);
#990 = PLANE('',#991);
#991 = AXIS2_PLACEMENT_3D('',#992,#993,#994);
#992 = CARTESIAN_POINT('',(44.,-0.795,58.65));
#993 = DIRECTION('',(1.,0.,-0.));
#994 = DIRECTION('',(0.,0.,1.));
#995 = DEFINITIONAL_REPRESENTATION('',(#996),#1000);
#996 = LINE('',#997,#998);
#997 = CARTESIAN_POINT('',(0.,0.));
#998 = VECTOR('',#999,1.);
#999 = DIRECTION('',(0.,-1.));
#1000 = ( GEOMETRIC_REPRESENTATION_CONTEXT(2) 
PARAMETRIC_REPRESENTATION_CONTEXT() REPRESENTATION_CONTEXT('2D SPACE',''
  ) );
#1001 = ORIENTED_EDGE('',*,*,#1002,.F.);
#1002 = EDGE_CURVE('',#917,#975,#1003,.T.);
#1003 = SURFACE_CURVE('',#1004,(#1008,#1015),.PCURVE_S1.);
#1004 = LINE('',#1005,#1006);
#1005 = CARTESIAN_POINT('',(-132.,-0.795,58.65));
#1006 = VECTOR('',#1007,1.);
#1007 = DIRECTION('',(1.,0.,-0.));
#1008 = PCURVE('',#215,#1009);
#1009 = DEFINITIONAL_REPRESENTATION('',(#1010),#1014);
#1010 = LINE('',#1011,#1012);
#1011 = CARTESIAN_POINT('',(8.,75.405));
#1012 = VECTOR('',#1013,1.);
#1013 = DIRECTION('',(1.,0.));
#1014 = ( GEOMETRIC_REPRESENTATION_CONTEXT(2) 
PARAMETRIC_REPRESENTATION_CONTEXT() REPRESENTATION_CONTEXT('2D SPACE',''
  ) );
#1015 = PCURVE('',#1016,#1021);
#1016 = PLANE('',#1017);
#1017 = AXIS2_PLACEMENT_3D('',#1018,#1019,#1020);
#1018 = CARTESIAN_POINT('',(-132.,-0.795,58.65));
#1019 = DIRECTION('',(-0.,1.,0.));
#1020 = DIRECTION('',(0.,0.,1.));
#1021 = DEFINITIONAL_REPRESENTATION('',(#1022),#1026);
#1022 = LINE('',#1023,#1024);
#1023 = CARTESIAN_POINT('',(0.,0.));
#1024 = VECTOR('',#1025,1.);
#1025 = DIRECTION('',(0.,1.));
#1026 = ( GEOMETRIC_REPRESENTATION_CONTEXT(2) 
PARAMETRIC_REPRESENTATION_CONTEXT() REPRESENTATION_CONTEXT('2D SPACE',''
  ) );
#1027 = FACE_BOUND('',#1028,.T.);
#1028 = EDGE_LOOP('',(#1029,#1059,#1087,#1115));
#1029 = ORIENTED_EDGE('',*,*,#1030,.T.);
#1030 = EDGE_CURVE('',#1031,#1033,#1035,.T.);
#1031 = VERTEX_POINT('',#1032);
#1032 = CARTESIAN_POINT('',(-132.,15.755,58.65));
#1033 = VERTEX_POINT('',#1034);
#1034 = CARTESIAN_POINT('',(-132.,17.345,58.65));
#1035 = SURFACE_CURVE('',#1036,(#1040,#1047),.PCURVE_S1.);
#1036 = LINE('',#1037,#1038);
#1037 = CARTESIAN_POINT('',(-132.,15.755,58.65));
#1038 = VECTOR('',#1039,1.);
#1039 = DIRECTION('',(-0.,1.,0.));
#1040 = PCURVE('',#215,#1041);
#1041 = DEFINITIONAL_REPRESENTATION('',(#1042),#1046);
#1042 = LINE('',#1043,#1044);
#1043 = CARTESIAN_POINT('',(8.,91.955));
#1044 = VECTOR('',#1045,1.);
#1045 = DIRECTION('',(0.,1.));
#1046 = ( GEOMETRIC_REPRESENTATION_CONTEXT(2) 
PARAMETRIC_REPRESENTATION_CONTEXT() REPRESENTATION_CONTEXT('2D SPACE',''
  ) );
#1047 = PCURVE('',#1048,#1053);
#1048 = PLANE('',#1049);
#1049 = AXIS2_PLACEMENT_3D('',#1050,#1051,#1052);
#1050 = CARTESIAN_POINT('',(-132.,15.755,58.65));
#1051 = DIRECTION('',(1.,0.,-0.));
#1052 = DIRECTION('',(0.,0.,1.));
#1053 = DEFINITIONAL_REPRESENTATION('',(#1054),#1058);
#1054 = LINE('',#1055,#1056);
#1055 = CARTESIAN_POINT('',(0.,0.));
#1056 = VECTOR('',#1057,1.);
#1057 = DIRECTION('',(0.,-1.));
#1058 = ( GEOMETRIC_REPRESENTATION_CONTEXT(2) 
PARAMETRIC_REPRESENTATION_CONTEXT() REPRESENTATION_CONTEXT('2D SPACE',''
  ) );
#1059 = ORIENTED_EDGE('',*,*,#1060,.T.);
#1060 = EDGE_CURVE('',#1033,#1061,#1063,.T.);
#1061 = VERTEX_POINT('',#1062);
#1062 = CARTESIAN_POINT('',(44.,17.345,58.65));
#1063 = SURFACE_CURVE('',#1064,(#1068,#1075),.PCURVE_S1.);
#1064 = LINE('',#1065,#1066);
#1065 = CARTESIAN_POINT('',(-132.,17.345,58.65));
#1066 = VECTOR('',#1067,1.);
#1067 = DIRECTION('',(1.,0.,-0.));
#1068 = PCURVE('',#215,#1069);
#1069 = DEFINITIONAL_REPRESENTATION('',(#1070),#1074);
#1070 = LINE('',#1071,#1072);
#1071 = CARTESIAN_POINT('',(8.,93.545));
#1072 = VECTOR('',#1073,1.);
#1073 = DIRECTION('',(1.,0.));
#1074 = ( GEOMETRIC_REPRESENTATION_CONTEXT(2) 
PARAMETRIC_REPRESENTATION_CONTEXT() REPRESENTATION_CONTEXT('2D SPACE',''
  ) );
#1075 = PCURVE('',#1076,#1081);
#1076 = PLANE('',#1077);
#1077 = AXIS2_PLACEMENT_3D('',#1078,#1079,#1080);
#1078 = CARTESIAN_POINT('',(-132.,17.345,58.65));
#1079 = DIRECTION('',(-0.,1.,0.));
#1080 = DIRECTION('',(0.,0.,1.));
#1081 = DEFINITIONAL_REPRESENTATION('',(#1082),#1086);
#1082 = LINE('',#1083,#1084);
#1083 = CARTESIAN_POINT('',(0.,0.));
#1084 = VECTOR('',#1085,1.);
#1085 = DIRECTION('',(0.,1.));
#1086 = ( GEOMETRIC_REPRESENTATION_CONTEXT(2) 
PARAMETRIC_REPRESENTATION_CONTEXT() REPRESENTATION_CONTEXT('2D SPACE',''
  ) );
#1087 = ORIENTED_EDGE('',*,*,#1088,.F.);
#1088 = EDGE_CURVE('',#1089,#1061,#1091,.T.);
#1089 = VERTEX_POINT('',#1090);
#1090 = CARTESIAN_POINT('',(44.,15.755,58.65));
#1091 = SURFACE_CURVE('',#1092,(#1096,#1103),.PCURVE_S1.);
#1092 = LINE('',#1093,#1094);
#1093 = CARTESIAN_POINT('',(44.,15.755,58.65));
#1094 = VECTOR('',#1095,1.);
#1095 = DIRECTION('',(-0.,1.,0.));
#1096 = PCURVE('',#215,#1097);
#1097 = DEFINITIONAL_REPRESENTATION('',(#1098),#1102);
#1098 = LINE('',#1099,#1100);
#1099 = CARTESIAN_POINT('',(184.,91.955));
#1100 = VECTOR('',#1101,1.);
#1101 = DIRECTION('',(0.,1.));
#1102 = ( GEOMETRIC_REPRESENTATION_CONTEXT(2) 
PARAMETRIC_REPRESENTATION_CONTEXT() REPRESENTATION_CONTEXT('2D SPACE',''
  ) );
#1103 = PCURVE('',#1104,#1109);
#1104 = PLANE('',#1105);
#1105 = AXIS2_PLACEMENT_3D('',#1106,#1107,#1108);
#1106 = CARTESIAN_POINT('',(44.,15.755,58.65));
#1107 = DIRECTION('',(1.,0.,-0.));
#1108 = DIRECTION('',(0.,0.,1.));
#1109 = DEFINITIONAL_REPRESENTATION('',(#1110),#1114);
#1110 = LINE('',#1111,#1112);
#1111 = CARTESIAN_POINT('',(0.,0.));
#1112 = VECTOR('',#1113,1.);
#1113 = DIRECTION('',(0.,-1.));
#1114 = ( GEOMETRIC_REPRESENTATION_CONTEXT(2) 
PARAMETRIC_REPRESENTATION_CONTEXT() REPRESENTATION_CONTEXT('2D SPACE',''
  ) );
#1115 = ORIENTED_EDGE('',*,*,#1116,.F.);
#1116 = EDGE_CURVE('',#1031,#1089,#1117,.T.);
#1117 = SURFACE_CURVE('',#1118,(#1122,#1129),.PCURVE_S1.);
#1118 = LINE('',#1119,#1120);
#1119 = CARTESIAN_POINT('',(-132.,15.755,58.65));
#1120 = VECTOR('',#1121,1.);
#1121 = DIRECTION('',(1.,0.,-0.));
#1122 = PCURVE('',#215,#1123);
#1123 = DEFINITIONAL_REPRESENTATION('',(#1124),#1128);
#1124 = LINE('',#1125,#1126);
#1125 = CARTESIAN_POINT('',(8.,91.955));
#1126 = VECTOR('',#1127,1.);
#1127 = DIRECTION('',(1.,0.));
#1128 = ( GEOMETRIC_REPRESENTATION_CONTEXT(2) 
PARAMETRIC_REPRESENTATION_CONTEXT() REPRESENTATION_CONTEXT('2D SPACE',''
  ) );
#1129 = PCURVE('',#1130,#1135);
#1130 = PLANE('',#1131);
#1131 = AXIS2_PLACEMENT_3D('',#1132,#1133,#1134);
#1132 = CARTESIAN_POINT('',(-132.,15.755,58.65));
#1133 = DIRECTION('',(-0.,1.,0.));
#1134 = DIRECTION('',(0.,0.,1.));
#1135 = DEFINITIONAL_REPRESENTATION('',(#1136),#1140);
#1136 = LINE('',#1137,#1138);
#1137 = CARTESIAN_POINT('',(0.,0.));
#1138 = VECTOR('',#1139,1.);
#1139 = DIRECTION('',(0.,1.));
#1140 = ( GEOMETRIC_REPRESENTATION_CONTEXT(2) 
PARAMETRIC_REPRESENTATION_CONTEXT() REPRESENTATION_CONTEXT('2D SPACE',''
  ) );
#1141 = FACE_BOUND('',#1142,.T.);
#1142 = EDGE_LOOP('',(#1143,#1173,#1201,#1229));
#1143 = ORIENTED_EDGE('',*,*,#1144,.T.);
#1144 = EDGE_CURVE('',#1145,#1147,#1149,.T.);
#1145 = VERTEX_POINT('',#1146);
#1146 = CARTESIAN_POINT('',(-132.,32.305,58.65));
#1147 = VERTEX_POINT('',#1148);
#1148 = CARTESIAN_POINT('',(-132.,33.895,58.65));
#1149 = SURFACE_CURVE('',#1150,(#1154,#1161),.PCURVE_S1.);
#1150 = LINE('',#1151,#1152);
#1151 = CARTESIAN_POINT('',(-132.,32.305,58.65));
#1152 = VECTOR('',#1153,1.);
#1153 = DIRECTION('',(-0.,1.,0.));
#1154 = PCURVE('',#215,#1155);
#1155 = DEFINITIONAL_REPRESENTATION('',(#1156),#1160);
#1156 = LINE('',#1157,#1158);
#1157 = CARTESIAN_POINT('',(8.,108.505));
#1158 = VECTOR('',#1159,1.);
#1159 = DIRECTION('',(0.,1.));
#1160 = ( GEOMETRIC_REPRESENTATION_CONTEXT(2) 
PARAMETRIC_REPRESENTATION_CONTEXT() REPRESENTATION_CONTEXT('2D SPACE',''
  ) );
#1161 = PCURVE('',#1162,#1167);
#1162 = PLANE('',#1163);
#1163 = AXIS2_PLACEMENT_3D('',#1164,#1165,#1166);
#1164 = CARTESIAN_POINT('',(-132.,32.305,58.65));
#1165 = DIRECTION('',(1.,0.,-0.));
#1166 = DIRECTION('',(0.,0.,1.));
#1167 = DEFINITIONAL_REPRESENTATION('',(#1168),#1172);
#1168 = LINE('',#1169,#1170);
#1169 = CARTESIAN_POINT('',(0.,0.));
#1170 = VECTOR('',#1171,1.);
#1171 = DIRECTION('',(0.,-1.));
#1172 = ( GEOMETRIC_REPRESENTATION_CONTEXT(2) 
PARAMETRIC_REPRESENTATION_CONTEXT() REPRESENTATION_CONTEXT('2D SPACE',''
  ) );
#1173 = ORIENTED_EDGE('',*,*,#1174,.T.);
#1174 = EDGE_CURVE('',#1147,#1175,#1177,.T.);
#1175 = VERTEX_POINT('',#1176);
#1176 = CARTESIAN_POINT('',(44.,33.895,58.65));
#1177 = SURFACE_CURVE('',#1178,(#1182,#1189),.PCURVE_S1.);
#1178 = LINE('',#1179,#1180);
#1179 = CARTESIAN_POINT('',(-132.,33.895,58.65));
#1180 = VECTOR('',#1181,1.);
#1181 = DIRECTION('',(1.,0.,-0.));
#1182 = PCURVE('',#215,#1183);
#1183 = DEFINITIONAL_REPRESENTATION('',(#1184),#1188);
#1184 = LINE('',#1185,#1186);
#1185 = CARTESIAN_POINT('',(8.,110.095));
#1186 = VECTOR('',#1187,1.);
#1187 = DIRECTION('',(1.,0.));
#1188 = ( GEOMETRIC_REPRESENTATION_CONTEXT(2) 
PARAMETRIC_REPRESENTATION_CONTEXT() REPRESENTATION_CONTEXT('2D SPACE',''
  ) );
#1189 = PCURVE('',#1190,#1195);
#1190 = PLANE('',#1191);
#1191 = AXIS2_PLACEMENT_3D('',#1192,#1193,#1194);
#1192 = CARTESIAN_POINT('',(-132.,33.895,58.65));
#1193 = DIRECTION('',(-0.,1.,0.));
#1194 = DIRECTION('',(0.,0.,1.));
#1195 = DEFINITIONAL_REPRESENTATION('',(#1196),#1200);
#1196 = LINE('',#1197,#1198);
#1197 = CARTESIAN_POINT('',(0.,0.));
#1198 = VECTOR('',#1199,1.);
#1199 = DIRECTION('',(0.,1.));
#1200 = ( GEOMETRIC_REPRESENTATION_CONTEXT(2) 
PARAMETRIC_REPRESENTATION_CONTEXT() REPRESENTATION_CONTEXT('2D SPACE',''
  ) );
#1201 = ORIENTED_EDGE('',*,*,#1202,.F.);
#1202 = EDGE_CURVE('',#1203,#1175,#1205,.T.);
#1203 = VERTEX_POINT('',#1204);
#1204 = CARTESIAN_POINT('',(44.,32.305,58.65));
#1205 = SURFACE_CURVE('',#1206,(#1210,#1217),.PCURVE_S1.);
#1206 = LINE('',#1207,#1208);
#1207 = CARTESIAN_POINT('',(44.,32.305,58.65));
#1208 = VECTOR('',#1209,1.);
#1209 = DIRECTION('',(-0.,1.,0.));
#1210 = PCURVE('',#215,#1211);
#1211 = DEFINITIONAL_REPRESENTATION('',(#1212),#1216);
#1212 = LINE('',#1213,#1214);
#1213 = CARTESIAN_POINT('',(184.,108.505));
#1214 = VECTOR('',#1215,1.);
#1215 = DIRECTION('',(0.,1.));
#1216 = ( GEOMETRIC_REPRESENTATION_CONTEXT(2) 
PARAMETRIC_REPRESENTATION_CONTEXT() REPRESENTATION_CONTEXT('2D SPACE',''
  ) );
#1217 = PCURVE('',#1218,#1223);
#1218 = PLANE('',#1219);
#1219 = AXIS2_PLACEMENT_3D('',#1220,#1221,#1222);
#1220 = CARTESIAN_POINT('',(44.,32.305,58.65));
#1221 = DIRECTION('',(1.,0.,-0.));
#1222 = DIRECTION('',(0.,0.,1.));
#1223 = DEFINITIONAL_REPRESENTATION('',(#1224),#1228);
#1224 = LINE('',#1225,#1226);
#1225 = CARTESIAN_POINT('',(0.,0.));
#1226 = VECTOR('',#1227,1.);
#1227 = DIRECTION('',(0.,-1.));
#1228 = ( GEOMETRIC_REPRESENTATION_CONTEXT(2) 
PARAMETRIC_REPRESENTATION_CONTEXT() REPRESENTATION_CONTEXT('2D SPACE',''
  ) );
#1229 = ORIENTED_EDGE('',*,*,#1230,.F.);
#1230 = EDGE_CURVE('',#1145,#1203,#1231,.T.);
#1231 = SURFACE_CURVE('',#1232,(#1236,#1243),.PCURVE_S1.);
#1232 = LINE('',#1233,#1234);
#1233 = CARTESIAN_POINT('',(-132.,32.305,58.65));
#1234 = VECTOR('',#1235,1.);
#1235 = DIRECTION('',(1.,0.,-0.));
#1236 = PCURVE('',#215,#1237);
#1237 = DEFINITIONAL_REPRESENTATION('',(#1238),#1242);
#1238 = LINE('',#1239,#1240);
#1239 = CARTESIAN_POINT('',(8.,108.505));
#1240 = VECTOR('',#1241,1.);
#1241 = DIRECTION('',(1.,0.));
#1242 = ( GEOMETRIC_REPRESENTATION_CONTEXT(2) 
PARAMETRIC_REPRESENTATION_CONTEXT() REPRESENTATION_CONTEXT('2D SPACE',''
  ) );
#1243 = PCURVE('',#1244,#1249);
#1244 = PLANE('',#1245);
#1245 = AXIS2_PLACEMENT_3D('',#1246,#1247,#1248);
#1246 = CARTESIAN_POINT('',(-132.,32.305,58.65));
#1247 = DIRECTION('',(-0.,1.,0.));
#1248 = DIRECTION('',(0.,0.,1.));
#1249 = DEFINITIONAL_REPRESENTATION('',(#1250),#1254);
#1250 = LINE('',#1251,#1252);
#1251 = CARTESIAN_POINT('',(0.,0.));
#1252 = VECTOR('',#1253,1.);
#1253 = DIRECTION('',(0.,1.));
#1254 = ( GEOMETRIC_REPRESENTATION_CONTEXT(2) 
PARAMETRIC_REPRESENTATION_CONTEXT() REPRESENTATION_CONTEXT('2D SPACE',''
  ) );
#1255 = FACE_BOUND('',#1256,.T.);
#1256 = EDGE_LOOP('',(#1257,#1287,#1315,#1343));
#1257 = ORIENTED_EDGE('',*,*,#1258,.T.);
#1258 = EDGE_CURVE('',#1259,#1261,#1263,.T.);
#1259 = VERTEX_POINT('',#1260);
#1260 = CARTESIAN_POINT('',(-132.,48.855,58.65));
#1261 = VERTEX_POINT('',#1262);
#1262 = CARTESIAN_POINT('',(-132.,50.445,58.65));
#1263 = SURFACE_CURVE('',#1264,(#1268,#1275),.PCURVE_S1.);
#1264 = LINE('',#1265,#1266);
#1265 = CARTESIAN_POINT('',(-132.,48.855,58.65));
#1266 = VECTOR('',#1267,1.);
#1267 = DIRECTION('',(-0.,1.,0.));
#1268 = PCURVE('',#215,#1269);
#1269 = DEFINITIONAL_REPRESENTATION('',(#1270),#1274);
#1270 = LINE('',#1271,#1272);
#1271 = CARTESIAN_POINT('',(8.,125.055));
#1272 = VECTOR('',#1273,1.);
#1273 = DIRECTION('',(0.,1.));
#1274 = ( GEOMETRIC_REPRESENTATION_CONTEXT(2) 
PARAMETRIC_REPRESENTATION_CONTEXT() REPRESENTATION_CONTEXT('2D SPACE',''
  ) );
#1275 = PCURVE('',#1276,#1281);
#1276 = PLANE('',#1277);
#1277 = AXIS2_PLACEMENT_3D('',#1278,#1279,#1280);
#1278 = CARTESIAN_POINT('',(-132.,48.855,58.65));
#1279 = DIRECTION('',(1.,0.,-0.));
#1280 = DIRECTION('',(0.,0.,1.));
#1281 = DEFINITIONAL_REPRESENTATION('',(#1282),#1286);
#1282 = LINE('',#1283,#1284);
#1283 = CARTESIAN_POINT('',(0.,0.));
#1284 = VECTOR('',#1285,1.);
#1285 = DIRECTION('',(0.,-1.));
#1286 = ( GEOMETRIC_REPRESENTATION_CONTEXT(2) 
PARAMETRIC_REPRESENTATION_CONTEXT() REPRESENTATION_CONTEXT('2D SPACE',''
  ) );
#1287 = ORIENTED_EDGE('',*,*,#1288,.T.);
#1288 = EDGE_CURVE('',#1261,#1289,#1291,.T.);
#1289 = VERTEX_POINT('',#1290);
#1290 = CARTESIAN_POINT('',(44.,50.445,58.65));
#1291 = SURFACE_CURVE('',#1292,(#1296,#1303),.PCURVE_S1.);
#1292 = LINE('',#1293,#1294);
#1293 = CARTESIAN_POINT('',(-132.,50.445,58.65));
#1294 = VECTOR('',#1295,1.);
#1295 = DIRECTION('',(1.,0.,-0.));
#1296 = PCURVE('',#215,#1297);
#1297 = DEFINITIONAL_REPRESENTATION('',(#1298),#1302);
#1298 = LINE('',#1299,#1300);
#1299 = CARTESIAN_POINT('',(8.,126.645));
#1300 = VECTOR('',#1301,1.);
#1301 = DIRECTION('',(1.,0.));
#1302 = ( GEOMETRIC_REPRESENTATION_CONTEXT(2) 
PARAMETRIC_REPRESENTATION_CONTEXT() REPRESENTATION_CONTEXT('2D SPACE',''
  ) );
#1303 = PCURVE('',#1304,#1309);
#1304 = PLANE('',#1305);
#1305 = AXIS2_PLACEMENT_3D('',#1306,#1307,#1308);
#1306 = CARTESIAN_POINT('',(-132.,50.445,58.65));
#1307 = DIRECTION('',(-0.,1.,0.));
#1308 = DIRECTION('',(0.,0.,1.));
#1309 = DEFINITIONAL_REPRESENTATION('',(#1310),#1314);
#1310 = LINE('',#1311,#1312);
#1311 = CARTESIAN_POINT('',(0.,0.));
#1312 = VECTOR('',#1313,1.);
#1313 = DIRECTION('',(0.,1.));
#1314 = ( GEOMETRIC_REPRESENTATION_CONTEXT(2) 
PARAMETRIC_REPRESENTATION_CONTEXT() REPRESENTATION_CONTEXT('2D SPACE',''
  ) );
#1315 = ORIENTED_EDGE('',*,*,#1316,.F.);
#1316 = EDGE_CURVE('',#1317,#1289,#1319,.T.);
#1317 = VERTEX_POINT('',#1318);
#1318 = CARTESIAN_POINT('',(44.,48.855,58.65));
#1319 = SURFACE_CURVE('',#1320,(#1324,#1331),.PCURVE_S1.);
#1320 = LINE('',#1321,#1322);
#1321 = CARTESIAN_POINT('',(44.,48.855,58.65));
#1322 = VECTOR('',#1323,1.);
#1323 = DIRECTION('',(-0.,1.,0.));
#1324 = PCURVE('',#215,#1325);
#1325 = DEFINITIONAL_REPRESENTATION('',(#1326),#1330);
#1326 = LINE('',#1327,#1328);
#1327 = CARTESIAN_POINT('',(184.,125.055));
#1328 = VECTOR('',#1329,1.);
#1329 = DIRECTION('',(0.,1.));
#1330 = ( GEOMETRIC_REPRESENTATION_CONTEXT(2) 
PARAMETRIC_REPRESENTATION_CONTEXT() REPRESENTATION_CONTEXT('2D SPACE',''
  ) );
#1331 = PCURVE('',#1332,#1337);
#1332 = PLANE('',#1333);
#1333 = AXIS2_PLACEMENT_3D('',#1334,#1335,#1336);
#1334 = CARTESIAN_POINT('',(44.,48.855,58.65));
#1335 = DIRECTION('',(1.,0.,-0.));
#1336 = DIRECTION('',(0.,0.,1.));
#1337 = DEFINITIONAL_REPRESENTATION('',(#1338),#1342);
#1338 = LINE('',#1339,#1340);
#1339 = CARTESIAN_POINT('',(0.,0.));
#1340 = VECTOR('',#1341,1.);
#1341 = DIRECTION('',(0.,-1.));
#1342 = ( GEOMETRIC_REPRESENTATION_CONTEXT(2) 
PARAMETRIC_REPRESENTATION_CONTEXT() REPRESENTATION_CONTEXT('2D SPACE',''
  ) );
#1343 = ORIENTED_EDGE('',*,*,#1344,.F.);
#1344 = EDGE_CURVE('',#1259,#1317,#1345,.T.);
#1345 = SURFACE_CURVE('',#1346,(#1350,#1357),.PCURVE_S1.);
#1346 = LINE('',#1347,#1348);
#1347 = CARTESIAN_POINT('',(-132.,48.855,58.65));
#1348 = VECTOR('',#1349,1.);
#1349 = DIRECTION('',(1.,0.,-0.));
#1350 = PCURVE('',#215,#1351);
#1351 = DEFINITIONAL_REPRESENTATION('',(#1352),#1356);
#1352 = LINE('',#1353,#1354);
#1353 = CARTESIAN_POINT('',(8.,125.055));
#1354 = VECTOR('',#1355,1.);
#1355 = DIRECTION('',(1.,0.));
#1356 = ( GEOMETRIC_REPRESENTATION_CONTEXT(2) 
PARAMETRIC_REPRESENTATION_CONTEXT() REPRESENTATION_CONTEXT('2D SPACE',''
  ) );
#1357 = PCURVE('',#1358,#1363);
#1358 = PLANE('',#1359);
#1359 = AXIS2_PLACEMENT_3D('',#1360,#1361,#1362);
#1360 = CARTESIAN_POINT('',(-132.,48.855,58.65));
#1361 = DIRECTION('',(-0.,1.,0.));
#1362 = DIRECTION('',(0.,0.,1.));
#1363 = DEFINITIONAL_REPRESENTATION('',(#1364),#1368);
#1364 = LINE('',#1365,#1366);
#1365 = CARTESIAN_POINT('',(0.,0.));
#1366 = VECTOR('',#1367,1.);
#1367 = DIRECTION('',(0.,1.));
#1368 = ( GEOMETRIC_REPRESENTATION_CONTEXT(2) 
PARAMETRIC_REPRESENTATION_CONTEXT() REPRESENTATION_CONTEXT('2D SPACE',''
  ) );
#1369 = FACE_BOUND('',#1370,.T.);
#1370 = EDGE_LOOP('',(#1371,#1401,#1429,#1457));
#1371 = ORIENTED_EDGE('',*,*,#1372,.T.);
#1372 = EDGE_CURVE('',#1373,#1375,#1377,.T.);
#1373 = VERTEX_POINT('',#1374);
#1374 = CARTESIAN_POINT('',(-132.,65.405,58.65));
#1375 = VERTEX_POINT('',#1376);
#1376 = CARTESIAN_POINT('',(-132.,66.995,58.65));
#1377 = SURFACE_CURVE('',#1378,(#1382,#1389),.PCURVE_S1.);
#1378 = LINE('',#1379,#1380);
#1379 = CARTESIAN_POINT('',(-132.,65.405,58.65));
#1380 = VECTOR('',#1381,1.);
#1381 = DIRECTION('',(-0.,1.,0.));
#1382 = PCURVE('',#215,#1383);
#1383 = DEFINITIONAL_REPRESENTATION('',(#1384),#1388);
#1384 = LINE('',#1385,#1386);
#1385 = CARTESIAN_POINT('',(8.,141.605));
#1386 = VECTOR('',#1387,1.);
#1387 = DIRECTION('',(0.,1.));
#1388 = ( GEOMETRIC_REPRESENTATION_CONTEXT(2) 
PARAMETRIC_REPRESENTATION_CONTEXT() REPRESENTATION_CONTEXT('2D SPACE',''
  ) );
#1389 = PCURVE('',#1390,#1395);
#1390 = PLANE('',#1391);
#1391 = AXIS2_PLACEMENT_3D('',#1392,#1393,#1394);
#1392 = CARTESIAN_POINT('',(-132.,65.405,58.65));
#1393 = DIRECTION('',(1.,0.,-0.));
#1394 = DIRECTION('',(0.,0.,1.));
#1395 = DEFINITIONAL_REPRESENTATION('',(#1396),#1400);
#1396 = LINE('',#1397,#1398);
#1397 = CARTESIAN_POINT('',(0.,0.));
#1398 = VECTOR('',#1399,1.);
#1399 = DIRECTION('',(0.,-1.));
#1400 = ( GEOMETRIC_REPRESENTATION_CONTEXT(2) 
PARAMETRIC_REPRESENTATION_CONTEXT() REPRESENTATION_CONTEXT('2D SPACE',''
  ) );
#1401 = ORIENTED_EDGE('',*,*,#1402,.T.);
#1402 = EDGE_CURVE('',#1375,#1403,#1405,.T.);
#1403 = VERTEX_POINT('',#1404);
#1404 = CARTESIAN_POINT('',(44.,66.995,58.65));
#1405 = SURFACE_CURVE('',#1406,(#1410,#1417),.PCURVE_S1.);
#1406 = LINE('',#1407,#1408);
#1407 = CARTESIAN_POINT('',(-132.,66.995,58.65));
#1408 = VECTOR('',#1409,1.);
#1409 = DIRECTION('',(1.,0.,-0.));
#1410 = PCURVE('',#215,#1411);
#1411 = DEFINITIONAL_REPRESENTATION('',(#1412),#1416);
#1412 = LINE('',#1413,#1414);
#1413 = CARTESIAN_POINT('',(8.,143.195));
#1414 = VECTOR('',#1415,1.);
#1415 = DIRECTION('',(1.,0.));
#1416 = ( GEOMETRIC_REPRESENTATION_CONTEXT(2) 
PARAMETRIC_REPRESENTATION_CONTEXT() REPRESENTATION_CONTEXT('2D SPACE',''
  ) );
#1417 = PCURVE('',#1418,#1423);
#1418 = PLANE('',#1419);
#1419 = AXIS2_PLACEMENT_3D('',#1420,#1421,#1422);
#1420 = CARTESIAN_POINT('',(-132.,66.995,58.65));
#1421 = DIRECTION('',(-0.,1.,0.));
#1422 = DIRECTION('',(0.,0.,1.));
#1423 = DEFINITIONAL_REPRESENTATION('',(#1424),#1428);
#1424 = LINE('',#1425,#1426);
#1425 = CARTESIAN_POINT('',(0.,0.));
#1426 = VECTOR('',#1427,1.);
#1427 = DIRECTION('',(0.,1.));
#1428 = ( GEOMETRIC_REPRESENTATION_CONTEXT(2) 
PARAMETRIC_REPRESENTATION_CONTEXT() REPRESENTATION_CONTEXT('2D SPACE',''
  ) );
#1429 = ORIENTED_EDGE('',*,*,#1430,.F.);
#1430 = EDGE_CURVE('',#1431,#1403,#1433,.T.);
#1431 = VERTEX_POINT('',#1432);
#1432 = CARTESIAN_POINT('',(44.,65.405,58.65));
#1433 = SURFACE_CURVE('',#1434,(#1438,#1445),.PCURVE_S1.);
#1434 = LINE('',#1435,#1436);
#1435 = CARTESIAN_POINT('',(44.,65.405,58.65));
#1436 = VECTOR('',#1437,1.);
#1437 = DIRECTION('',(-0.,1.,0.));
#1438 = PCURVE('',#215,#1439);
#1439 = DEFINITIONAL_REPRESENTATION('',(#1440),#1444);
#1440 = LINE('',#1441,#1442);
#1441 = CARTESIAN_POINT('',(184.,141.605));
#1442 = VECTOR('',#1443,1.);
#1443 = DIRECTION('',(0.,1.));
#1444 = ( GEOMETRIC_REPRESENTATION_CONTEXT(2) 
PARAMETRIC_REPRESENTATION_CONTEXT() REPRESENTATION_CONTEXT('2D SPACE',''
  ) );
#1445 = PCURVE('',#1446,#1451);
#1446 = PLANE('',#1447);
#1447 = AXIS2_PLACEMENT_3D('',#1448,#1449,#1450);
#1448 = CARTESIAN_POINT('',(44.,65.405,58.65));
#1449 = DIRECTION('',(1.,0.,-0.));
#1450 = DIRECTION('',(0.,0.,1.));
#1451 = DEFINITIONAL_REPRESENTATION('',(#1452),#1456);
#1452 = LINE('',#1453,#1454);
#1453 = CARTESIAN_POINT('',(0.,0.));
#1454 = VECTOR('',#1455,1.);
#1455 = DIRECTION('',(0.,-1.));
#1456 = ( GEOMETRIC_REPRESENTATION_CONTEXT(2) 
PARAMETRIC_REPRESENTATION_CONTEXT() REPRESENTATION_CONTEXT('2D SPACE',''
  ) );
#1457 = ORIENTED_EDGE('',*,*,#1458,.F.);
#1458 = EDGE_CURVE('',#1373,#1431,#1459,.T.);
#1459 = SURFACE_CURVE('',#1460,(#1464,#1471),.PCURVE_S1.);
#1460 = LINE('',#1461,#1462);
#1461 = CARTESIAN_POINT('',(-132.,65.405,58.65));
#1462 = VECTOR('',#1463,1.);
#1463 = DIRECTION('',(1.,0.,-0.));
#1464 = PCURVE('',#215,#1465);
#1465 = DEFINITIONAL_REPRESENTATION('',(#1466),#1470);
#1466 = LINE('',#1467,#1468);
#1467 = CARTESIAN_POINT('',(8.,141.605));
#1468 = VECTOR('',#1469,1.);
#1469 = DIRECTION('',(1.,0.));
#1470 = ( GEOMETRIC_REPRESENTATION_CONTEXT(2) 
PARAMETRIC_REPRESENTATION_CONTEXT() REPRESENTATION_CONTEXT('2D SPACE',''
  ) );
#1471 = PCURVE('',#1472,#1477);
#1472 = PLANE('',#1473);
#1473 = AXIS2_PLACEMENT_3D('',#1474,#1475,#1476);
#1474 = CARTESIAN_POINT('',(-132.,65.405,58.65));
#1475 = DIRECTION('',(-0.,1.,0.));
#1476 = DIRECTION('',(0.,0.,1.));
#1477 = DEFINITIONAL_REPRESENTATION('',(#1478),#1482);
#1478 = LINE('',#1479,#1480);
#1479 = CARTESIAN_POINT('',(0.,0.));
#1480 = VECTOR('',#1481,1.);
#1481 = DIRECTION('',(0.,1.));
#1482 = ( GEOMETRIC_REPRESENTATION_CONTEXT(2) 
PARAMETRIC_REPRESENTATION_CONTEXT() REPRESENTATION_CONTEXT('2D SPACE',''
  ) );
#1483 = ADVANCED_FACE('',(#1484,#1532,#1646,#1760,#1874,#1988,#2102,
    #2216,#2330,#2444),#161,.F.);
#1484 = FACE_BOUND('',#1485,.F.);
#1485 = EDGE_LOOP('',(#1486,#1487,#1488,#1511));
#1486 = ORIENTED_EDGE('',*,*,#145,.F.);
#1487 = ORIENTED_EDGE('',*,*,#336,.T.);
#1488 = ORIENTED_EDGE('',*,*,#1489,.T.);
#1489 = EDGE_CURVE('',#337,#1490,#1492,.T.);
#1490 = VERTEX_POINT('',#1491);
#1491 = CARTESIAN_POINT('',(140.,76.2,7.85));
#1492 = SURFACE_CURVE('',#1493,(#1497,#1504),.PCURVE_S1.);
#1493 = LINE('',#1494,#1495);
#1494 = CARTESIAN_POINT('',(140.,-76.2,7.85));
#1495 = VECTOR('',#1496,1.);
#1496 = DIRECTION('',(-0.,1.,0.));
#1497 = PCURVE('',#161,#1498);
#1498 = DEFINITIONAL_REPRESENTATION('',(#1499),#1503);
#1499 = LINE('',#1500,#1501);
#1500 = CARTESIAN_POINT('',(280.,0.));
#1501 = VECTOR('',#1502,1.);
#1502 = DIRECTION('',(0.,1.));
#1503 = ( GEOMETRIC_REPRESENTATION_CONTEXT(2) 
PARAMETRIC_REPRESENTATION_CONTEXT() REPRESENTATION_CONTEXT('2D SPACE',''
  ) );
#1504 = PCURVE('',#397,#1505);
#1505 = DEFINITIONAL_REPRESENTATION('',(#1506),#1510);
#1506 = LINE('',#1507,#1508);
#1507 = CARTESIAN_POINT('',(0.,0.));
#1508 = VECTOR('',#1509,1.);
#1509 = DIRECTION('',(0.,-1.));
#1510 = ( GEOMETRIC_REPRESENTATION_CONTEXT(2) 
PARAMETRIC_REPRESENTATION_CONTEXT() REPRESENTATION_CONTEXT('2D SPACE',''
  ) );
#1511 = ORIENTED_EDGE('',*,*,#1512,.F.);
#1512 = EDGE_CURVE('',#146,#1490,#1513,.T.);
#1513 = SURFACE_CURVE('',#1514,(#1518,#1525),.PCURVE_S1.);
#1514 = LINE('',#1515,#1516);
#1515 = CARTESIAN_POINT('',(-140.,76.2,7.85));
#1516 = VECTOR('',#1517,1.);
#1517 = DIRECTION('',(1.,0.,-0.));
#1518 = PCURVE('',#161,#1519);
#1519 = DEFINITIONAL_REPRESENTATION('',(#1520),#1524);
#1520 = LINE('',#1521,#1522);
#1521 = CARTESIAN_POINT('',(0.,152.4));
#1522 = VECTOR('',#1523,1.);
#1523 = DIRECTION('',(1.,0.));
#1524 = ( GEOMETRIC_REPRESENTATION_CONTEXT(2) 
PARAMETRIC_REPRESENTATION_CONTEXT() REPRESENTATION_CONTEXT('2D SPACE',''
  ) );
#1525 = PCURVE('',#189,#1526);
#1526 = DEFINITIONAL_REPRESENTATION('',(#1527),#1531);
#1527 = LINE('',#1528,#1529);
#1528 = CARTESIAN_POINT('',(0.,0.));
#1529 = VECTOR('',#1530,1.);
#1530 = DIRECTION('',(0.,1.));
#1531 = ( GEOMETRIC_REPRESENTATION_CONTEXT(2) 
PARAMETRIC_REPRESENTATION_CONTEXT() REPRESENTATION_CONTEXT('2D SPACE',''
  ) );
#1532 = FACE_BOUND('',#1533,.F.);
#1533 = EDGE_LOOP('',(#1534,#1564,#1592,#1620));
#1534 = ORIENTED_EDGE('',*,*,#1535,.T.);
#1535 = EDGE_CURVE('',#1536,#1538,#1540,.T.);
#1536 = VERTEX_POINT('',#1537);
#1537 = CARTESIAN_POINT('',(-132.,-66.995,7.85));
#1538 = VERTEX_POINT('',#1539);
#1539 = CARTESIAN_POINT('',(-132.,-65.405,7.85));
#1540 = SURFACE_CURVE('',#1541,(#1545,#1552),.PCURVE_S1.);
#1541 = LINE('',#1542,#1543);
#1542 = CARTESIAN_POINT('',(-132.,-66.995,7.85));
#1543 = VECTOR('',#1544,1.);
#1544 = DIRECTION('',(-0.,1.,0.));
#1545 = PCURVE('',#161,#1546);
#1546 = DEFINITIONAL_REPRESENTATION('',(#1547),#1551);
#1547 = LINE('',#1548,#1549);
#1548 = CARTESIAN_POINT('',(8.,9.205));
#1549 = VECTOR('',#1550,1.);
#1550 = DIRECTION('',(0.,1.));
#1551 = ( GEOMETRIC_REPRESENTATION_CONTEXT(2) 
PARAMETRIC_REPRESENTATION_CONTEXT() REPRESENTATION_CONTEXT('2D SPACE',''
  ) );
#1552 = PCURVE('',#1553,#1558);
#1553 = PLANE('',#1554);
#1554 = AXIS2_PLACEMENT_3D('',#1555,#1556,#1557);
#1555 = CARTESIAN_POINT('',(-132.,-66.995,1.5));
#1556 = DIRECTION('',(1.,0.,-0.));
#1557 = DIRECTION('',(0.,0.,1.));
#1558 = DEFINITIONAL_REPRESENTATION('',(#1559),#1563);
#1559 = LINE('',#1560,#1561);
#1560 = CARTESIAN_POINT('',(6.35,0.));
#1561 = VECTOR('',#1562,1.);
#1562 = DIRECTION('',(0.,-1.));
#1563 = ( GEOMETRIC_REPRESENTATION_CONTEXT(2) 
PARAMETRIC_REPRESENTATION_CONTEXT() REPRESENTATION_CONTEXT('2D SPACE',''
  ) );
#1564 = ORIENTED_EDGE('',*,*,#1565,.T.);
#1565 = EDGE_CURVE('',#1538,#1566,#1568,.T.);
#1566 = VERTEX_POINT('',#1567);
#1567 = CARTESIAN_POINT('',(132.,-65.405,7.85));
#1568 = SURFACE_CURVE('',#1569,(#1573,#1580),.PCURVE_S1.);
#1569 = LINE('',#1570,#1571);
#1570 = CARTESIAN_POINT('',(-132.,-65.405,7.85));
#1571 = VECTOR('',#1572,1.);
#1572 = DIRECTION('',(1.,0.,-0.));
#1573 = PCURVE('',#161,#1574);
#1574 = DEFINITIONAL_REPRESENTATION('',(#1575),#1579);
#1575 = LINE('',#1576,#1577);
#1576 = CARTESIAN_POINT('',(8.,10.795));
#1577 = VECTOR('',#1578,1.);
#1578 = DIRECTION('',(1.,0.));
#1579 = ( GEOMETRIC_REPRESENTATION_CONTEXT(2) 
PARAMETRIC_REPRESENTATION_CONTEXT() REPRESENTATION_CONTEXT('2D SPACE',''
  ) );
#1580 = PCURVE('',#1581,#1586);
#1581 = PLANE('',#1582);
#1582 = AXIS2_PLACEMENT_3D('',#1583,#1584,#1585);
#1583 = CARTESIAN_POINT('',(-132.,-65.405,1.5));
#1584 = DIRECTION('',(-0.,1.,0.));
#1585 = DIRECTION('',(0.,0.,1.));
#1586 = DEFINITIONAL_REPRESENTATION('',(#1587),#1591);
#1587 = LINE('',#1588,#1589);
#1588 = CARTESIAN_POINT('',(6.35,0.));
#1589 = VECTOR('',#1590,1.);
#1590 = DIRECTION('',(0.,1.));
#1591 = ( GEOMETRIC_REPRESENTATION_CONTEXT(2) 
PARAMETRIC_REPRESENTATION_CONTEXT() REPRESENTATION_CONTEXT('2D SPACE',''
  ) );
#1592 = ORIENTED_EDGE('',*,*,#1593,.F.);
#1593 = EDGE_CURVE('',#1594,#1566,#1596,.T.);
#1594 = VERTEX_POINT('',#1595);
#1595 = CARTESIAN_POINT('',(132.,-66.995,7.85));
#1596 = SURFACE_CURVE('',#1597,(#1601,#1608),.PCURVE_S1.);
#1597 = LINE('',#1598,#1599);
#1598 = CARTESIAN_POINT('',(132.,-66.995,7.85));
#1599 = VECTOR('',#1600,1.);
#1600 = DIRECTION('',(-0.,1.,0.));
#1601 = PCURVE('',#161,#1602);
#1602 = DEFINITIONAL_REPRESENTATION('',(#1603),#1607);
#1603 = LINE('',#1604,#1605);
#1604 = CARTESIAN_POINT('',(272.,9.205));
#1605 = VECTOR('',#1606,1.);
#1606 = DIRECTION('',(0.,1.));
#1607 = ( GEOMETRIC_REPRESENTATION_CONTEXT(2) 
PARAMETRIC_REPRESENTATION_CONTEXT() REPRESENTATION_CONTEXT('2D SPACE',''
  ) );
#1608 = PCURVE('',#1609,#1614);
#1609 = PLANE('',#1610);
#1610 = AXIS2_PLACEMENT_3D('',#1611,#1612,#1613);
#1611 = CARTESIAN_POINT('',(132.,-66.995,1.5));
#1612 = DIRECTION('',(1.,0.,-0.));
#1613 = DIRECTION('',(0.,0.,1.));
#1614 = DEFINITIONAL_REPRESENTATION('',(#1615),#1619);
#1615 = LINE('',#1616,#1617);
#1616 = CARTESIAN_POINT('',(6.35,0.));
#1617 = VECTOR('',#1618,1.);
#1618 = DIRECTION('',(0.,-1.));
#1619 = ( GEOMETRIC_REPRESENTATION_CONTEXT(2) 
PARAMETRIC_REPRESENTATION_CONTEXT() REPRESENTATION_CONTEXT('2D SPACE',''
  ) );
#1620 = ORIENTED_EDGE('',*,*,#1621,.F.);
#1621 = EDGE_CURVE('',#1536,#1594,#1622,.T.);
#1622 = SURFACE_CURVE('',#1623,(#1627,#1634),.PCURVE_S1.);
#1623 = LINE('',#1624,#1625);
#1624 = CARTESIAN_POINT('',(-132.,-66.995,7.85));
#1625 = VECTOR('',#1626,1.);
#1626 = DIRECTION('',(1.,0.,-0.));
#1627 = PCURVE('',#161,#1628);
#1628 = DEFINITIONAL_REPRESENTATION('',(#1629),#1633);
#1629 = LINE('',#1630,#1631);
#1630 = CARTESIAN_POINT('',(8.,9.205));
#1631 = VECTOR('',#1632,1.);
#1632 = DIRECTION('',(1.,0.));
#1633 = ( GEOMETRIC_REPRESENTATION_CONTEXT(2) 
PARAMETRIC_REPRESENTATION_CONTEXT() REPRESENTATION_CONTEXT('2D SPACE',''
  ) );
#1634 = PCURVE('',#1635,#1640);
#1635 = PLANE('',#1636);
#1636 = AXIS2_PLACEMENT_3D('',#1637,#1638,#1639);
#1637 = CARTESIAN_POINT('',(-132.,-66.995,1.5));
#1638 = DIRECTION('',(-0.,1.,0.));
#1639 = DIRECTION('',(0.,0.,1.));
#1640 = DEFINITIONAL_REPRESENTATION('',(#1641),#1645);
#1641 = LINE('',#1642,#1643);
#1642 = CARTESIAN_POINT('',(6.35,0.));
#1643 = VECTOR('',#1644,1.);
#1644 = DIRECTION('',(0.,1.));
#1645 = ( GEOMETRIC_REPRESENTATION_CONTEXT(2) 
PARAMETRIC_REPRESENTATION_CONTEXT() REPRESENTATION_CONTEXT('2D SPACE',''
  ) );
#1646 = FACE_BOUND('',#1647,.F.);
#1647 = EDGE_LOOP('',(#1648,#1678,#1706,#1734));
#1648 = ORIENTED_EDGE('',*,*,#1649,.T.);
#1649 = EDGE_CURVE('',#1650,#1652,#1654,.T.);
#1650 = VERTEX_POINT('',#1651);
#1651 = CARTESIAN_POINT('',(-132.,-50.445,7.85));
#1652 = VERTEX_POINT('',#1653);
#1653 = CARTESIAN_POINT('',(-132.,-48.855,7.85));
#1654 = SURFACE_CURVE('',#1655,(#1659,#1666),.PCURVE_S1.);
#1655 = LINE('',#1656,#1657);
#1656 = CARTESIAN_POINT('',(-132.,-50.445,7.85));
#1657 = VECTOR('',#1658,1.);
#1658 = DIRECTION('',(-0.,1.,0.));
#1659 = PCURVE('',#161,#1660);
#1660 = DEFINITIONAL_REPRESENTATION('',(#1661),#1665);
#1661 = LINE('',#1662,#1663);
#1662 = CARTESIAN_POINT('',(8.,25.755));
#1663 = VECTOR('',#1664,1.);
#1664 = DIRECTION('',(0.,1.));
#1665 = ( GEOMETRIC_REPRESENTATION_CONTEXT(2) 
PARAMETRIC_REPRESENTATION_CONTEXT() REPRESENTATION_CONTEXT('2D SPACE',''
  ) );
#1666 = PCURVE('',#1667,#1672);
#1667 = PLANE('',#1668);
#1668 = AXIS2_PLACEMENT_3D('',#1669,#1670,#1671);
#1669 = CARTESIAN_POINT('',(-132.,-50.445,1.5));
#1670 = DIRECTION('',(1.,0.,-0.));
#1671 = DIRECTION('',(0.,0.,1.));
#1672 = DEFINITIONAL_REPRESENTATION('',(#1673),#1677);
#1673 = LINE('',#1674,#1675);
#1674 = CARTESIAN_POINT('',(6.35,0.));
#1675 = VECTOR('',#1676,1.);
#1676 = DIRECTION('',(0.,-1.));
#1677 = ( GEOMETRIC_REPRESENTATION_CONTEXT(2) 
PARAMETRIC_REPRESENTATION_CONTEXT() REPRESENTATION_CONTEXT('2D SPACE',''
  ) );
#1678 = ORIENTED_EDGE('',*,*,#1679,.T.);
#1679 = EDGE_CURVE('',#1652,#1680,#1682,.T.);
#1680 = VERTEX_POINT('',#1681);
#1681 = CARTESIAN_POINT('',(132.,-48.855,7.85));
#1682 = SURFACE_CURVE('',#1683,(#1687,#1694),.PCURVE_S1.);
#1683 = LINE('',#1684,#1685);
#1684 = CARTESIAN_POINT('',(-132.,-48.855,7.85));
#1685 = VECTOR('',#1686,1.);
#1686 = DIRECTION('',(1.,0.,-0.));
#1687 = PCURVE('',#161,#1688);
#1688 = DEFINITIONAL_REPRESENTATION('',(#1689),#1693);
#1689 = LINE('',#1690,#1691);
#1690 = CARTESIAN_POINT('',(8.,27.345));
#1691 = VECTOR('',#1692,1.);
#1692 = DIRECTION('',(1.,0.));
#1693 = ( GEOMETRIC_REPRESENTATION_CONTEXT(2) 
PARAMETRIC_REPRESENTATION_CONTEXT() REPRESENTATION_CONTEXT('2D SPACE',''
  ) );
#1694 = PCURVE('',#1695,#1700);
#1695 = PLANE('',#1696);
#1696 = AXIS2_PLACEMENT_3D('',#1697,#1698,#1699);
#1697 = CARTESIAN_POINT('',(-132.,-48.855,1.5));
#1698 = DIRECTION('',(-0.,1.,0.));
#1699 = DIRECTION('',(0.,0.,1.));
#1700 = DEFINITIONAL_REPRESENTATION('',(#1701),#1705);
#1701 = LINE('',#1702,#1703);
#1702 = CARTESIAN_POINT('',(6.35,0.));
#1703 = VECTOR('',#1704,1.);
#1704 = DIRECTION('',(0.,1.));
#1705 = ( GEOMETRIC_REPRESENTATION_CONTEXT(2) 
PARAMETRIC_REPRESENTATION_CONTEXT() REPRESENTATION_CONTEXT('2D SPACE',''
  ) );
#1706 = ORIENTED_EDGE('',*,*,#1707,.F.);
#1707 = EDGE_CURVE('',#1708,#1680,#1710,.T.);
#1708 = VERTEX_POINT('',#1709);
#1709 = CARTESIAN_POINT('',(132.,-50.445,7.85));
#1710 = SURFACE_CURVE('',#1711,(#1715,#1722),.PCURVE_S1.);
#1711 = LINE('',#1712,#1713);
#1712 = CARTESIAN_POINT('',(132.,-50.445,7.85));
#1713 = VECTOR('',#1714,1.);
#1714 = DIRECTION('',(-0.,1.,0.));
#1715 = PCURVE('',#161,#1716);
#1716 = DEFINITIONAL_REPRESENTATION('',(#1717),#1721);
#1717 = LINE('',#1718,#1719);
#1718 = CARTESIAN_POINT('',(272.,25.755));
#1719 = VECTOR('',#1720,1.);
#1720 = DIRECTION('',(0.,1.));
#1721 = ( GEOMETRIC_REPRESENTATION_CONTEXT(2) 
PARAMETRIC_REPRESENTATION_CONTEXT() REPRESENTATION_CONTEXT('2D SPACE',''
  ) );
#1722 = PCURVE('',#1723,#1728);
#1723 = PLANE('',#1724);
#1724 = AXIS2_PLACEMENT_3D('',#1725,#1726,#1727);
#1725 = CARTESIAN_POINT('',(132.,-50.445,1.5));
#1726 = DIRECTION('',(1.,0.,-0.));
#1727 = DIRECTION('',(0.,0.,1.));
#1728 = DEFINITIONAL_REPRESENTATION('',(#1729),#1733);
#1729 = LINE('',#1730,#1731);
#1730 = CARTESIAN_POINT('',(6.35,0.));
#1731 = VECTOR('',#1732,1.);
#1732 = DIRECTION('',(0.,-1.));
#1733 = ( GEOMETRIC_REPRESENTATION_CONTEXT(2) 
PARAMETRIC_REPRESENTATION_CONTEXT() REPRESENTATION_CONTEXT('2D SPACE',''
  ) );
#1734 = ORIENTED_EDGE('',*,*,#1735,.F.);
#1735 = EDGE_CURVE('',#1650,#1708,#1736,.T.);
#1736 = SURFACE_CURVE('',#1737,(#1741,#1748),.PCURVE_S1.);
#1737 = LINE('',#1738,#1739);
#1738 = CARTESIAN_POINT('',(-132.,-50.445,7.85));
#1739 = VECTOR('',#1740,1.);
#1740 = DIRECTION('',(1.,0.,-0.));
#1741 = PCURVE('',#161,#1742);
#1742 = DEFINITIONAL_REPRESENTATION('',(#1743),#1747);
#1743 = LINE('',#1744,#1745);
#1744 = CARTESIAN_POINT('',(8.,25.755));
#1745 = VECTOR('',#1746,1.);
#1746 = DIRECTION('',(1.,0.));
#1747 = ( GEOMETRIC_REPRESENTATION_CONTEXT(2) 
PARAMETRIC_REPRESENTATION_CONTEXT() REPRESENTATION_CONTEXT('2D SPACE',''
  ) );
#1748 = PCURVE('',#1749,#1754);
#1749 = PLANE('',#1750);
#1750 = AXIS2_PLACEMENT_3D('',#1751,#1752,#1753);
#1751 = CARTESIAN_POINT('',(-132.,-50.445,1.5));
#1752 = DIRECTION('',(-0.,1.,0.));
#1753 = DIRECTION('',(0.,0.,1.));
#1754 = DEFINITIONAL_REPRESENTATION('',(#1755),#1759);
#1755 = LINE('',#1756,#1757);
#1756 = CARTESIAN_POINT('',(6.35,0.));
#1757 = VECTOR('',#1758,1.);
#1758 = DIRECTION('',(0.,1.));
#1759 = ( GEOMETRIC_REPRESENTATION_CONTEXT(2) 
PARAMETRIC_REPRESENTATION_CONTEXT() REPRESENTATION_CONTEXT('2D SPACE',''
  ) );
#1760 = FACE_BOUND('',#1761,.F.);
#1761 = EDGE_LOOP('',(#1762,#1792,#1820,#1848));
#1762 = ORIENTED_EDGE('',*,*,#1763,.T.);
#1763 = EDGE_CURVE('',#1764,#1766,#1768,.T.);
#1764 = VERTEX_POINT('',#1765);
#1765 = CARTESIAN_POINT('',(-132.,-33.895,7.85));
#1766 = VERTEX_POINT('',#1767);
#1767 = CARTESIAN_POINT('',(-132.,-32.305,7.85));
#1768 = SURFACE_CURVE('',#1769,(#1773,#1780),.PCURVE_S1.);
#1769 = LINE('',#1770,#1771);
#1770 = CARTESIAN_POINT('',(-132.,-33.895,7.85));
#1771 = VECTOR('',#1772,1.);
#1772 = DIRECTION('',(-0.,1.,0.));
#1773 = PCURVE('',#161,#1774);
#1774 = DEFINITIONAL_REPRESENTATION('',(#1775),#1779);
#1775 = LINE('',#1776,#1777);
#1776 = CARTESIAN_POINT('',(8.,42.305));
#1777 = VECTOR('',#1778,1.);
#1778 = DIRECTION('',(0.,1.));
#1779 = ( GEOMETRIC_REPRESENTATION_CONTEXT(2) 
PARAMETRIC_REPRESENTATION_CONTEXT() REPRESENTATION_CONTEXT('2D SPACE',''
  ) );
#1780 = PCURVE('',#1781,#1786);
#1781 = PLANE('',#1782);
#1782 = AXIS2_PLACEMENT_3D('',#1783,#1784,#1785);
#1783 = CARTESIAN_POINT('',(-132.,-33.895,1.5));
#1784 = DIRECTION('',(1.,0.,-0.));
#1785 = DIRECTION('',(0.,0.,1.));
#1786 = DEFINITIONAL_REPRESENTATION('',(#1787),#1791);
#1787 = LINE('',#1788,#1789);
#1788 = CARTESIAN_POINT('',(6.35,0.));
#1789 = VECTOR('',#1790,1.);
#1790 = DIRECTION('',(0.,-1.));
#1791 = ( GEOMETRIC_REPRESENTATION_CONTEXT(2) 
PARAMETRIC_REPRESENTATION_CONTEXT() REPRESENTATION_CONTEXT('2D SPACE',''
  ) );
#1792 = ORIENTED_EDGE('',*,*,#1793,.T.);
#1793 = EDGE_CURVE('',#1766,#1794,#1796,.T.);
#1794 = VERTEX_POINT('',#1795);
#1795 = CARTESIAN_POINT('',(132.,-32.305,7.85));
#1796 = SURFACE_CURVE('',#1797,(#1801,#1808),.PCURVE_S1.);
#1797 = LINE('',#1798,#1799);
#1798 = CARTESIAN_POINT('',(-132.,-32.305,7.85));
#1799 = VECTOR('',#1800,1.);
#1800 = DIRECTION('',(1.,0.,-0.));
#1801 = PCURVE('',#161,#1802);
#1802 = DEFINITIONAL_REPRESENTATION('',(#1803),#1807);
#1803 = LINE('',#1804,#1805);
#1804 = CARTESIAN_POINT('',(8.,43.895));
#1805 = VECTOR('',#1806,1.);
#1806 = DIRECTION('',(1.,0.));
#1807 = ( GEOMETRIC_REPRESENTATION_CONTEXT(2) 
PARAMETRIC_REPRESENTATION_CONTEXT() REPRESENTATION_CONTEXT('2D SPACE',''
  ) );
#1808 = PCURVE('',#1809,#1814);
#1809 = PLANE('',#1810);
#1810 = AXIS2_PLACEMENT_3D('',#1811,#1812,#1813);
#1811 = CARTESIAN_POINT('',(-132.,-32.305,1.5));
#1812 = DIRECTION('',(-0.,1.,0.));
#1813 = DIRECTION('',(0.,0.,1.));
#1814 = DEFINITIONAL_REPRESENTATION('',(#1815),#1819);
#1815 = LINE('',#1816,#1817);
#1816 = CARTESIAN_POINT('',(6.35,0.));
#1817 = VECTOR('',#1818,1.);
#1818 = DIRECTION('',(0.,1.));
#1819 = ( GEOMETRIC_REPRESENTATION_CONTEXT(2) 
PARAMETRIC_REPRESENTATION_CONTEXT() REPRESENTATION_CONTEXT('2D SPACE',''
  ) );
#1820 = ORIENTED_EDGE('',*,*,#1821,.F.);
#1821 = EDGE_CURVE('',#1822,#1794,#1824,.T.);
#1822 = VERTEX_POINT('',#1823);
#1823 = CARTESIAN_POINT('',(132.,-33.895,7.85));
#1824 = SURFACE_CURVE('',#1825,(#1829,#1836),.PCURVE_S1.);
#1825 = LINE('',#1826,#1827);
#1826 = CARTESIAN_POINT('',(132.,-33.895,7.85));
#1827 = VECTOR('',#1828,1.);
#1828 = DIRECTION('',(-0.,1.,0.));
#1829 = PCURVE('',#161,#1830);
#1830 = DEFINITIONAL_REPRESENTATION('',(#1831),#1835);
#1831 = LINE('',#1832,#1833);
#1832 = CARTESIAN_POINT('',(272.,42.305));
#1833 = VECTOR('',#1834,1.);
#1834 = DIRECTION('',(0.,1.));
#1835 = ( GEOMETRIC_REPRESENTATION_CONTEXT(2) 
PARAMETRIC_REPRESENTATION_CONTEXT() REPRESENTATION_CONTEXT('2D SPACE',''
  ) );
#1836 = PCURVE('',#1837,#1842);
#1837 = PLANE('',#1838);
#1838 = AXIS2_PLACEMENT_3D('',#1839,#1840,#1841);
#1839 = CARTESIAN_POINT('',(132.,-33.895,1.5));
#1840 = DIRECTION('',(1.,0.,-0.));
#1841 = DIRECTION('',(0.,0.,1.));
#1842 = DEFINITIONAL_REPRESENTATION('',(#1843),#1847);
#1843 = LINE('',#1844,#1845);
#1844 = CARTESIAN_POINT('',(6.35,0.));
#1845 = VECTOR('',#1846,1.);
#1846 = DIRECTION('',(0.,-1.));
#1847 = ( GEOMETRIC_REPRESENTATION_CONTEXT(2) 
PARAMETRIC_REPRESENTATION_CONTEXT() REPRESENTATION_CONTEXT('2D SPACE',''
  ) );
#1848 = ORIENTED_EDGE('',*,*,#1849,.F.);
#1849 = EDGE_CURVE('',#1764,#1822,#1850,.T.);
#1850 = SURFACE_CURVE('',#1851,(#1855,#1862),.PCURVE_S1.);
#1851 = LINE('',#1852,#1853);
#1852 = CARTESIAN_POINT('',(-132.,-33.895,7.85));
#1853 = VECTOR('',#1854,1.);
#1854 = DIRECTION('',(1.,0.,-0.));
#1855 = PCURVE('',#161,#1856);
#1856 = DEFINITIONAL_REPRESENTATION('',(#1857),#1861);
#1857 = LINE('',#1858,#1859);
#1858 = CARTESIAN_POINT('',(8.,42.305));
#1859 = VECTOR('',#1860,1.);
#1860 = DIRECTION('',(1.,0.));
#1861 = ( GEOMETRIC_REPRESENTATION_CONTEXT(2) 
PARAMETRIC_REPRESENTATION_CONTEXT() REPRESENTATION_CONTEXT('2D SPACE',''
  ) );
#1862 = PCURVE('',#1863,#1868);
#1863 = PLANE('',#1864);
#1864 = AXIS2_PLACEMENT_3D('',#1865,#1866,#1867);
#1865 = CARTESIAN_POINT('',(-132.,-33.895,1.5));
#1866 = DIRECTION('',(-0.,1.,0.));
#1867 = DIRECTION('',(0.,0.,1.));
#1868 = DEFINITIONAL_REPRESENTATION('',(#1869),#1873);
#1869 = LINE('',#1870,#1871);
#1870 = CARTESIAN_POINT('',(6.35,0.));
#1871 = VECTOR('',#1872,1.);
#1872 = DIRECTION('',(0.,1.));
#1873 = ( GEOMETRIC_REPRESENTATION_CONTEXT(2) 
PARAMETRIC_REPRESENTATION_CONTEXT() REPRESENTATION_CONTEXT('2D SPACE',''
  ) );
#1874 = FACE_BOUND('',#1875,.F.);
#1875 = EDGE_LOOP('',(#1876,#1906,#1934,#1962));
#1876 = ORIENTED_EDGE('',*,*,#1877,.T.);
#1877 = EDGE_CURVE('',#1878,#1880,#1882,.T.);
#1878 = VERTEX_POINT('',#1879);
#1879 = CARTESIAN_POINT('',(-132.,-17.345,7.85));
#1880 = VERTEX_POINT('',#1881);
#1881 = CARTESIAN_POINT('',(-132.,-15.755,7.85));
#1882 = SURFACE_CURVE('',#1883,(#1887,#1894),.PCURVE_S1.);
#1883 = LINE('',#1884,#1885);
#1884 = CARTESIAN_POINT('',(-132.,-17.345,7.85));
#1885 = VECTOR('',#1886,1.);
#1886 = DIRECTION('',(-0.,1.,0.));
#1887 = PCURVE('',#161,#1888);
#1888 = DEFINITIONAL_REPRESENTATION('',(#1889),#1893);
#1889 = LINE('',#1890,#1891);
#1890 = CARTESIAN_POINT('',(8.,58.855));
#1891 = VECTOR('',#1892,1.);
#1892 = DIRECTION('',(0.,1.));
#1893 = ( GEOMETRIC_REPRESENTATION_CONTEXT(2) 
PARAMETRIC_REPRESENTATION_CONTEXT() REPRESENTATION_CONTEXT('2D SPACE',''
  ) );
#1894 = PCURVE('',#1895,#1900);
#1895 = PLANE('',#1896);
#1896 = AXIS2_PLACEMENT_3D('',#1897,#1898,#1899);
#1897 = CARTESIAN_POINT('',(-132.,-17.345,1.5));
#1898 = DIRECTION('',(1.,0.,-0.));
#1899 = DIRECTION('',(0.,0.,1.));
#1900 = DEFINITIONAL_REPRESENTATION('',(#1901),#1905);
#1901 = LINE('',#1902,#1903);
#1902 = CARTESIAN_POINT('',(6.35,0.));
#1903 = VECTOR('',#1904,1.);
#1904 = DIRECTION('',(0.,-1.));
#1905 = ( GEOMETRIC_REPRESENTATION_CONTEXT(2) 
PARAMETRIC_REPRESENTATION_CONTEXT() REPRESENTATION_CONTEXT('2D SPACE',''
  ) );
#1906 = ORIENTED_EDGE('',*,*,#1907,.T.);
#1907 = EDGE_CURVE('',#1880,#1908,#1910,.T.);
#1908 = VERTEX_POINT('',#1909);
#1909 = CARTESIAN_POINT('',(132.,-15.755,7.85));
#1910 = SURFACE_CURVE('',#1911,(#1915,#1922),.PCURVE_S1.);
#1911 = LINE('',#1912,#1913);
#1912 = CARTESIAN_POINT('',(-132.,-15.755,7.85));
#1913 = VECTOR('',#1914,1.);
#1914 = DIRECTION('',(1.,0.,-0.));
#1915 = PCURVE('',#161,#1916);
#1916 = DEFINITIONAL_REPRESENTATION('',(#1917),#1921);
#1917 = LINE('',#1918,#1919);
#1918 = CARTESIAN_POINT('',(8.,60.445));
#1919 = VECTOR('',#1920,1.);
#1920 = DIRECTION('',(1.,0.));
#1921 = ( GEOMETRIC_REPRESENTATION_CONTEXT(2) 
PARAMETRIC_REPRESENTATION_CONTEXT() REPRESENTATION_CONTEXT('2D SPACE',''
  ) );
#1922 = PCURVE('',#1923,#1928);
#1923 = PLANE('',#1924);
#1924 = AXIS2_PLACEMENT_3D('',#1925,#1926,#1927);
#1925 = CARTESIAN_POINT('',(-132.,-15.755,1.5));
#1926 = DIRECTION('',(-0.,1.,0.));
#1927 = DIRECTION('',(0.,0.,1.));
#1928 = DEFINITIONAL_REPRESENTATION('',(#1929),#1933);
#1929 = LINE('',#1930,#1931);
#1930 = CARTESIAN_POINT('',(6.35,0.));
#1931 = VECTOR('',#1932,1.);
#1932 = DIRECTION('',(0.,1.));
#1933 = ( GEOMETRIC_REPRESENTATION_CONTEXT(2) 
PARAMETRIC_REPRESENTATION_CONTEXT() REPRESENTATION_CONTEXT('2D SPACE',''
  ) );
#1934 = ORIENTED_EDGE('',*,*,#1935,.F.);
#1935 = EDGE_CURVE('',#1936,#1908,#1938,.T.);
#1936 = VERTEX_POINT('',#1937);
#1937 = CARTESIAN_POINT('',(132.,-17.345,7.85));
#1938 = SURFACE_CURVE('',#1939,(#1943,#1950),.PCURVE_S1.);
#1939 = LINE('',#1940,#1941);
#1940 = CARTESIAN_POINT('',(132.,-17.345,7.85));
#1941 = VECTOR('',#1942,1.);
#1942 = DIRECTION('',(-0.,1.,0.));
#1943 = PCURVE('',#161,#1944);
#1944 = DEFINITIONAL_REPRESENTATION('',(#1945),#1949);
#1945 = LINE('',#1946,#1947);
#1946 = CARTESIAN_POINT('',(272.,58.855));
#1947 = VECTOR('',#1948,1.);
#1948 = DIRECTION('',(0.,1.));
#1949 = ( GEOMETRIC_REPRESENTATION_CONTEXT(2) 
PARAMETRIC_REPRESENTATION_CONTEXT() REPRESENTATION_CONTEXT('2D SPACE',''
  ) );
#1950 = PCURVE('',#1951,#1956);
#1951 = PLANE('',#1952);
#1952 = AXIS2_PLACEMENT_3D('',#1953,#1954,#1955);
#1953 = CARTESIAN_POINT('',(132.,-17.345,1.5));
#1954 = DIRECTION('',(1.,0.,-0.));
#1955 = DIRECTION('',(0.,0.,1.));
#1956 = DEFINITIONAL_REPRESENTATION('',(#1957),#1961);
#1957 = LINE('',#1958,#1959);
#1958 = CARTESIAN_POINT('',(6.35,0.));
#1959 = VECTOR('',#1960,1.);
#1960 = DIRECTION('',(0.,-1.));
#1961 = ( GEOMETRIC_REPRESENTATION_CONTEXT(2) 
PARAMETRIC_REPRESENTATION_CONTEXT() REPRESENTATION_CONTEXT('2D SPACE',''
  ) );
#1962 = ORIENTED_EDGE('',*,*,#1963,.F.);
#1963 = EDGE_CURVE('',#1878,#1936,#1964,.T.);
#1964 = SURFACE_CURVE('',#1965,(#1969,#1976),.PCURVE_S1.);
#1965 = LINE('',#1966,#1967);
#1966 = CARTESIAN_POINT('',(-132.,-17.345,7.85));
#1967 = VECTOR('',#1968,1.);
#1968 = DIRECTION('',(1.,0.,-0.));
#1969 = PCURVE('',#161,#1970);
#1970 = DEFINITIONAL_REPRESENTATION('',(#1971),#1975);
#1971 = LINE('',#1972,#1973);
#1972 = CARTESIAN_POINT('',(8.,58.855));
#1973 = VECTOR('',#1974,1.);
#1974 = DIRECTION('',(1.,0.));
#1975 = ( GEOMETRIC_REPRESENTATION_CONTEXT(2) 
PARAMETRIC_REPRESENTATION_CONTEXT() REPRESENTATION_CONTEXT('2D SPACE',''
  ) );
#1976 = PCURVE('',#1977,#1982);
#1977 = PLANE('',#1978);
#1978 = AXIS2_PLACEMENT_3D('',#1979,#1980,#1981);
#1979 = CARTESIAN_POINT('',(-132.,-17.345,1.5));
#1980 = DIRECTION('',(-0.,1.,0.));
#1981 = DIRECTION('',(0.,0.,1.));
#1982 = DEFINITIONAL_REPRESENTATION('',(#1983),#1987);
#1983 = LINE('',#1984,#1985);
#1984 = CARTESIAN_POINT('',(6.35,0.));
#1985 = VECTOR('',#1986,1.);
#1986 = DIRECTION('',(0.,1.));
#1987 = ( GEOMETRIC_REPRESENTATION_CONTEXT(2) 
PARAMETRIC_REPRESENTATION_CONTEXT() REPRESENTATION_CONTEXT('2D SPACE',''
  ) );
#1988 = FACE_BOUND('',#1989,.F.);
#1989 = EDGE_LOOP('',(#1990,#2020,#2048,#2076));
#1990 = ORIENTED_EDGE('',*,*,#1991,.T.);
#1991 = EDGE_CURVE('',#1992,#1994,#1996,.T.);
#1992 = VERTEX_POINT('',#1993);
#1993 = CARTESIAN_POINT('',(-132.,-0.795,7.85));
#1994 = VERTEX_POINT('',#1995);
#1995 = CARTESIAN_POINT('',(-132.,0.795,7.85));
#1996 = SURFACE_CURVE('',#1997,(#2001,#2008),.PCURVE_S1.);
#1997 = LINE('',#1998,#1999);
#1998 = CARTESIAN_POINT('',(-132.,-0.795,7.85));
#1999 = VECTOR('',#2000,1.);
#2000 = DIRECTION('',(-0.,1.,0.));
#2001 = PCURVE('',#161,#2002);
#2002 = DEFINITIONAL_REPRESENTATION('',(#2003),#2007);
#2003 = LINE('',#2004,#2005);
#2004 = CARTESIAN_POINT('',(8.,75.405));
#2005 = VECTOR('',#2006,1.);
#2006 = DIRECTION('',(0.,1.));
#2007 = ( GEOMETRIC_REPRESENTATION_CONTEXT(2) 
PARAMETRIC_REPRESENTATION_CONTEXT() REPRESENTATION_CONTEXT('2D SPACE',''
  ) );
#2008 = PCURVE('',#2009,#2014);
#2009 = PLANE('',#2010);
#2010 = AXIS2_PLACEMENT_3D('',#2011,#2012,#2013);
#2011 = CARTESIAN_POINT('',(-132.,-0.795,1.5));
#2012 = DIRECTION('',(1.,0.,-0.));
#2013 = DIRECTION('',(0.,0.,1.));
#2014 = DEFINITIONAL_REPRESENTATION('',(#2015),#2019);
#2015 = LINE('',#2016,#2017);
#2016 = CARTESIAN_POINT('',(6.35,0.));
#2017 = VECTOR('',#2018,1.);
#2018 = DIRECTION('',(0.,-1.));
#2019 = ( GEOMETRIC_REPRESENTATION_CONTEXT(2) 
PARAMETRIC_REPRESENTATION_CONTEXT() REPRESENTATION_CONTEXT('2D SPACE',''
  ) );
#2020 = ORIENTED_EDGE('',*,*,#2021,.T.);
#2021 = EDGE_CURVE('',#1994,#2022,#2024,.T.);
#2022 = VERTEX_POINT('',#2023);
#2023 = CARTESIAN_POINT('',(132.,0.795,7.85));
#2024 = SURFACE_CURVE('',#2025,(#2029,#2036),.PCURVE_S1.);
#2025 = LINE('',#2026,#2027);
#2026 = CARTESIAN_POINT('',(-132.,0.795,7.85));
#2027 = VECTOR('',#2028,1.);
#2028 = DIRECTION('',(1.,0.,-0.));
#2029 = PCURVE('',#161,#2030);
#2030 = DEFINITIONAL_REPRESENTATION('',(#2031),#2035);
#2031 = LINE('',#2032,#2033);
#2032 = CARTESIAN_POINT('',(8.,76.995));
#2033 = VECTOR('',#2034,1.);
#2034 = DIRECTION('',(1.,0.));
#2035 = ( GEOMETRIC_REPRESENTATION_CONTEXT(2) 
PARAMETRIC_REPRESENTATION_CONTEXT() REPRESENTATION_CONTEXT('2D SPACE',''
  ) );
#2036 = PCURVE('',#2037,#2042);
#2037 = PLANE('',#2038);
#2038 = AXIS2_PLACEMENT_3D('',#2039,#2040,#2041);
#2039 = CARTESIAN_POINT('',(-132.,0.795,1.5));
#2040 = DIRECTION('',(-0.,1.,0.));
#2041 = DIRECTION('',(0.,0.,1.));
#2042 = DEFINITIONAL_REPRESENTATION('',(#2043),#2047);
#2043 = LINE('',#2044,#2045);
#2044 = CARTESIAN_POINT('',(6.35,0.));
#2045 = VECTOR('',#2046,1.);
#2046 = DIRECTION('',(0.,1.));
#2047 = ( GEOMETRIC_REPRESENTATION_CONTEXT(2) 
PARAMETRIC_REPRESENTATION_CONTEXT() REPRESENTATION_CONTEXT('2D SPACE',''
  ) );
#2048 = ORIENTED_EDGE('',*,*,#2049,.F.);
#2049 = EDGE_CURVE('',#2050,#2022,#2052,.T.);
#2050 = VERTEX_POINT('',#2051);
#2051 = CARTESIAN_POINT('',(132.,-0.795,7.85));
#2052 = SURFACE_CURVE('',#2053,(#2057,#2064),.PCURVE_S1.);
#2053 = LINE('',#2054,#2055);
#2054 = CARTESIAN_POINT('',(132.,-0.795,7.85));
#2055 = VECTOR('',#2056,1.);
#2056 = DIRECTION('',(-0.,1.,0.));
#2057 = PCURVE('',#161,#2058);
#2058 = DEFINITIONAL_REPRESENTATION('',(#2059),#2063);
#2059 = LINE('',#2060,#2061);
#2060 = CARTESIAN_POINT('',(272.,75.405));
#2061 = VECTOR('',#2062,1.);
#2062 = DIRECTION('',(0.,1.));
#2063 = ( GEOMETRIC_REPRESENTATION_CONTEXT(2) 
PARAMETRIC_REPRESENTATION_CONTEXT() REPRESENTATION_CONTEXT('2D SPACE',''
  ) );
#2064 = PCURVE('',#2065,#2070);
#2065 = PLANE('',#2066);
#2066 = AXIS2_PLACEMENT_3D('',#2067,#2068,#2069);
#2067 = CARTESIAN_POINT('',(132.,-0.795,1.5));
#2068 = DIRECTION('',(1.,0.,-0.));
#2069 = DIRECTION('',(0.,0.,1.));
#2070 = DEFINITIONAL_REPRESENTATION('',(#2071),#2075);
#2071 = LINE('',#2072,#2073);
#2072 = CARTESIAN_POINT('',(6.35,0.));
#2073 = VECTOR('',#2074,1.);
#2074 = DIRECTION('',(0.,-1.));
#2075 = ( GEOMETRIC_REPRESENTATION_CONTEXT(2) 
PARAMETRIC_REPRESENTATION_CONTEXT() REPRESENTATION_CONTEXT('2D SPACE',''
  ) );
#2076 = ORIENTED_EDGE('',*,*,#2077,.F.);
#2077 = EDGE_CURVE('',#1992,#2050,#2078,.T.);
#2078 = SURFACE_CURVE('',#2079,(#2083,#2090),.PCURVE_S1.);
#2079 = LINE('',#2080,#2081);
#2080 = CARTESIAN_POINT('',(-132.,-0.795,7.85));
#2081 = VECTOR('',#2082,1.);
#2082 = DIRECTION('',(1.,0.,-0.));
#2083 = PCURVE('',#161,#2084);
#2084 = DEFINITIONAL_REPRESENTATION('',(#2085),#2089);
#2085 = LINE('',#2086,#2087);
#2086 = CARTESIAN_POINT('',(8.,75.405));
#2087 = VECTOR('',#2088,1.);
#2088 = DIRECTION('',(1.,0.));
#2089 = ( GEOMETRIC_REPRESENTATION_CONTEXT(2) 
PARAMETRIC_REPRESENTATION_CONTEXT() REPRESENTATION_CONTEXT('2D SPACE',''
  ) );
#2090 = PCURVE('',#2091,#2096);
#2091 = PLANE('',#2092);
#2092 = AXIS2_PLACEMENT_3D('',#2093,#2094,#2095);
#2093 = CARTESIAN_POINT('',(-132.,-0.795,1.5));
#2094 = DIRECTION('',(-0.,1.,0.));
#2095 = DIRECTION('',(0.,0.,1.));
#2096 = DEFINITIONAL_REPRESENTATION('',(#2097),#2101);
#2097 = LINE('',#2098,#2099);
#2098 = CARTESIAN_POINT('',(6.35,0.));
#2099 = VECTOR('',#2100,1.);
#2100 = DIRECTION('',(0.,1.));
#2101 = ( GEOMETRIC_REPRESENTATION_CONTEXT(2) 
PARAMETRIC_REPRESENTATION_CONTEXT() REPRESENTATION_CONTEXT('2D SPACE',''
  ) );
#2102 = FACE_BOUND('',#2103,.F.);
#2103 = EDGE_LOOP('',(#2104,#2134,#2162,#2190));
#2104 = ORIENTED_EDGE('',*,*,#2105,.T.);
#2105 = EDGE_CURVE('',#2106,#2108,#2110,.T.);
#2106 = VERTEX_POINT('',#2107);
#2107 = CARTESIAN_POINT('',(-132.,15.755,7.85));
#2108 = VERTEX_POINT('',#2109);
#2109 = CARTESIAN_POINT('',(-132.,17.345,7.85));
#2110 = SURFACE_CURVE('',#2111,(#2115,#2122),.PCURVE_S1.);
#2111 = LINE('',#2112,#2113);
#2112 = CARTESIAN_POINT('',(-132.,15.755,7.85));
#2113 = VECTOR('',#2114,1.);
#2114 = DIRECTION('',(-0.,1.,0.));
#2115 = PCURVE('',#161,#2116);
#2116 = DEFINITIONAL_REPRESENTATION('',(#2117),#2121);
#2117 = LINE('',#2118,#2119);
#2118 = CARTESIAN_POINT('',(8.,91.955));
#2119 = VECTOR('',#2120,1.);
#2120 = DIRECTION('',(0.,1.));
#2121 = ( GEOMETRIC_REPRESENTATION_CONTEXT(2) 
PARAMETRIC_REPRESENTATION_CONTEXT() REPRESENTATION_CONTEXT('2D SPACE',''
  ) );
#2122 = PCURVE('',#2123,#2128);
#2123 = PLANE('',#2124);
#2124 = AXIS2_PLACEMENT_3D('',#2125,#2126,#2127);
#2125 = CARTESIAN_POINT('',(-132.,15.755,1.5));
#2126 = DIRECTION('',(1.,0.,-0.));
#2127 = DIRECTION('',(0.,0.,1.));
#2128 = DEFINITIONAL_REPRESENTATION('',(#2129),#2133);
#2129 = LINE('',#2130,#2131);
#2130 = CARTESIAN_POINT('',(6.35,0.));
#2131 = VECTOR('',#2132,1.);
#2132 = DIRECTION('',(0.,-1.));
#2133 = ( GEOMETRIC_REPRESENTATION_CONTEXT(2) 
PARAMETRIC_REPRESENTATION_CONTEXT() REPRESENTATION_CONTEXT('2D SPACE',''
  ) );
#2134 = ORIENTED_EDGE('',*,*,#2135,.T.);
#2135 = EDGE_CURVE('',#2108,#2136,#2138,.T.);
#2136 = VERTEX_POINT('',#2137);
#2137 = CARTESIAN_POINT('',(132.,17.345,7.85));
#2138 = SURFACE_CURVE('',#2139,(#2143,#2150),.PCURVE_S1.);
#2139 = LINE('',#2140,#2141);
#2140 = CARTESIAN_POINT('',(-132.,17.345,7.85));
#2141 = VECTOR('',#2142,1.);
#2142 = DIRECTION('',(1.,0.,-0.));
#2143 = PCURVE('',#161,#2144);
#2144 = DEFINITIONAL_REPRESENTATION('',(#2145),#2149);
#2145 = LINE('',#2146,#2147);
#2146 = CARTESIAN_POINT('',(8.,93.545));
#2147 = VECTOR('',#2148,1.);
#2148 = DIRECTION('',(1.,0.));
#2149 = ( GEOMETRIC_REPRESENTATION_CONTEXT(2) 
PARAMETRIC_REPRESENTATION_CONTEXT() REPRESENTATION_CONTEXT('2D SPACE',''
  ) );
#2150 = PCURVE('',#2151,#2156);
#2151 = PLANE('',#2152);
#2152 = AXIS2_PLACEMENT_3D('',#2153,#2154,#2155);
#2153 = CARTESIAN_POINT('',(-132.,17.345,1.5));
#2154 = DIRECTION('',(-0.,1.,0.));
#2155 = DIRECTION('',(0.,0.,1.));
#2156 = DEFINITIONAL_REPRESENTATION('',(#2157),#2161);
#2157 = LINE('',#2158,#2159);
#2158 = CARTESIAN_POINT('',(6.35,0.));
#2159 = VECTOR('',#2160,1.);
#2160 = DIRECTION('',(0.,1.));
#2161 = ( GEOMETRIC_REPRESENTATION_CONTEXT(2) 
PARAMETRIC_REPRESENTATION_CONTEXT() REPRESENTATION_CONTEXT('2D SPACE',''
  ) );
#2162 = ORIENTED_EDGE('',*,*,#2163,.F.);
#2163 = EDGE_CURVE('',#2164,#2136,#2166,.T.);
#2164 = VERTEX_POINT('',#2165);
#2165 = CARTESIAN_POINT('',(132.,15.755,7.85));
#2166 = SURFACE_CURVE('',#2167,(#2171,#2178),.PCURVE_S1.);
#2167 = LINE('',#2168,#2169);
#2168 = CARTESIAN_POINT('',(132.,15.755,7.85));
#2169 = VECTOR('',#2170,1.);
#2170 = DIRECTION('',(-0.,1.,0.));
#2171 = PCURVE('',#161,#2172);
#2172 = DEFINITIONAL_REPRESENTATION('',(#2173),#2177);
#2173 = LINE('',#2174,#2175);
#2174 = CARTESIAN_POINT('',(272.,91.955));
#2175 = VECTOR('',#2176,1.);
#2176 = DIRECTION('',(0.,1.));
#2177 = ( GEOMETRIC_REPRESENTATION_CONTEXT(2) 
PARAMETRIC_REPRESENTATION_CONTEXT() REPRESENTATION_CONTEXT('2D SPACE',''
  ) );
#2178 = PCURVE('',#2179,#2184);
#2179 = PLANE('',#2180);
#2180 = AXIS2_PLACEMENT_3D('',#2181,#2182,#2183);
#2181 = CARTESIAN_POINT('',(132.,15.755,1.5));
#2182 = DIRECTION('',(1.,0.,-0.));
#2183 = DIRECTION('',(0.,0.,1.));
#2184 = DEFINITIONAL_REPRESENTATION('',(#2185),#2189);
#2185 = LINE('',#2186,#2187);
#2186 = CARTESIAN_POINT('',(6.35,0.));
#2187 = VECTOR('',#2188,1.);
#2188 = DIRECTION('',(0.,-1.));
#2189 = ( GEOMETRIC_REPRESENTATION_CONTEXT(2) 
PARAMETRIC_REPRESENTATION_CONTEXT() REPRESENTATION_CONTEXT('2D SPACE',''
  ) );
#2190 = ORIENTED_EDGE('',*,*,#2191,.F.);
#2191 = EDGE_CURVE('',#2106,#2164,#2192,.T.);
#2192 = SURFACE_CURVE('',#2193,(#2197,#2204),.PCURVE_S1.);
#2193 = LINE('',#2194,#2195);
#2194 = CARTESIAN_POINT('',(-132.,15.755,7.85));
#2195 = VECTOR('',#2196,1.);
#2196 = DIRECTION('',(1.,0.,-0.));
#2197 = PCURVE('',#161,#2198);
#2198 = DEFINITIONAL_REPRESENTATION('',(#2199),#2203);
#2199 = LINE('',#2200,#2201);
#2200 = CARTESIAN_POINT('',(8.,91.955));
#2201 = VECTOR('',#2202,1.);
#2202 = DIRECTION('',(1.,0.));
#2203 = ( GEOMETRIC_REPRESENTATION_CONTEXT(2) 
PARAMETRIC_REPRESENTATION_CONTEXT() REPRESENTATION_CONTEXT('2D SPACE',''
  ) );
#2204 = PCURVE('',#2205,#2210);
#2205 = PLANE('',#2206);
#2206 = AXIS2_PLACEMENT_3D('',#2207,#2208,#2209);
#2207 = CARTESIAN_POINT('',(-132.,15.755,1.5));
#2208 = DIRECTION('',(-0.,1.,0.));
#2209 = DIRECTION('',(0.,0.,1.));
#2210 = DEFINITIONAL_REPRESENTATION('',(#2211),#2215);
#2211 = LINE('',#2212,#2213);
#2212 = CARTESIAN_POINT('',(6.35,0.));
#2213 = VECTOR('',#2214,1.);
#2214 = DIRECTION('',(0.,1.));
#2215 = ( GEOMETRIC_REPRESENTATION_CONTEXT(2) 
PARAMETRIC_REPRESENTATION_CONTEXT() REPRESENTATION_CONTEXT('2D SPACE',''
  ) );
#2216 = FACE_BOUND('',#2217,.F.);
#2217 = EDGE_LOOP('',(#2218,#2248,#2276,#2304));
#2218 = ORIENTED_EDGE('',*,*,#2219,.T.);
#2219 = EDGE_CURVE('',#2220,#2222,#2224,.T.);
#2220 = VERTEX_POINT('',#2221);
#2221 = CARTESIAN_POINT('',(-132.,32.305,7.85));
#2222 = VERTEX_POINT('',#2223);
#2223 = CARTESIAN_POINT('',(-132.,33.895,7.85));
#2224 = SURFACE_CURVE('',#2225,(#2229,#2236),.PCURVE_S1.);
#2225 = LINE('',#2226,#2227);
#2226 = CARTESIAN_POINT('',(-132.,32.305,7.85));
#2227 = VECTOR('',#2228,1.);
#2228 = DIRECTION('',(-0.,1.,0.));
#2229 = PCURVE('',#161,#2230);
#2230 = DEFINITIONAL_REPRESENTATION('',(#2231),#2235);
#2231 = LINE('',#2232,#2233);
#2232 = CARTESIAN_POINT('',(8.,108.505));
#2233 = VECTOR('',#2234,1.);
#2234 = DIRECTION('',(0.,1.));
#2235 = ( GEOMETRIC_REPRESENTATION_CONTEXT(2) 
PARAMETRIC_REPRESENTATION_CONTEXT() REPRESENTATION_CONTEXT('2D SPACE',''
  ) );
#2236 = PCURVE('',#2237,#2242);
#2237 = PLANE('',#2238);
#2238 = AXIS2_PLACEMENT_3D('',#2239,#2240,#2241);
#2239 = CARTESIAN_POINT('',(-132.,32.305,1.5));
#2240 = DIRECTION('',(1.,0.,-0.));
#2241 = DIRECTION('',(0.,0.,1.));
#2242 = DEFINITIONAL_REPRESENTATION('',(#2243),#2247);
#2243 = LINE('',#2244,#2245);
#2244 = CARTESIAN_POINT('',(6.35,0.));
#2245 = VECTOR('',#2246,1.);
#2246 = DIRECTION('',(0.,-1.));
#2247 = ( GEOMETRIC_REPRESENTATION_CONTEXT(2) 
PARAMETRIC_REPRESENTATION_CONTEXT() REPRESENTATION_CONTEXT('2D SPACE',''
  ) );
#2248 = ORIENTED_EDGE('',*,*,#2249,.T.);
#2249 = EDGE_CURVE('',#2222,#2250,#2252,.T.);
#2250 = VERTEX_POINT('',#2251);
#2251 = CARTESIAN_POINT('',(132.,33.895,7.85));
#2252 = SURFACE_CURVE('',#2253,(#2257,#2264),.PCURVE_S1.);
#2253 = LINE('',#2254,#2255);
#2254 = CARTESIAN_POINT('',(-132.,33.895,7.85));
#2255 = VECTOR('',#2256,1.);
#2256 = DIRECTION('',(1.,0.,-0.));
#2257 = PCURVE('',#161,#2258);
#2258 = DEFINITIONAL_REPRESENTATION('',(#2259),#2263);
#2259 = LINE('',#2260,#2261);
#2260 = CARTESIAN_POINT('',(8.,110.095));
#2261 = VECTOR('',#2262,1.);
#2262 = DIRECTION('',(1.,0.));
#2263 = ( GEOMETRIC_REPRESENTATION_CONTEXT(2) 
PARAMETRIC_REPRESENTATION_CONTEXT() REPRESENTATION_CONTEXT('2D SPACE',''
  ) );
#2264 = PCURVE('',#2265,#2270);
#2265 = PLANE('',#2266);
#2266 = AXIS2_PLACEMENT_3D('',#2267,#2268,#2269);
#2267 = CARTESIAN_POINT('',(-132.,33.895,1.5));
#2268 = DIRECTION('',(-0.,1.,0.));
#2269 = DIRECTION('',(0.,0.,1.));
#2270 = DEFINITIONAL_REPRESENTATION('',(#2271),#2275);
#2271 = LINE('',#2272,#2273);
#2272 = CARTESIAN_POINT('',(6.35,0.));
#2273 = VECTOR('',#2274,1.);
#2274 = DIRECTION('',(0.,1.));
#2275 = ( GEOMETRIC_REPRESENTATION_CONTEXT(2) 
PARAMETRIC_REPRESENTATION_CONTEXT() REPRESENTATION_CONTEXT('2D SPACE',''
  ) );
#2276 = ORIENTED_EDGE('',*,*,#2277,.F.);
#2277 = EDGE_CURVE('',#2278,#2250,#2280,.T.);
#2278 = VERTEX_POINT('',#2279);
#2279 = CARTESIAN_POINT('',(132.,32.305,7.85));
#2280 = SURFACE_CURVE('',#2281,(#2285,#2292),.PCURVE_S1.);
#2281 = LINE('',#2282,#2283);
#2282 = CARTESIAN_POINT('',(132.,32.305,7.85));
#2283 = VECTOR('',#2284,1.);
#2284 = DIRECTION('',(-0.,1.,0.));
#2285 = PCURVE('',#161,#2286);
#2286 = DEFINITIONAL_REPRESENTATION('',(#2287),#2291);
#2287 = LINE('',#2288,#2289);
#2288 = CARTESIAN_POINT('',(272.,108.505));
#2289 = VECTOR('',#2290,1.);
#2290 = DIRECTION('',(0.,1.));
#2291 = ( GEOMETRIC_REPRESENTATION_CONTEXT(2) 
PARAMETRIC_REPRESENTATION_CONTEXT() REPRESENTATION_CONTEXT('2D SPACE',''
  ) );
#2292 = PCURVE('',#2293,#2298);
#2293 = PLANE('',#2294);
#2294 = AXIS2_PLACEMENT_3D('',#2295,#2296,#2297);
#2295 = CARTESIAN_POINT('',(132.,32.305,1.5));
#2296 = DIRECTION('',(1.,0.,-0.));
#2297 = DIRECTION('',(0.,0.,1.));
#2298 = DEFINITIONAL_REPRESENTATION('',(#2299),#2303);
#2299 = LINE('',#2300,#2301);
#2300 = CARTESIAN_POINT('',(6.35,0.));
#2301 = VECTOR('',#2302,1.);
#2302 = DIRECTION('',(0.,-1.));
#2303 = ( GEOMETRIC_REPRESENTATION_CONTEXT(2) 
PARAMETRIC_REPRESENTATION_CONTEXT() REPRESENTATION_CONTEXT('2D SPACE',''
  ) );
#2304 = ORIENTED_EDGE('',*,*,#2305,.F.);
#2305 = EDGE_CURVE('',#2220,#2278,#2306,.T.);
#2306 = SURFACE_CURVE('',#2307,(#2311,#2318),.PCURVE_S1.);
#2307 = LINE('',#2308,#2309);
#2308 = CARTESIAN_POINT('',(-132.,32.305,7.85));
#2309 = VECTOR('',#2310,1.);
#2310 = DIRECTION('',(1.,0.,-0.));
#2311 = PCURVE('',#161,#2312);
#2312 = DEFINITIONAL_REPRESENTATION('',(#2313),#2317);
#2313 = LINE('',#2314,#2315);
#2314 = CARTESIAN_POINT('',(8.,108.505));
#2315 = VECTOR('',#2316,1.);
#2316 = DIRECTION('',(1.,0.));
#2317 = ( GEOMETRIC_REPRESENTATION_CONTEXT(2) 
PARAMETRIC_REPRESENTATION_CONTEXT() REPRESENTATION_CONTEXT('2D SPACE',''
  ) );
#2318 = PCURVE('',#2319,#2324);
#2319 = PLANE('',#2320);
#2320 = AXIS2_PLACEMENT_3D('',#2321,#2322,#2323);
#2321 = CARTESIAN_POINT('',(-132.,32.305,1.5));
#2322 = DIRECTION('',(-0.,1.,0.));
#2323 = DIRECTION('',(0.,0.,1.));
#2324 = DEFINITIONAL_REPRESENTATION('',(#2325),#2329);
#2325 = LINE('',#2326,#2327);
#2326 = CARTESIAN_POINT('',(6.35,0.));
#2327 = VECTOR('',#2328,1.);
#2328 = DIRECTION('',(0.,1.));
#2329 = ( GEOMETRIC_REPRESENTATION_CONTEXT(2) 
PARAMETRIC_REPRESENTATION_CONTEXT() REPRESENTATION_CONTEXT('2D SPACE',''
  ) );
#2330 = FACE_BOUND('',#2331,.F.);
#2331 = EDGE_LOOP('',(#2332,#2362,#2390,#2418));
#2332 = ORIENTED_EDGE('',*,*,#2333,.T.);
#2333 = EDGE_CURVE('',#2334,#2336,#2338,.T.);
#2334 = VERTEX_POINT('',#2335);
#2335 = CARTESIAN_POINT('',(-132.,48.855,7.85));
#2336 = VERTEX_POINT('',#2337);
#2337 = CARTESIAN_POINT('',(-132.,50.445,7.85));
#2338 = SURFACE_CURVE('',#2339,(#2343,#2350),.PCURVE_S1.);
#2339 = LINE('',#2340,#2341);
#2340 = CARTESIAN_POINT('',(-132.,48.855,7.85));
#2341 = VECTOR('',#2342,1.);
#2342 = DIRECTION('',(-0.,1.,0.));
#2343 = PCURVE('',#161,#2344);
#2344 = DEFINITIONAL_REPRESENTATION('',(#2345),#2349);
#2345 = LINE('',#2346,#2347);
#2346 = CARTESIAN_POINT('',(8.,125.055));
#2347 = VECTOR('',#2348,1.);
#2348 = DIRECTION('',(0.,1.));
#2349 = ( GEOMETRIC_REPRESENTATION_CONTEXT(2) 
PARAMETRIC_REPRESENTATION_CONTEXT() REPRESENTATION_CONTEXT('2D SPACE',''
  ) );
#2350 = PCURVE('',#2351,#2356);
#2351 = PLANE('',#2352);
#2352 = AXIS2_PLACEMENT_3D('',#2353,#2354,#2355);
#2353 = CARTESIAN_POINT('',(-132.,48.855,1.5));
#2354 = DIRECTION('',(1.,0.,-0.));
#2355 = DIRECTION('',(0.,0.,1.));
#2356 = DEFINITIONAL_REPRESENTATION('',(#2357),#2361);
#2357 = LINE('',#2358,#2359);
#2358 = CARTESIAN_POINT('',(6.35,0.));
#2359 = VECTOR('',#2360,1.);
#2360 = DIRECTION('',(0.,-1.));
#2361 = ( GEOMETRIC_REPRESENTATION_CONTEXT(2) 
PARAMETRIC_REPRESENTATION_CONTEXT() REPRESENTATION_CONTEXT('2D SPACE',''
  ) );
#2362 = ORIENTED_EDGE('',*,*,#2363,.T.);
#2363 = EDGE_CURVE('',#2336,#2364,#2366,.T.);
#2364 = VERTEX_POINT('',#2365);
#2365 = CARTESIAN_POINT('',(132.,50.445,7.85));
#2366 = SURFACE_CURVE('',#2367,(#2371,#2378),.PCURVE_S1.);
#2367 = LINE('',#2368,#2369);
#2368 = CARTESIAN_POINT('',(-132.,50.445,7.85));
#2369 = VECTOR('',#2370,1.);
#2370 = DIRECTION('',(1.,0.,-0.));
#2371 = PCURVE('',#161,#2372);
#2372 = DEFINITIONAL_REPRESENTATION('',(#2373),#2377);
#2373 = LINE('',#2374,#2375);
#2374 = CARTESIAN_POINT('',(8.,126.645));
#2375 = VECTOR('',#2376,1.);
#2376 = DIRECTION('',(1.,0.));
#2377 = ( GEOMETRIC_REPRESENTATION_CONTEXT(2) 
PARAMETRIC_REPRESENTATION_CONTEXT() REPRESENTATION_CONTEXT('2D SPACE',''
  ) );
#2378 = PCURVE('',#2379,#2384);
#2379 = PLANE('',#2380);
#2380 = AXIS2_PLACEMENT_3D('',#2381,#2382,#2383);
#2381 = CARTESIAN_POINT('',(-132.,50.445,1.5));
#2382 = DIRECTION('',(-0.,1.,0.));
#2383 = DIRECTION('',(0.,0.,1.));
#2384 = DEFINITIONAL_REPRESENTATION('',(#2385),#2389);
#2385 = LINE('',#2386,#2387);
#2386 = CARTESIAN_POINT('',(6.35,0.));
#2387 = VECTOR('',#2388,1.);
#2388 = DIRECTION('',(0.,1.));
#2389 = ( GEOMETRIC_REPRESENTATION_CONTEXT(2) 
PARAMETRIC_REPRESENTATION_CONTEXT() REPRESENTATION_CONTEXT('2D SPACE',''
  ) );
#2390 = ORIENTED_EDGE('',*,*,#2391,.F.);
#2391 = EDGE_CURVE('',#2392,#2364,#2394,.T.);
#2392 = VERTEX_POINT('',#2393);
#2393 = CARTESIAN_POINT('',(132.,48.855,7.85));
#2394 = SURFACE_CURVE('',#2395,(#2399,#2406),.PCURVE_S1.);
#2395 = LINE('',#2396,#2397);
#2396 = CARTESIAN_POINT('',(132.,48.855,7.85));
#2397 = VECTOR('',#2398,1.);
#2398 = DIRECTION('',(-0.,1.,0.));
#2399 = PCURVE('',#161,#2400);
#2400 = DEFINITIONAL_REPRESENTATION('',(#2401),#2405);
#2401 = LINE('',#2402,#2403);
#2402 = CARTESIAN_POINT('',(272.,125.055));
#2403 = VECTOR('',#2404,1.);
#2404 = DIRECTION('',(0.,1.));
#2405 = ( GEOMETRIC_REPRESENTATION_CONTEXT(2) 
PARAMETRIC_REPRESENTATION_CONTEXT() REPRESENTATION_CONTEXT('2D SPACE',''
  ) );
#2406 = PCURVE('',#2407,#2412);
#2407 = PLANE('',#2408);
#2408 = AXIS2_PLACEMENT_3D('',#2409,#2410,#2411);
#2409 = CARTESIAN_POINT('',(132.,48.855,1.5));
#2410 = DIRECTION('',(1.,0.,-0.));
#2411 = DIRECTION('',(0.,0.,1.));
#2412 = DEFINITIONAL_REPRESENTATION('',(#2413),#2417);
#2413 = LINE('',#2414,#2415);
#2414 = CARTESIAN_POINT('',(6.35,0.));
#2415 = VECTOR('',#2416,1.);
#2416 = DIRECTION('',(0.,-1.));
#2417 = ( GEOMETRIC_REPRESENTATION_CONTEXT(2) 
PARAMETRIC_REPRESENTATION_CONTEXT() REPRESENTATION_CONTEXT('2D SPACE',''
  ) );
#2418 = ORIENTED_EDGE('',*,*,#2419,.F.);
#2419 = EDGE_CURVE('',#2334,#2392,#2420,.T.);
#2420 = SURFACE_CURVE('',#2421,(#2425,#2432),.PCURVE_S1.);
#2421 = LINE('',#2422,#2423);
#2422 = CARTESIAN_POINT('',(-132.,48.855,7.85));
#2423 = VECTOR('',#2424,1.);
#2424 = DIRECTION('',(1.,0.,-0.));
#2425 = PCURVE('',#161,#2426);
#2426 = DEFINITIONAL_REPRESENTATION('',(#2427),#2431);
#2427 = LINE('',#2428,#2429);
#2428 = CARTESIAN_POINT('',(8.,125.055));
#2429 = VECTOR('',#2430,1.);
#2430 = DIRECTION('',(1.,0.));
#2431 = ( GEOMETRIC_REPRESENTATION_CONTEXT(2) 
PARAMETRIC_REPRESENTATION_CONTEXT() REPRESENTATION_CONTEXT('2D SPACE',''
  ) );
#2432 = PCURVE('',#2433,#2438);
#2433 = PLANE('',#2434);
#2434 = AXIS2_PLACEMENT_3D('',#2435,#2436,#2437);
#2435 = CARTESIAN_POINT('',(-132.,48.855,1.5));
#2436 = DIRECTION('',(-0.,1.,0.));
#2437 = DIRECTION('',(0.,0.,1.));
#2438 = DEFINITIONAL_REPRESENTATION('',(#2439),#2443);
#2439 = LINE('',#2440,#2441);
#2440 = CARTESIAN_POINT('',(6.35,0.));
#2441 = VECTOR('',#2442,1.);
#2442 = DIRECTION('',(0.,1.));
#2443 = ( GEOMETRIC_REPRESENTATION_CONTEXT(2) 
PARAMETRIC_REPRESENTATION_CONTEXT() REPRESENTATION_CONTEXT('2D SPACE',''
  ) );
#2444 = FACE_BOUND('',#2445,.F.);
#2445 = EDGE_LOOP('',(#2446,#2476,#2504,#2532));
#2446 = ORIENTED_EDGE('',*,*,#2447,.T.);
#2447 = EDGE_CURVE('',#2448,#2450,#2452,.T.);
#2448 = VERTEX_POINT('',#2449);
#2449 = CARTESIAN_POINT('',(-132.,65.405,7.85));
#2450 = VERTEX_POINT('',#2451);
#2451 = CARTESIAN_POINT('',(-132.,66.995,7.85));
#2452 = SURFACE_CURVE('',#2453,(#2457,#2464),.PCURVE_S1.);
#2453 = LINE('',#2454,#2455);
#2454 = CARTESIAN_POINT('',(-132.,65.405,7.85));
#2455 = VECTOR('',#2456,1.);
#2456 = DIRECTION('',(-0.,1.,0.));
#2457 = PCURVE('',#161,#2458);
#2458 = DEFINITIONAL_REPRESENTATION('',(#2459),#2463);
#2459 = LINE('',#2460,#2461);
#2460 = CARTESIAN_POINT('',(8.,141.605));
#2461 = VECTOR('',#2462,1.);
#2462 = DIRECTION('',(0.,1.));
#2463 = ( GEOMETRIC_REPRESENTATION_CONTEXT(2) 
PARAMETRIC_REPRESENTATION_CONTEXT() REPRESENTATION_CONTEXT('2D SPACE',''
  ) );
#2464 = PCURVE('',#2465,#2470);
#2465 = PLANE('',#2466);
#2466 = AXIS2_PLACEMENT_3D('',#2467,#2468,#2469);
#2467 = CARTESIAN_POINT('',(-132.,65.405,1.5));
#2468 = DIRECTION('',(1.,0.,-0.));
#2469 = DIRECTION('',(0.,0.,1.));
#2470 = DEFINITIONAL_REPRESENTATION('',(#2471),#2475);
#2471 = LINE('',#2472,#2473);
#2472 = CARTESIAN_POINT('',(6.35,0.));
#2473 = VECTOR('',#2474,1.);
#2474 = DIRECTION('',(0.,-1.));
#2475 = ( GEOMETRIC_REPRESENTATION_CONTEXT(2) 
PARAMETRIC_REPRESENTATION_CONTEXT() REPRESENTATION_CONTEXT('2D SPACE',''
  ) );
#2476 = ORIENTED_EDGE('',*,*,#2477,.T.);
#2477 = EDGE_CURVE('',#2450,#2478,#2480,.T.);
#2478 = VERTEX_POINT('',#2479);
#2479 = CARTESIAN_POINT('',(132.,66.995,7.85));
#2480 = SURFACE_CURVE('',#2481,(#2485,#2492),.PCURVE_S1.);
#2481 = LINE('',#2482,#2483);
#2482 = CARTESIAN_POINT('',(-132.,66.995,7.85));
#2483 = VECTOR('',#2484,1.);
#2484 = DIRECTION('',(1.,0.,-0.));
#2485 = PCURVE('',#161,#2486);
#2486 = DEFINITIONAL_REPRESENTATION('',(#2487),#2491);
#2487 = LINE('',#2488,#2489);
#2488 = CARTESIAN_POINT('',(8.,143.195));
#2489 = VECTOR('',#2490,1.);
#2490 = DIRECTION('',(1.,0.));
#2491 = ( GEOMETRIC_REPRESENTATION_CONTEXT(2) 
PARAMETRIC_REPRESENTATION_CONTEXT() REPRESENTATION_CONTEXT('2D SPACE',''
  ) );
#2492 = PCURVE('',#2493,#2498);
#2493 = PLANE('',#2494);
#2494 = AXIS2_PLACEMENT_3D('',#2495,#2496,#2497);
#2495 = CARTESIAN_POINT('',(-132.,66.995,1.5));
#2496 = DIRECTION('',(-0.,1.,0.));
#2497 = DIRECTION('',(0.,0.,1.));
#2498 = DEFINITIONAL_REPRESENTATION('',(#2499),#2503);
#2499 = LINE('',#2500,#2501);
#2500 = CARTESIAN_POINT('',(6.35,0.));
#2501 = VECTOR('',#2502,1.);
#2502 = DIRECTION('',(0.,1.));
#2503 = ( GEOMETRIC_REPRESENTATION_CONTEXT(2) 
PARAMETRIC_REPRESENTATION_CONTEXT() REPRESENTATION_CONTEXT('2D SPACE',''
  ) );
#2504 = ORIENTED_EDGE('',*,*,#2505,.F.);
#2505 = EDGE_CURVE('',#2506,#2478,#2508,.T.);
#2506 = VERTEX_POINT('',#2507);
#2507 = CARTESIAN_POINT('',(132.,65.405,7.85));
#2508 = SURFACE_CURVE('',#2509,(#2513,#2520),.PCURVE_S1.);
#2509 = LINE('',#2510,#2511);
#2510 = CARTESIAN_POINT('',(132.,65.405,7.85));
#2511 = VECTOR('',#2512,1.);
#2512 = DIRECTION('',(-0.,1.,0.));
#2513 = PCURVE('',#161,#2514);
#2514 = DEFINITIONAL_REPRESENTATION('',(#2515),#2519);
#2515 = LINE('',#2516,#2517);
#2516 = CARTESIAN_POINT('',(272.,141.605));
#2517 = VECTOR('',#2518,1.);
#2518 = DIRECTION('',(0.,1.));
#2519 = ( GEOMETRIC_REPRESENTATION_CONTEXT(2) 
PARAMETRIC_REPRESENTATION_CONTEXT() REPRESENTATION_CONTEXT('2D SPACE',''
  ) );
#2520 = PCURVE('',#2521,#2526);
#2521 = PLANE('',#2522);
#2522 = AXIS2_PLACEMENT_3D('',#2523,#2524,#2525);
#2523 = CARTESIAN_POINT('',(132.,65.405,1.5));
#2524 = DIRECTION('',(1.,0.,-0.));
#2525 = DIRECTION('',(0.,0.,1.));
#2526 = DEFINITIONAL_REPRESENTATION('',(#2527),#2531);
#2527 = LINE('',#2528,#2529);
#2528 = CARTESIAN_POINT('',(6.35,0.));
#2529 = VECTOR('',#2530,1.);
#2530 = DIRECTION('',(0.,-1.));
#2531 = ( GEOMETRIC_REPRESENTATION_CONTEXT(2) 
PARAMETRIC_REPRESENTATION_CONTEXT() REPRESENTATION_CONTEXT('2D SPACE',''
  ) );
#2532 = ORIENTED_EDGE('',*,*,#2533,.F.);
#2533 = EDGE_CURVE('',#2448,#2506,#2534,.T.);
#2534 = SURFACE_CURVE('',#2535,(#2539,#2546),.PCURVE_S1.);
#2535 = LINE('',#2536,#2537);
#2536 = CARTESIAN_POINT('',(-132.,65.405,7.85));
#2537 = VECTOR('',#2538,1.);
#2538 = DIRECTION('',(1.,0.,-0.));
#2539 = PCURVE('',#161,#2540);
#2540 = DEFINITIONAL_REPRESENTATION('',(#2541),#2545);
#2541 = LINE('',#2542,#2543);
#2542 = CARTESIAN_POINT('',(8.,141.605));
#2543 = VECTOR('',#2544,1.);
#2544 = DIRECTION('',(1.,0.));
#2545 = ( GEOMETRIC_REPRESENTATION_CONTEXT(2) 
PARAMETRIC_REPRESENTATION_CONTEXT() REPRESENTATION_CONTEXT('2D SPACE',''
  ) );
#2546 = PCURVE('',#2547,#2552);
#2547 = PLANE('',#2548);
#2548 = AXIS2_PLACEMENT_3D('',#2549,#2550,#2551);
#2549 = CARTESIAN_POINT('',(-132.,65.405,1.5));
#2550 = DIRECTION('',(-0.,1.,0.));
#2551 = DIRECTION('',(0.,0.,1.));
#2552 = DEFINITIONAL_REPRESENTATION('',(#2553),#2557);
#2553 = LINE('',#2554,#2555);
#2554 = CARTESIAN_POINT('',(6.35,0.));
#2555 = VECTOR('',#2556,1.);
#2556 = DIRECTION('',(0.,1.));
#2557 = ( GEOMETRIC_REPRESENTATION_CONTEXT(2) 
PARAMETRIC_REPRESENTATION_CONTEXT() REPRESENTATION_CONTEXT('2D SPACE',''
  ) );
#2558 = ADVANCED_FACE('',(#2559),#189,.T.);
#2559 = FACE_BOUND('',#2560,.T.);
#2560 = EDGE_LOOP('',(#2561,#2562,#2563,#2564));
#2561 = ORIENTED_EDGE('',*,*,#1512,.F.);
#2562 = ORIENTED_EDGE('',*,*,#173,.T.);
#2563 = ORIENTED_EDGE('',*,*,#437,.T.);
#2564 = ORIENTED_EDGE('',*,*,#2565,.F.);
#2565 = EDGE_CURVE('',#1490,#415,#2566,.T.);
#2566 = SURFACE_CURVE('',#2567,(#2571,#2578),.PCURVE_S1.);
#2567 = LINE('',#2568,#2569);
#2568 = CARTESIAN_POINT('',(140.,76.2,7.85));
#2569 = VECTOR('',#2570,1.);
#2570 = DIRECTION('',(0.,0.,1.));
#2571 = PCURVE('',#189,#2572);
#2572 = DEFINITIONAL_REPRESENTATION('',(#2573),#2577);
#2573 = LINE('',#2574,#2575);
#2574 = CARTESIAN_POINT('',(0.,280.));
#2575 = VECTOR('',#2576,1.);
#2576 = DIRECTION('',(1.,0.));
#2577 = ( GEOMETRIC_REPRESENTATION_CONTEXT(2) 
PARAMETRIC_REPRESENTATION_CONTEXT() REPRESENTATION_CONTEXT('2D SPACE',''
  ) );
#2578 = PCURVE('',#397,#2579);
#2579 = DEFINITIONAL_REPRESENTATION('',(#2580),#2584);
#2580 = LINE('',#2581,#2582);
#2581 = CARTESIAN_POINT('',(0.,-152.4));
#2582 = VECTOR('',#2583,1.);
#2583 = DIRECTION('',(1.,0.));
#2584 = ( GEOMETRIC_REPRESENTATION_CONTEXT(2) 
PARAMETRIC_REPRESENTATION_CONTEXT() REPRESENTATION_CONTEXT('2D SPACE',''
  ) );
#2585 = ADVANCED_FACE('',(#2586),#246,.T.);
#2586 = FACE_BOUND('',#2587,.T.);
#2587 = EDGE_LOOP('',(#2588,#2611,#2612,#2635));
#2588 = ORIENTED_EDGE('',*,*,#2589,.F.);
#2589 = EDGE_CURVE('',#230,#2590,#2592,.T.);
#2590 = VERTEX_POINT('',#2591);
#2591 = CARTESIAN_POINT('',(140.,73.025,11.025));
#2592 = SURFACE_CURVE('',#2593,(#2597,#2604),.PCURVE_S1.);
#2593 = LINE('',#2594,#2595);
#2594 = CARTESIAN_POINT('',(-141.,73.025,11.025));
#2595 = VECTOR('',#2596,1.);
#2596 = DIRECTION('',(1.,0.,-0.));
#2597 = PCURVE('',#246,#2598);
#2598 = DEFINITIONAL_REPRESENTATION('',(#2599),#2603);
#2599 = LINE('',#2600,#2601);
#2600 = CARTESIAN_POINT('',(0.,146.05));
#2601 = VECTOR('',#2602,1.);
#2602 = DIRECTION('',(1.,0.));
#2603 = ( GEOMETRIC_REPRESENTATION_CONTEXT(2) 
PARAMETRIC_REPRESENTATION_CONTEXT() REPRESENTATION_CONTEXT('2D SPACE',''
  ) );
#2604 = PCURVE('',#322,#2605);
#2605 = DEFINITIONAL_REPRESENTATION('',(#2606),#2610);
#2606 = LINE('',#2607,#2608);
#2607 = CARTESIAN_POINT('',(0.,0.));
#2608 = VECTOR('',#2609,1.);
#2609 = DIRECTION('',(0.,1.));
#2610 = ( GEOMETRIC_REPRESENTATION_CONTEXT(2) 
PARAMETRIC_REPRESENTATION_CONTEXT() REPRESENTATION_CONTEXT('2D SPACE',''
  ) );
#2611 = ORIENTED_EDGE('',*,*,#229,.T.);
#2612 = ORIENTED_EDGE('',*,*,#2613,.T.);
#2613 = EDGE_CURVE('',#232,#2614,#2616,.T.);
#2614 = VERTEX_POINT('',#2615);
#2615 = CARTESIAN_POINT('',(140.,-73.025,11.025));
#2616 = SURFACE_CURVE('',#2617,(#2621,#2628),.PCURVE_S1.);
#2617 = LINE('',#2618,#2619);
#2618 = CARTESIAN_POINT('',(-141.,-73.025,11.025));
#2619 = VECTOR('',#2620,1.);
#2620 = DIRECTION('',(1.,0.,-0.));
#2621 = PCURVE('',#246,#2622);
#2622 = DEFINITIONAL_REPRESENTATION('',(#2623),#2627);
#2623 = LINE('',#2624,#2625);
#2624 = CARTESIAN_POINT('',(0.,0.));
#2625 = VECTOR('',#2626,1.);
#2626 = DIRECTION('',(1.,0.));
#2627 = ( GEOMETRIC_REPRESENTATION_CONTEXT(2) 
PARAMETRIC_REPRESENTATION_CONTEXT() REPRESENTATION_CONTEXT('2D SPACE',''
  ) );
#2628 = PCURVE('',#272,#2629);
#2629 = DEFINITIONAL_REPRESENTATION('',(#2630),#2634);
#2630 = LINE('',#2631,#2632);
#2631 = CARTESIAN_POINT('',(0.,0.));
#2632 = VECTOR('',#2633,1.);
#2633 = DIRECTION('',(0.,1.));
#2634 = ( GEOMETRIC_REPRESENTATION_CONTEXT(2) 
PARAMETRIC_REPRESENTATION_CONTEXT() REPRESENTATION_CONTEXT('2D SPACE',''
  ) );
#2635 = ORIENTED_EDGE('',*,*,#2636,.F.);
#2636 = EDGE_CURVE('',#2590,#2614,#2637,.T.);
#2637 = SURFACE_CURVE('',#2638,(#2642,#2648),.PCURVE_S1.);
#2638 = LINE('',#2639,#2640);
#2639 = CARTESIAN_POINT('',(140.,-74.6125,11.025));
#2640 = VECTOR('',#2641,1.);
#2641 = DIRECTION('',(0.,-1.,0.));
#2642 = PCURVE('',#246,#2643);
#2643 = DEFINITIONAL_REPRESENTATION('',(#2644),#2647);
#2644 = B_SPLINE_CURVE_WITH_KNOTS('',1,(#2645,#2646),.UNSPECIFIED.,.F.,
  .F.,(2,2),(-147.6375,-1.5875),.PIECEWISE_BEZIER_KNOTS.);
#2645 = CARTESIAN_POINT('',(281.,146.05));
#2646 = CARTESIAN_POINT('',(281.,0.));
#2647 = ( GEOMETRIC_REPRESENTATION_CONTEXT(2) 
PARAMETRIC_REPRESENTATION_CONTEXT() REPRESENTATION_CONTEXT('2D SPACE',''
  ) );
#2648 = PCURVE('',#397,#2649);
#2649 = DEFINITIONAL_REPRESENTATION('',(#2650),#2653);
#2650 = B_SPLINE_CURVE_WITH_KNOTS('',1,(#2651,#2652),.UNSPECIFIED.,.F.,
  .F.,(2,2),(-147.6375,-1.5875),.PIECEWISE_BEZIER_KNOTS.);
#2651 = CARTESIAN_POINT('',(3.175,-149.225));
#2652 = CARTESIAN_POINT('',(3.175,-3.175));
#2653 = ( GEOMETRIC_REPRESENTATION_CONTEXT(2) 
PARAMETRIC_REPRESENTATION_CONTEXT() REPRESENTATION_CONTEXT('2D SPACE',''
  ) );
#2654 = ADVANCED_FACE('',(#2655),#322,.F.);
#2655 = FACE_BOUND('',#2656,.F.);
#2656 = EDGE_LOOP('',(#2657,#2658,#2659,#2682));
#2657 = ORIENTED_EDGE('',*,*,#2589,.F.);
#2658 = ORIENTED_EDGE('',*,*,#309,.T.);
#2659 = ORIENTED_EDGE('',*,*,#2660,.T.);
#2660 = EDGE_CURVE('',#284,#2661,#2663,.T.);
#2661 = VERTEX_POINT('',#2662);
#2662 = CARTESIAN_POINT('',(140.,73.025,55.475));
#2663 = SURFACE_CURVE('',#2664,(#2668,#2675),.PCURVE_S1.);
#2664 = LINE('',#2665,#2666);
#2665 = CARTESIAN_POINT('',(-141.,73.025,55.475));
#2666 = VECTOR('',#2667,1.);
#2667 = DIRECTION('',(1.,0.,-0.));
#2668 = PCURVE('',#322,#2669);
#2669 = DEFINITIONAL_REPRESENTATION('',(#2670),#2674);
#2670 = LINE('',#2671,#2672);
#2671 = CARTESIAN_POINT('',(44.45,0.));
#2672 = VECTOR('',#2673,1.);
#2673 = DIRECTION('',(0.,1.));
#2674 = ( GEOMETRIC_REPRESENTATION_CONTEXT(2) 
PARAMETRIC_REPRESENTATION_CONTEXT() REPRESENTATION_CONTEXT('2D SPACE',''
  ) );
#2675 = PCURVE('',#298,#2676);
#2676 = DEFINITIONAL_REPRESENTATION('',(#2677),#2681);
#2677 = LINE('',#2678,#2679);
#2678 = CARTESIAN_POINT('',(0.,146.05));
#2679 = VECTOR('',#2680,1.);
#2680 = DIRECTION('',(1.,0.));
#2681 = ( GEOMETRIC_REPRESENTATION_CONTEXT(2) 
PARAMETRIC_REPRESENTATION_CONTEXT() REPRESENTATION_CONTEXT('2D SPACE',''
  ) );
#2682 = ORIENTED_EDGE('',*,*,#2683,.F.);
#2683 = EDGE_CURVE('',#2590,#2661,#2684,.T.);
#2684 = SURFACE_CURVE('',#2685,(#2689,#2695),.PCURVE_S1.);
#2685 = LINE('',#2686,#2687);
#2686 = CARTESIAN_POINT('',(140.,73.025,9.4375));
#2687 = VECTOR('',#2688,1.);
#2688 = DIRECTION('',(0.,0.,1.));
#2689 = PCURVE('',#322,#2690);
#2690 = DEFINITIONAL_REPRESENTATION('',(#2691),#2694);
#2691 = B_SPLINE_CURVE_WITH_KNOTS('',1,(#2692,#2693),.UNSPECIFIED.,.F.,
  .F.,(2,2),(1.5875,46.0375),.PIECEWISE_BEZIER_KNOTS.);
#2692 = CARTESIAN_POINT('',(0.,281.));
#2693 = CARTESIAN_POINT('',(44.45,281.));
#2694 = ( GEOMETRIC_REPRESENTATION_CONTEXT(2) 
PARAMETRIC_REPRESENTATION_CONTEXT() REPRESENTATION_CONTEXT('2D SPACE',''
  ) );
#2695 = PCURVE('',#397,#2696);
#2696 = DEFINITIONAL_REPRESENTATION('',(#2697),#2700);
#2697 = B_SPLINE_CURVE_WITH_KNOTS('',1,(#2698,#2699),.UNSPECIFIED.,.F.,
  .F.,(2,2),(1.5875,46.0375),.PIECEWISE_BEZIER_KNOTS.);
#2698 = CARTESIAN_POINT('',(3.175,-149.225));
#2699 = CARTESIAN_POINT('',(47.625,-149.225));
#2700 = ( GEOMETRIC_REPRESENTATION_CONTEXT(2) 
PARAMETRIC_REPRESENTATION_CONTEXT() REPRESENTATION_CONTEXT('2D SPACE',''
  ) );
#2701 = ADVANCED_FACE('',(#2702),#298,.F.);
#2702 = FACE_BOUND('',#2703,.F.);
#2703 = EDGE_LOOP('',(#2704,#2705,#2706,#2729));
#2704 = ORIENTED_EDGE('',*,*,#2660,.F.);
#2705 = ORIENTED_EDGE('',*,*,#283,.T.);
#2706 = ORIENTED_EDGE('',*,*,#2707,.T.);
#2707 = EDGE_CURVE('',#258,#2708,#2710,.T.);
#2708 = VERTEX_POINT('',#2709);
#2709 = CARTESIAN_POINT('',(140.,-73.025,55.475));
#2710 = SURFACE_CURVE('',#2711,(#2715,#2722),.PCURVE_S1.);
#2711 = LINE('',#2712,#2713);
#2712 = CARTESIAN_POINT('',(-141.,-73.025,55.475));
#2713 = VECTOR('',#2714,1.);
#2714 = DIRECTION('',(1.,0.,-0.));
#2715 = PCURVE('',#298,#2716);
#2716 = DEFINITIONAL_REPRESENTATION('',(#2717),#2721);
#2717 = LINE('',#2718,#2719);
#2718 = CARTESIAN_POINT('',(0.,0.));
#2719 = VECTOR('',#2720,1.);
#2720 = DIRECTION('',(1.,0.));
#2721 = ( GEOMETRIC_REPRESENTATION_CONTEXT(2) 
PARAMETRIC_REPRESENTATION_CONTEXT() REPRESENTATION_CONTEXT('2D SPACE',''
  ) );
#2722 = PCURVE('',#272,#2723);
#2723 = DEFINITIONAL_REPRESENTATION('',(#2724),#2728);
#2724 = LINE('',#2725,#2726);
#2725 = CARTESIAN_POINT('',(44.45,0.));
#2726 = VECTOR('',#2727,1.);
#2727 = DIRECTION('',(0.,1.));
#2728 = ( GEOMETRIC_REPRESENTATION_CONTEXT(2) 
PARAMETRIC_REPRESENTATION_CONTEXT() REPRESENTATION_CONTEXT('2D SPACE',''
  ) );
#2729 = ORIENTED_EDGE('',*,*,#2730,.F.);
#2730 = EDGE_CURVE('',#2661,#2708,#2731,.T.);
#2731 = SURFACE_CURVE('',#2732,(#2736,#2742),.PCURVE_S1.);
#2732 = LINE('',#2733,#2734);
#2733 = CARTESIAN_POINT('',(140.,-74.6125,55.475));
#2734 = VECTOR('',#2735,1.);
#2735 = DIRECTION('',(0.,-1.,0.));
#2736 = PCURVE('',#298,#2737);
#2737 = DEFINITIONAL_REPRESENTATION('',(#2738),#2741);
#2738 = B_SPLINE_CURVE_WITH_KNOTS('',1,(#2739,#2740),.UNSPECIFIED.,.F.,
  .F.,(2,2),(-147.6375,-1.5875),.PIECEWISE_BEZIER_KNOTS.);
#2739 = CARTESIAN_POINT('',(281.,146.05));
#2740 = CARTESIAN_POINT('',(281.,0.));
#2741 = ( GEOMETRIC_REPRESENTATION_CONTEXT(2) 
PARAMETRIC_REPRESENTATION_CONTEXT() REPRESENTATION_CONTEXT('2D SPACE',''
  ) );
#2742 = PCURVE('',#397,#2743);
#2743 = DEFINITIONAL_REPRESENTATION('',(#2744),#2747);
#2744 = B_SPLINE_CURVE_WITH_KNOTS('',1,(#2745,#2746),.UNSPECIFIED.,.F.,
  .F.,(2,2),(-147.6375,-1.5875),.PIECEWISE_BEZIER_KNOTS.);
#2745 = CARTESIAN_POINT('',(47.625,-149.225));
#2746 = CARTESIAN_POINT('',(47.625,-3.175));
#2747 = ( GEOMETRIC_REPRESENTATION_CONTEXT(2) 
PARAMETRIC_REPRESENTATION_CONTEXT() REPRESENTATION_CONTEXT('2D SPACE',''
  ) );
#2748 = ADVANCED_FACE('',(#2749),#272,.T.);
#2749 = FACE_BOUND('',#2750,.T.);
#2750 = EDGE_LOOP('',(#2751,#2752,#2753,#2754));
#2751 = ORIENTED_EDGE('',*,*,#2613,.F.);
#2752 = ORIENTED_EDGE('',*,*,#257,.T.);
#2753 = ORIENTED_EDGE('',*,*,#2707,.T.);
#2754 = ORIENTED_EDGE('',*,*,#2755,.F.);
#2755 = EDGE_CURVE('',#2614,#2708,#2756,.T.);
#2756 = SURFACE_CURVE('',#2757,(#2761,#2767),.PCURVE_S1.);
#2757 = LINE('',#2758,#2759);
#2758 = CARTESIAN_POINT('',(140.,-73.025,9.4375));
#2759 = VECTOR('',#2760,1.);
#2760 = DIRECTION('',(0.,0.,1.));
#2761 = PCURVE('',#272,#2762);
#2762 = DEFINITIONAL_REPRESENTATION('',(#2763),#2766);
#2763 = B_SPLINE_CURVE_WITH_KNOTS('',1,(#2764,#2765),.UNSPECIFIED.,.F.,
  .F.,(2,2),(1.5875,46.0375),.PIECEWISE_BEZIER_KNOTS.);
#2764 = CARTESIAN_POINT('',(0.,281.));
#2765 = CARTESIAN_POINT('',(44.45,281.));
#2766 = ( GEOMETRIC_REPRESENTATION_CONTEXT(2) 
PARAMETRIC_REPRESENTATION_CONTEXT() REPRESENTATION_CONTEXT('2D SPACE',''
  ) );
#2767 = PCURVE('',#397,#2768);
#2768 = DEFINITIONAL_REPRESENTATION('',(#2769),#2772);
#2769 = B_SPLINE_CURVE_WITH_KNOTS('',1,(#2770,#2771),.UNSPECIFIED.,.F.,
  .F.,(2,2),(1.5875,46.0375),.PIECEWISE_BEZIER_KNOTS.);
#2770 = CARTESIAN_POINT('',(3.175,-3.175));
#2771 = CARTESIAN_POINT('',(47.625,-3.175));
#2772 = ( GEOMETRIC_REPRESENTATION_CONTEXT(2) 
PARAMETRIC_REPRESENTATION_CONTEXT() REPRESENTATION_CONTEXT('2D SPACE',''
  ) );
#2773 = ADVANCED_FACE('',(#2774,#2780),#397,.T.);
#2774 = FACE_BOUND('',#2775,.T.);
#2775 = EDGE_LOOP('',(#2776,#2777,#2778,#2779));
#2776 = ORIENTED_EDGE('',*,*,#383,.F.);
#2777 = ORIENTED_EDGE('',*,*,#1489,.T.);
#2778 = ORIENTED_EDGE('',*,*,#2565,.T.);
#2779 = ORIENTED_EDGE('',*,*,#414,.F.);
#2780 = FACE_BOUND('',#2781,.T.);
#2781 = EDGE_LOOP('',(#2782,#2783,#2784,#2785));
#2782 = ORIENTED_EDGE('',*,*,#2636,.T.);
#2783 = ORIENTED_EDGE('',*,*,#2755,.T.);
#2784 = ORIENTED_EDGE('',*,*,#2730,.F.);
#2785 = ORIENTED_EDGE('',*,*,#2683,.F.);
#2786 = ADVANCED_FACE('',(#2787),#478,.F.);
#2787 = FACE_BOUND('',#2788,.F.);
#2788 = EDGE_LOOP('',(#2789,#2812,#2813,#2836));
#2789 = ORIENTED_EDGE('',*,*,#2790,.F.);
#2790 = EDGE_CURVE('',#461,#2791,#2793,.T.);
#2791 = VERTEX_POINT('',#2792);
#2792 = CARTESIAN_POINT('',(-132.,-66.995,65.));
#2793 = SURFACE_CURVE('',#2794,(#2798,#2805),.PCURVE_S1.);
#2794 = LINE('',#2795,#2796);
#2795 = CARTESIAN_POINT('',(-132.,-66.995,58.65));
#2796 = VECTOR('',#2797,1.);
#2797 = DIRECTION('',(0.,0.,1.));
#2798 = PCURVE('',#478,#2799);
#2799 = DEFINITIONAL_REPRESENTATION('',(#2800),#2804);
#2800 = LINE('',#2801,#2802);
#2801 = CARTESIAN_POINT('',(0.,0.));
#2802 = VECTOR('',#2803,1.);
#2803 = DIRECTION('',(1.,0.));
#2804 = ( GEOMETRIC_REPRESENTATION_CONTEXT(2) 
PARAMETRIC_REPRESENTATION_CONTEXT() REPRESENTATION_CONTEXT('2D SPACE',''
  ) );
#2805 = PCURVE('',#560,#2806);
#2806 = DEFINITIONAL_REPRESENTATION('',(#2807),#2811);
#2807 = LINE('',#2808,#2809);
#2808 = CARTESIAN_POINT('',(0.,0.));
#2809 = VECTOR('',#2810,1.);
#2810 = DIRECTION('',(1.,0.));
#2811 = ( GEOMETRIC_REPRESENTATION_CONTEXT(2) 
PARAMETRIC_REPRESENTATION_CONTEXT() REPRESENTATION_CONTEXT('2D SPACE',''
  ) );
#2812 = ORIENTED_EDGE('',*,*,#460,.T.);
#2813 = ORIENTED_EDGE('',*,*,#2814,.T.);
#2814 = EDGE_CURVE('',#463,#2815,#2817,.T.);
#2815 = VERTEX_POINT('',#2816);
#2816 = CARTESIAN_POINT('',(-132.,-65.405,65.));
#2817 = SURFACE_CURVE('',#2818,(#2822,#2829),.PCURVE_S1.);
#2818 = LINE('',#2819,#2820);
#2819 = CARTESIAN_POINT('',(-132.,-65.405,58.65));
#2820 = VECTOR('',#2821,1.);
#2821 = DIRECTION('',(0.,0.,1.));
#2822 = PCURVE('',#478,#2823);
#2823 = DEFINITIONAL_REPRESENTATION('',(#2824),#2828);
#2824 = LINE('',#2825,#2826);
#2825 = CARTESIAN_POINT('',(0.,-1.59));
#2826 = VECTOR('',#2827,1.);
#2827 = DIRECTION('',(1.,0.));
#2828 = ( GEOMETRIC_REPRESENTATION_CONTEXT(2) 
PARAMETRIC_REPRESENTATION_CONTEXT() REPRESENTATION_CONTEXT('2D SPACE',''
  ) );
#2829 = PCURVE('',#506,#2830);
#2830 = DEFINITIONAL_REPRESENTATION('',(#2831),#2835);
#2831 = LINE('',#2832,#2833);
#2832 = CARTESIAN_POINT('',(0.,0.));
#2833 = VECTOR('',#2834,1.);
#2834 = DIRECTION('',(1.,0.));
#2835 = ( GEOMETRIC_REPRESENTATION_CONTEXT(2) 
PARAMETRIC_REPRESENTATION_CONTEXT() REPRESENTATION_CONTEXT('2D SPACE',''
  ) );
#2836 = ORIENTED_EDGE('',*,*,#2837,.F.);
#2837 = EDGE_CURVE('',#2791,#2815,#2838,.T.);
#2838 = SURFACE_CURVE('',#2839,(#2843,#2850),.PCURVE_S1.);
#2839 = LINE('',#2840,#2841);
#2840 = CARTESIAN_POINT('',(-132.,-66.995,65.));
#2841 = VECTOR('',#2842,1.);
#2842 = DIRECTION('',(-0.,1.,0.));
#2843 = PCURVE('',#478,#2844);
#2844 = DEFINITIONAL_REPRESENTATION('',(#2845),#2849);
#2845 = LINE('',#2846,#2847);
#2846 = CARTESIAN_POINT('',(6.35,0.));
#2847 = VECTOR('',#2848,1.);
#2848 = DIRECTION('',(0.,-1.));
#2849 = ( GEOMETRIC_REPRESENTATION_CONTEXT(2) 
PARAMETRIC_REPRESENTATION_CONTEXT() REPRESENTATION_CONTEXT('2D SPACE',''
  ) );
#2850 = PCURVE('',#2851,#2856);
#2851 = PLANE('',#2852);
#2852 = AXIS2_PLACEMENT_3D('',#2853,#2854,#2855);
#2853 = CARTESIAN_POINT('',(-132.,-66.995,65.));
#2854 = DIRECTION('',(0.,0.,1.));
#2855 = DIRECTION('',(1.,0.,-0.));
#2856 = DEFINITIONAL_REPRESENTATION('',(#2857),#2861);
#2857 = LINE('',#2858,#2859);
#2858 = CARTESIAN_POINT('',(0.,0.));
#2859 = VECTOR('',#2860,1.);
#2860 = DIRECTION('',(0.,1.));
#2861 = ( GEOMETRIC_REPRESENTATION_CONTEXT(2) 
PARAMETRIC_REPRESENTATION_CONTEXT() REPRESENTATION_CONTEXT('2D SPACE',''
  ) );
#2862 = ADVANCED_FACE('',(#2863),#560,.F.);
#2863 = FACE_BOUND('',#2864,.F.);
#2864 = EDGE_LOOP('',(#2865,#2866,#2867,#2890));
#2865 = ORIENTED_EDGE('',*,*,#546,.F.);
#2866 = ORIENTED_EDGE('',*,*,#2790,.T.);
#2867 = ORIENTED_EDGE('',*,*,#2868,.T.);
#2868 = EDGE_CURVE('',#2791,#2869,#2871,.T.);
#2869 = VERTEX_POINT('',#2870);
#2870 = CARTESIAN_POINT('',(44.,-66.995,65.));
#2871 = SURFACE_CURVE('',#2872,(#2876,#2883),.PCURVE_S1.);
#2872 = LINE('',#2873,#2874);
#2873 = CARTESIAN_POINT('',(-132.,-66.995,65.));
#2874 = VECTOR('',#2875,1.);
#2875 = DIRECTION('',(1.,0.,-0.));
#2876 = PCURVE('',#560,#2877);
#2877 = DEFINITIONAL_REPRESENTATION('',(#2878),#2882);
#2878 = LINE('',#2879,#2880);
#2879 = CARTESIAN_POINT('',(6.35,0.));
#2880 = VECTOR('',#2881,1.);
#2881 = DIRECTION('',(0.,1.));
#2882 = ( GEOMETRIC_REPRESENTATION_CONTEXT(2) 
PARAMETRIC_REPRESENTATION_CONTEXT() REPRESENTATION_CONTEXT('2D SPACE',''
  ) );
#2883 = PCURVE('',#2851,#2884);
#2884 = DEFINITIONAL_REPRESENTATION('',(#2885),#2889);
#2885 = LINE('',#2886,#2887);
#2886 = CARTESIAN_POINT('',(0.,0.));
#2887 = VECTOR('',#2888,1.);
#2888 = DIRECTION('',(1.,0.));
#2889 = ( GEOMETRIC_REPRESENTATION_CONTEXT(2) 
PARAMETRIC_REPRESENTATION_CONTEXT() REPRESENTATION_CONTEXT('2D SPACE',''
  ) );
#2890 = ORIENTED_EDGE('',*,*,#2891,.F.);
#2891 = EDGE_CURVE('',#519,#2869,#2892,.T.);
#2892 = SURFACE_CURVE('',#2893,(#2897,#2904),.PCURVE_S1.);
#2893 = LINE('',#2894,#2895);
#2894 = CARTESIAN_POINT('',(44.,-66.995,58.65));
#2895 = VECTOR('',#2896,1.);
#2896 = DIRECTION('',(0.,0.,1.));
#2897 = PCURVE('',#560,#2898);
#2898 = DEFINITIONAL_REPRESENTATION('',(#2899),#2903);
#2899 = LINE('',#2900,#2901);
#2900 = CARTESIAN_POINT('',(0.,176.));
#2901 = VECTOR('',#2902,1.);
#2902 = DIRECTION('',(1.,0.));
#2903 = ( GEOMETRIC_REPRESENTATION_CONTEXT(2) 
PARAMETRIC_REPRESENTATION_CONTEXT() REPRESENTATION_CONTEXT('2D SPACE',''
  ) );
#2904 = PCURVE('',#534,#2905);
#2905 = DEFINITIONAL_REPRESENTATION('',(#2906),#2910);
#2906 = LINE('',#2907,#2908);
#2907 = CARTESIAN_POINT('',(0.,0.));
#2908 = VECTOR('',#2909,1.);
#2909 = DIRECTION('',(1.,0.));
#2910 = ( GEOMETRIC_REPRESENTATION_CONTEXT(2) 
PARAMETRIC_REPRESENTATION_CONTEXT() REPRESENTATION_CONTEXT('2D SPACE',''
  ) );
#2911 = ADVANCED_FACE('',(#2912),#534,.T.);
#2912 = FACE_BOUND('',#2913,.T.);
#2913 = EDGE_LOOP('',(#2914,#2915,#2916,#2939));
#2914 = ORIENTED_EDGE('',*,*,#2891,.F.);
#2915 = ORIENTED_EDGE('',*,*,#518,.T.);
#2916 = ORIENTED_EDGE('',*,*,#2917,.T.);
#2917 = EDGE_CURVE('',#491,#2918,#2920,.T.);
#2918 = VERTEX_POINT('',#2919);
#2919 = CARTESIAN_POINT('',(44.,-65.405,65.));
#2920 = SURFACE_CURVE('',#2921,(#2925,#2932),.PCURVE_S1.);
#2921 = LINE('',#2922,#2923);
#2922 = CARTESIAN_POINT('',(44.,-65.405,58.65));
#2923 = VECTOR('',#2924,1.);
#2924 = DIRECTION('',(0.,0.,1.));
#2925 = PCURVE('',#534,#2926);
#2926 = DEFINITIONAL_REPRESENTATION('',(#2927),#2931);
#2927 = LINE('',#2928,#2929);
#2928 = CARTESIAN_POINT('',(0.,-1.59));
#2929 = VECTOR('',#2930,1.);
#2930 = DIRECTION('',(1.,0.));
#2931 = ( GEOMETRIC_REPRESENTATION_CONTEXT(2) 
PARAMETRIC_REPRESENTATION_CONTEXT() REPRESENTATION_CONTEXT('2D SPACE',''
  ) );
#2932 = PCURVE('',#506,#2933);
#2933 = DEFINITIONAL_REPRESENTATION('',(#2934),#2938);
#2934 = LINE('',#2935,#2936);
#2935 = CARTESIAN_POINT('',(0.,176.));
#2936 = VECTOR('',#2937,1.);
#2937 = DIRECTION('',(1.,0.));
#2938 = ( GEOMETRIC_REPRESENTATION_CONTEXT(2) 
PARAMETRIC_REPRESENTATION_CONTEXT() REPRESENTATION_CONTEXT('2D SPACE',''
  ) );
#2939 = ORIENTED_EDGE('',*,*,#2940,.F.);
#2940 = EDGE_CURVE('',#2869,#2918,#2941,.T.);
#2941 = SURFACE_CURVE('',#2942,(#2946,#2953),.PCURVE_S1.);
#2942 = LINE('',#2943,#2944);
#2943 = CARTESIAN_POINT('',(44.,-66.995,65.));
#2944 = VECTOR('',#2945,1.);
#2945 = DIRECTION('',(-0.,1.,0.));
#2946 = PCURVE('',#534,#2947);
#2947 = DEFINITIONAL_REPRESENTATION('',(#2948),#2952);
#2948 = LINE('',#2949,#2950);
#2949 = CARTESIAN_POINT('',(6.35,0.));
#2950 = VECTOR('',#2951,1.);
#2951 = DIRECTION('',(0.,-1.));
#2952 = ( GEOMETRIC_REPRESENTATION_CONTEXT(2) 
PARAMETRIC_REPRESENTATION_CONTEXT() REPRESENTATION_CONTEXT('2D SPACE',''
  ) );
#2953 = PCURVE('',#2851,#2954);
#2954 = DEFINITIONAL_REPRESENTATION('',(#2955),#2959);
#2955 = LINE('',#2956,#2957);
#2956 = CARTESIAN_POINT('',(176.,0.));
#2957 = VECTOR('',#2958,1.);
#2958 = DIRECTION('',(0.,1.));
#2959 = ( GEOMETRIC_REPRESENTATION_CONTEXT(2) 
PARAMETRIC_REPRESENTATION_CONTEXT() REPRESENTATION_CONTEXT('2D SPACE',''
  ) );
#2960 = ADVANCED_FACE('',(#2961),#506,.T.);
#2961 = FACE_BOUND('',#2962,.T.);
#2962 = EDGE_LOOP('',(#2963,#2964,#2965,#2986));
#2963 = ORIENTED_EDGE('',*,*,#490,.F.);
#2964 = ORIENTED_EDGE('',*,*,#2814,.T.);
#2965 = ORIENTED_EDGE('',*,*,#2966,.T.);
#2966 = EDGE_CURVE('',#2815,#2918,#2967,.T.);
#2967 = SURFACE_CURVE('',#2968,(#2972,#2979),.PCURVE_S1.);
#2968 = LINE('',#2969,#2970);
#2969 = CARTESIAN_POINT('',(-132.,-65.405,65.));
#2970 = VECTOR('',#2971,1.);
#2971 = DIRECTION('',(1.,0.,-0.));
#2972 = PCURVE('',#506,#2973);
#2973 = DEFINITIONAL_REPRESENTATION('',(#2974),#2978);
#2974 = LINE('',#2975,#2976);
#2975 = CARTESIAN_POINT('',(6.35,0.));
#2976 = VECTOR('',#2977,1.);
#2977 = DIRECTION('',(0.,1.));
#2978 = ( GEOMETRIC_REPRESENTATION_CONTEXT(2) 
PARAMETRIC_REPRESENTATION_CONTEXT() REPRESENTATION_CONTEXT('2D SPACE',''
  ) );
#2979 = PCURVE('',#2851,#2980);
#2980 = DEFINITIONAL_REPRESENTATION('',(#2981),#2985);
#2981 = LINE('',#2982,#2983);
#2982 = CARTESIAN_POINT('',(0.,1.59));
#2983 = VECTOR('',#2984,1.);
#2984 = DIRECTION('',(1.,0.));
#2985 = ( GEOMETRIC_REPRESENTATION_CONTEXT(2) 
PARAMETRIC_REPRESENTATION_CONTEXT() REPRESENTATION_CONTEXT('2D SPACE',''
  ) );
#2986 = ORIENTED_EDGE('',*,*,#2917,.F.);
#2987 = ADVANCED_FACE('',(#2988),#592,.F.);
#2988 = FACE_BOUND('',#2989,.F.);
#2989 = EDGE_LOOP('',(#2990,#3013,#3014,#3037));
#2990 = ORIENTED_EDGE('',*,*,#2991,.F.);
#2991 = EDGE_CURVE('',#575,#2992,#2994,.T.);
#2992 = VERTEX_POINT('',#2993);
#2993 = CARTESIAN_POINT('',(-132.,-50.445,65.));
#2994 = SURFACE_CURVE('',#2995,(#2999,#3006),.PCURVE_S1.);
#2995 = LINE('',#2996,#2997);
#2996 = CARTESIAN_POINT('',(-132.,-50.445,58.65));
#2997 = VECTOR('',#2998,1.);
#2998 = DIRECTION('',(0.,0.,1.));
#2999 = PCURVE('',#592,#3000);
#3000 = DEFINITIONAL_REPRESENTATION('',(#3001),#3005);
#3001 = LINE('',#3002,#3003);
#3002 = CARTESIAN_POINT('',(0.,0.));
#3003 = VECTOR('',#3004,1.);
#3004 = DIRECTION('',(1.,0.));
#3005 = ( GEOMETRIC_REPRESENTATION_CONTEXT(2) 
PARAMETRIC_REPRESENTATION_CONTEXT() REPRESENTATION_CONTEXT('2D SPACE',''
  ) );
#3006 = PCURVE('',#674,#3007);
#3007 = DEFINITIONAL_REPRESENTATION('',(#3008),#3012);
#3008 = LINE('',#3009,#3010);
#3009 = CARTESIAN_POINT('',(0.,0.));
#3010 = VECTOR('',#3011,1.);
#3011 = DIRECTION('',(1.,0.));
#3012 = ( GEOMETRIC_REPRESENTATION_CONTEXT(2) 
PARAMETRIC_REPRESENTATION_CONTEXT() REPRESENTATION_CONTEXT('2D SPACE',''
  ) );
#3013 = ORIENTED_EDGE('',*,*,#574,.T.);
#3014 = ORIENTED_EDGE('',*,*,#3015,.T.);
#3015 = EDGE_CURVE('',#577,#3016,#3018,.T.);
#3016 = VERTEX_POINT('',#3017);
#3017 = CARTESIAN_POINT('',(-132.,-48.855,65.));
#3018 = SURFACE_CURVE('',#3019,(#3023,#3030),.PCURVE_S1.);
#3019 = LINE('',#3020,#3021);
#3020 = CARTESIAN_POINT('',(-132.,-48.855,58.65));
#3021 = VECTOR('',#3022,1.);
#3022 = DIRECTION('',(0.,0.,1.));
#3023 = PCURVE('',#592,#3024);
#3024 = DEFINITIONAL_REPRESENTATION('',(#3025),#3029);
#3025 = LINE('',#3026,#3027);
#3026 = CARTESIAN_POINT('',(0.,-1.59));
#3027 = VECTOR('',#3028,1.);
#3028 = DIRECTION('',(1.,0.));
#3029 = ( GEOMETRIC_REPRESENTATION_CONTEXT(2) 
PARAMETRIC_REPRESENTATION_CONTEXT() REPRESENTATION_CONTEXT('2D SPACE',''
  ) );
#3030 = PCURVE('',#620,#3031);
#3031 = DEFINITIONAL_REPRESENTATION('',(#3032),#3036);
#3032 = LINE('',#3033,#3034);
#3033 = CARTESIAN_POINT('',(0.,0.));
#3034 = VECTOR('',#3035,1.);
#3035 = DIRECTION('',(1.,0.));
#3036 = ( GEOMETRIC_REPRESENTATION_CONTEXT(2) 
PARAMETRIC_REPRESENTATION_CONTEXT() REPRESENTATION_CONTEXT('2D SPACE',''
  ) );
#3037 = ORIENTED_EDGE('',*,*,#3038,.F.);
#3038 = EDGE_CURVE('',#2992,#3016,#3039,.T.);
#3039 = SURFACE_CURVE('',#3040,(#3044,#3051),.PCURVE_S1.);
#3040 = LINE('',#3041,#3042);
#3041 = CARTESIAN_POINT('',(-132.,-50.445,65.));
#3042 = VECTOR('',#3043,1.);
#3043 = DIRECTION('',(-0.,1.,0.));
#3044 = PCURVE('',#592,#3045);
#3045 = DEFINITIONAL_REPRESENTATION('',(#3046),#3050);
#3046 = LINE('',#3047,#3048);
#3047 = CARTESIAN_POINT('',(6.35,0.));
#3048 = VECTOR('',#3049,1.);
#3049 = DIRECTION('',(0.,-1.));
#3050 = ( GEOMETRIC_REPRESENTATION_CONTEXT(2) 
PARAMETRIC_REPRESENTATION_CONTEXT() REPRESENTATION_CONTEXT('2D SPACE',''
  ) );
#3051 = PCURVE('',#3052,#3057);
#3052 = PLANE('',#3053);
#3053 = AXIS2_PLACEMENT_3D('',#3054,#3055,#3056);
#3054 = CARTESIAN_POINT('',(-132.,-50.445,65.));
#3055 = DIRECTION('',(0.,0.,1.));
#3056 = DIRECTION('',(1.,0.,-0.));
#3057 = DEFINITIONAL_REPRESENTATION('',(#3058),#3062);
#3058 = LINE('',#3059,#3060);
#3059 = CARTESIAN_POINT('',(0.,0.));
#3060 = VECTOR('',#3061,1.);
#3061 = DIRECTION('',(0.,1.));
#3062 = ( GEOMETRIC_REPRESENTATION_CONTEXT(2) 
PARAMETRIC_REPRESENTATION_CONTEXT() REPRESENTATION_CONTEXT('2D SPACE',''
  ) );
#3063 = ADVANCED_FACE('',(#3064),#674,.F.);
#3064 = FACE_BOUND('',#3065,.F.);
#3065 = EDGE_LOOP('',(#3066,#3067,#3068,#3091));
#3066 = ORIENTED_EDGE('',*,*,#660,.F.);
#3067 = ORIENTED_EDGE('',*,*,#2991,.T.);
#3068 = ORIENTED_EDGE('',*,*,#3069,.T.);
#3069 = EDGE_CURVE('',#2992,#3070,#3072,.T.);
#3070 = VERTEX_POINT('',#3071);
#3071 = CARTESIAN_POINT('',(44.,-50.445,65.));
#3072 = SURFACE_CURVE('',#3073,(#3077,#3084),.PCURVE_S1.);
#3073 = LINE('',#3074,#3075);
#3074 = CARTESIAN_POINT('',(-132.,-50.445,65.));
#3075 = VECTOR('',#3076,1.);
#3076 = DIRECTION('',(1.,0.,-0.));
#3077 = PCURVE('',#674,#3078);
#3078 = DEFINITIONAL_REPRESENTATION('',(#3079),#3083);
#3079 = LINE('',#3080,#3081);
#3080 = CARTESIAN_POINT('',(6.35,0.));
#3081 = VECTOR('',#3082,1.);
#3082 = DIRECTION('',(0.,1.));
#3083 = ( GEOMETRIC_REPRESENTATION_CONTEXT(2) 
PARAMETRIC_REPRESENTATION_CONTEXT() REPRESENTATION_CONTEXT('2D SPACE',''
  ) );
#3084 = PCURVE('',#3052,#3085);
#3085 = DEFINITIONAL_REPRESENTATION('',(#3086),#3090);
#3086 = LINE('',#3087,#3088);
#3087 = CARTESIAN_POINT('',(0.,0.));
#3088 = VECTOR('',#3089,1.);
#3089 = DIRECTION('',(1.,0.));
#3090 = ( GEOMETRIC_REPRESENTATION_CONTEXT(2) 
PARAMETRIC_REPRESENTATION_CONTEXT() REPRESENTATION_CONTEXT('2D SPACE',''
  ) );
#3091 = ORIENTED_EDGE('',*,*,#3092,.F.);
#3092 = EDGE_CURVE('',#633,#3070,#3093,.T.);
#3093 = SURFACE_CURVE('',#3094,(#3098,#3105),.PCURVE_S1.);
#3094 = LINE('',#3095,#3096);
#3095 = CARTESIAN_POINT('',(44.,-50.445,58.65));
#3096 = VECTOR('',#3097,1.);
#3097 = DIRECTION('',(0.,0.,1.));
#3098 = PCURVE('',#674,#3099);
#3099 = DEFINITIONAL_REPRESENTATION('',(#3100),#3104);
#3100 = LINE('',#3101,#3102);
#3101 = CARTESIAN_POINT('',(0.,176.));
#3102 = VECTOR('',#3103,1.);
#3103 = DIRECTION('',(1.,0.));
#3104 = ( GEOMETRIC_REPRESENTATION_CONTEXT(2) 
PARAMETRIC_REPRESENTATION_CONTEXT() REPRESENTATION_CONTEXT('2D SPACE',''
  ) );
#3105 = PCURVE('',#648,#3106);
#3106 = DEFINITIONAL_REPRESENTATION('',(#3107),#3111);
#3107 = LINE('',#3108,#3109);
#3108 = CARTESIAN_POINT('',(0.,0.));
#3109 = VECTOR('',#3110,1.);
#3110 = DIRECTION('',(1.,0.));
#3111 = ( GEOMETRIC_REPRESENTATION_CONTEXT(2) 
PARAMETRIC_REPRESENTATION_CONTEXT() REPRESENTATION_CONTEXT('2D SPACE',''
  ) );
#3112 = ADVANCED_FACE('',(#3113),#648,.T.);
#3113 = FACE_BOUND('',#3114,.T.);
#3114 = EDGE_LOOP('',(#3115,#3116,#3117,#3140));
#3115 = ORIENTED_EDGE('',*,*,#3092,.F.);
#3116 = ORIENTED_EDGE('',*,*,#632,.T.);
#3117 = ORIENTED_EDGE('',*,*,#3118,.T.);
#3118 = EDGE_CURVE('',#605,#3119,#3121,.T.);
#3119 = VERTEX_POINT('',#3120);
#3120 = CARTESIAN_POINT('',(44.,-48.855,65.));
#3121 = SURFACE_CURVE('',#3122,(#3126,#3133),.PCURVE_S1.);
#3122 = LINE('',#3123,#3124);
#3123 = CARTESIAN_POINT('',(44.,-48.855,58.65));
#3124 = VECTOR('',#3125,1.);
#3125 = DIRECTION('',(0.,0.,1.));
#3126 = PCURVE('',#648,#3127);
#3127 = DEFINITIONAL_REPRESENTATION('',(#3128),#3132);
#3128 = LINE('',#3129,#3130);
#3129 = CARTESIAN_POINT('',(0.,-1.59));
#3130 = VECTOR('',#3131,1.);
#3131 = DIRECTION('',(1.,0.));
#3132 = ( GEOMETRIC_REPRESENTATION_CONTEXT(2) 
PARAMETRIC_REPRESENTATION_CONTEXT() REPRESENTATION_CONTEXT('2D SPACE',''
  ) );
#3133 = PCURVE('',#620,#3134);
#3134 = DEFINITIONAL_REPRESENTATION('',(#3135),#3139);
#3135 = LINE('',#3136,#3137);
#3136 = CARTESIAN_POINT('',(0.,176.));
#3137 = VECTOR('',#3138,1.);
#3138 = DIRECTION('',(1.,0.));
#3139 = ( GEOMETRIC_REPRESENTATION_CONTEXT(2) 
PARAMETRIC_REPRESENTATION_CONTEXT() REPRESENTATION_CONTEXT('2D SPACE',''
  ) );
#3140 = ORIENTED_EDGE('',*,*,#3141,.F.);
#3141 = EDGE_CURVE('',#3070,#3119,#3142,.T.);
#3142 = SURFACE_CURVE('',#3143,(#3147,#3154),.PCURVE_S1.);
#3143 = LINE('',#3144,#3145);
#3144 = CARTESIAN_POINT('',(44.,-50.445,65.));
#3145 = VECTOR('',#3146,1.);
#3146 = DIRECTION('',(-0.,1.,0.));
#3147 = PCURVE('',#648,#3148);
#3148 = DEFINITIONAL_REPRESENTATION('',(#3149),#3153);
#3149 = LINE('',#3150,#3151);
#3150 = CARTESIAN_POINT('',(6.35,0.));
#3151 = VECTOR('',#3152,1.);
#3152 = DIRECTION('',(0.,-1.));
#3153 = ( GEOMETRIC_REPRESENTATION_CONTEXT(2) 
PARAMETRIC_REPRESENTATION_CONTEXT() REPRESENTATION_CONTEXT('2D SPACE',''
  ) );
#3154 = PCURVE('',#3052,#3155);
#3155 = DEFINITIONAL_REPRESENTATION('',(#3156),#3160);
#3156 = LINE('',#3157,#3158);
#3157 = CARTESIAN_POINT('',(176.,0.));
#3158 = VECTOR('',#3159,1.);
#3159 = DIRECTION('',(0.,1.));
#3160 = ( GEOMETRIC_REPRESENTATION_CONTEXT(2) 
PARAMETRIC_REPRESENTATION_CONTEXT() REPRESENTATION_CONTEXT('2D SPACE',''
  ) );
#3161 = ADVANCED_FACE('',(#3162),#620,.T.);
#3162 = FACE_BOUND('',#3163,.T.);
#3163 = EDGE_LOOP('',(#3164,#3165,#3166,#3187));
#3164 = ORIENTED_EDGE('',*,*,#604,.F.);
#3165 = ORIENTED_EDGE('',*,*,#3015,.T.);
#3166 = ORIENTED_EDGE('',*,*,#3167,.T.);
#3167 = EDGE_CURVE('',#3016,#3119,#3168,.T.);
#3168 = SURFACE_CURVE('',#3169,(#3173,#3180),.PCURVE_S1.);
#3169 = LINE('',#3170,#3171);
#3170 = CARTESIAN_POINT('',(-132.,-48.855,65.));
#3171 = VECTOR('',#3172,1.);
#3172 = DIRECTION('',(1.,0.,-0.));
#3173 = PCURVE('',#620,#3174);
#3174 = DEFINITIONAL_REPRESENTATION('',(#3175),#3179);
#3175 = LINE('',#3176,#3177);
#3176 = CARTESIAN_POINT('',(6.35,0.));
#3177 = VECTOR('',#3178,1.);
#3178 = DIRECTION('',(0.,1.));
#3179 = ( GEOMETRIC_REPRESENTATION_CONTEXT(2) 
PARAMETRIC_REPRESENTATION_CONTEXT() REPRESENTATION_CONTEXT('2D SPACE',''
  ) );
#3180 = PCURVE('',#3052,#3181);
#3181 = DEFINITIONAL_REPRESENTATION('',(#3182),#3186);
#3182 = LINE('',#3183,#3184);
#3183 = CARTESIAN_POINT('',(0.,1.59));
#3184 = VECTOR('',#3185,1.);
#3185 = DIRECTION('',(1.,0.));
#3186 = ( GEOMETRIC_REPRESENTATION_CONTEXT(2) 
PARAMETRIC_REPRESENTATION_CONTEXT() REPRESENTATION_CONTEXT('2D SPACE',''
  ) );
#3187 = ORIENTED_EDGE('',*,*,#3118,.F.);
#3188 = ADVANCED_FACE('',(#3189),#706,.F.);
#3189 = FACE_BOUND('',#3190,.F.);
#3190 = EDGE_LOOP('',(#3191,#3214,#3215,#3238));
#3191 = ORIENTED_EDGE('',*,*,#3192,.F.);
#3192 = EDGE_CURVE('',#689,#3193,#3195,.T.);
#3193 = VERTEX_POINT('',#3194);
#3194 = CARTESIAN_POINT('',(-132.,-33.895,65.));
#3195 = SURFACE_CURVE('',#3196,(#3200,#3207),.PCURVE_S1.);
#3196 = LINE('',#3197,#3198);
#3197 = CARTESIAN_POINT('',(-132.,-33.895,58.65));
#3198 = VECTOR('',#3199,1.);
#3199 = DIRECTION('',(0.,0.,1.));
#3200 = PCURVE('',#706,#3201);
#3201 = DEFINITIONAL_REPRESENTATION('',(#3202),#3206);
#3202 = LINE('',#3203,#3204);
#3203 = CARTESIAN_POINT('',(0.,0.));
#3204 = VECTOR('',#3205,1.);
#3205 = DIRECTION('',(1.,0.));
#3206 = ( GEOMETRIC_REPRESENTATION_CONTEXT(2) 
PARAMETRIC_REPRESENTATION_CONTEXT() REPRESENTATION_CONTEXT('2D SPACE',''
  ) );
#3207 = PCURVE('',#788,#3208);
#3208 = DEFINITIONAL_REPRESENTATION('',(#3209),#3213);
#3209 = LINE('',#3210,#3211);
#3210 = CARTESIAN_POINT('',(0.,0.));
#3211 = VECTOR('',#3212,1.);
#3212 = DIRECTION('',(1.,0.));
#3213 = ( GEOMETRIC_REPRESENTATION_CONTEXT(2) 
PARAMETRIC_REPRESENTATION_CONTEXT() REPRESENTATION_CONTEXT('2D SPACE',''
  ) );
#3214 = ORIENTED_EDGE('',*,*,#688,.T.);
#3215 = ORIENTED_EDGE('',*,*,#3216,.T.);
#3216 = EDGE_CURVE('',#691,#3217,#3219,.T.);
#3217 = VERTEX_POINT('',#3218);
#3218 = CARTESIAN_POINT('',(-132.,-32.305,65.));
#3219 = SURFACE_CURVE('',#3220,(#3224,#3231),.PCURVE_S1.);
#3220 = LINE('',#3221,#3222);
#3221 = CARTESIAN_POINT('',(-132.,-32.305,58.65));
#3222 = VECTOR('',#3223,1.);
#3223 = DIRECTION('',(0.,0.,1.));
#3224 = PCURVE('',#706,#3225);
#3225 = DEFINITIONAL_REPRESENTATION('',(#3226),#3230);
#3226 = LINE('',#3227,#3228);
#3227 = CARTESIAN_POINT('',(0.,-1.59));
#3228 = VECTOR('',#3229,1.);
#3229 = DIRECTION('',(1.,0.));
#3230 = ( GEOMETRIC_REPRESENTATION_CONTEXT(2) 
PARAMETRIC_REPRESENTATION_CONTEXT() REPRESENTATION_CONTEXT('2D SPACE',''
  ) );
#3231 = PCURVE('',#734,#3232);
#3232 = DEFINITIONAL_REPRESENTATION('',(#3233),#3237);
#3233 = LINE('',#3234,#3235);
#3234 = CARTESIAN_POINT('',(0.,0.));
#3235 = VECTOR('',#3236,1.);
#3236 = DIRECTION('',(1.,0.));
#3237 = ( GEOMETRIC_REPRESENTATION_CONTEXT(2) 
PARAMETRIC_REPRESENTATION_CONTEXT() REPRESENTATION_CONTEXT('2D SPACE',''
  ) );
#3238 = ORIENTED_EDGE('',*,*,#3239,.F.);
#3239 = EDGE_CURVE('',#3193,#3217,#3240,.T.);
#3240 = SURFACE_CURVE('',#3241,(#3245,#3252),.PCURVE_S1.);
#3241 = LINE('',#3242,#3243);
#3242 = CARTESIAN_POINT('',(-132.,-33.895,65.));
#3243 = VECTOR('',#3244,1.);
#3244 = DIRECTION('',(-0.,1.,0.));
#3245 = PCURVE('',#706,#3246);
#3246 = DEFINITIONAL_REPRESENTATION('',(#3247),#3251);
#3247 = LINE('',#3248,#3249);
#3248 = CARTESIAN_POINT('',(6.35,0.));
#3249 = VECTOR('',#3250,1.);
#3250 = DIRECTION('',(0.,-1.));
#3251 = ( GEOMETRIC_REPRESENTATION_CONTEXT(2) 
PARAMETRIC_REPRESENTATION_CONTEXT() REPRESENTATION_CONTEXT('2D SPACE',''
  ) );
#3252 = PCURVE('',#3253,#3258);
#3253 = PLANE('',#3254);
#3254 = AXIS2_PLACEMENT_3D('',#3255,#3256,#3257);
#3255 = CARTESIAN_POINT('',(-132.,-33.895,65.));
#3256 = DIRECTION('',(0.,0.,1.));
#3257 = DIRECTION('',(1.,0.,-0.));
#3258 = DEFINITIONAL_REPRESENTATION('',(#3259),#3263);
#3259 = LINE('',#3260,#3261);
#3260 = CARTESIAN_POINT('',(0.,0.));
#3261 = VECTOR('',#3262,1.);
#3262 = DIRECTION('',(0.,1.));
#3263 = ( GEOMETRIC_REPRESENTATION_CONTEXT(2) 
PARAMETRIC_REPRESENTATION_CONTEXT() REPRESENTATION_CONTEXT('2D SPACE',''
  ) );
#3264 = ADVANCED_FACE('',(#3265),#788,.F.);
#3265 = FACE_BOUND('',#3266,.F.);
#3266 = EDGE_LOOP('',(#3267,#3268,#3269,#3292));
#3267 = ORIENTED_EDGE('',*,*,#774,.F.);
#3268 = ORIENTED_EDGE('',*,*,#3192,.T.);
#3269 = ORIENTED_EDGE('',*,*,#3270,.T.);
#3270 = EDGE_CURVE('',#3193,#3271,#3273,.T.);
#3271 = VERTEX_POINT('',#3272);
#3272 = CARTESIAN_POINT('',(44.,-33.895,65.));
#3273 = SURFACE_CURVE('',#3274,(#3278,#3285),.PCURVE_S1.);
#3274 = LINE('',#3275,#3276);
#3275 = CARTESIAN_POINT('',(-132.,-33.895,65.));
#3276 = VECTOR('',#3277,1.);
#3277 = DIRECTION('',(1.,0.,-0.));
#3278 = PCURVE('',#788,#3279);
#3279 = DEFINITIONAL_REPRESENTATION('',(#3280),#3284);
#3280 = LINE('',#3281,#3282);
#3281 = CARTESIAN_POINT('',(6.35,0.));
#3282 = VECTOR('',#3283,1.);
#3283 = DIRECTION('',(0.,1.));
#3284 = ( GEOMETRIC_REPRESENTATION_CONTEXT(2) 
PARAMETRIC_REPRESENTATION_CONTEXT() REPRESENTATION_CONTEXT('2D SPACE',''
  ) );
#3285 = PCURVE('',#3253,#3286);
#3286 = DEFINITIONAL_REPRESENTATION('',(#3287),#3291);
#3287 = LINE('',#3288,#3289);
#3288 = CARTESIAN_POINT('',(0.,0.));
#3289 = VECTOR('',#3290,1.);
#3290 = DIRECTION('',(1.,0.));
#3291 = ( GEOMETRIC_REPRESENTATION_CONTEXT(2) 
PARAMETRIC_REPRESENTATION_CONTEXT() REPRESENTATION_CONTEXT('2D SPACE',''
  ) );
#3292 = ORIENTED_EDGE('',*,*,#3293,.F.);
#3293 = EDGE_CURVE('',#747,#3271,#3294,.T.);
#3294 = SURFACE_CURVE('',#3295,(#3299,#3306),.PCURVE_S1.);
#3295 = LINE('',#3296,#3297);
#3296 = CARTESIAN_POINT('',(44.,-33.895,58.65));
#3297 = VECTOR('',#3298,1.);
#3298 = DIRECTION('',(0.,0.,1.));
#3299 = PCURVE('',#788,#3300);
#3300 = DEFINITIONAL_REPRESENTATION('',(#3301),#3305);
#3301 = LINE('',#3302,#3303);
#3302 = CARTESIAN_POINT('',(0.,176.));
#3303 = VECTOR('',#3304,1.);
#3304 = DIRECTION('',(1.,0.));
#3305 = ( GEOMETRIC_REPRESENTATION_CONTEXT(2) 
PARAMETRIC_REPRESENTATION_CONTEXT() REPRESENTATION_CONTEXT('2D SPACE',''
  ) );
#3306 = PCURVE('',#762,#3307);
#3307 = DEFINITIONAL_REPRESENTATION('',(#3308),#3312);
#3308 = LINE('',#3309,#3310);
#3309 = CARTESIAN_POINT('',(0.,0.));
#3310 = VECTOR('',#3311,1.);
#3311 = DIRECTION('',(1.,0.));
#3312 = ( GEOMETRIC_REPRESENTATION_CONTEXT(2) 
PARAMETRIC_REPRESENTATION_CONTEXT() REPRESENTATION_CONTEXT('2D SPACE',''
  ) );
#3313 = ADVANCED_FACE('',(#3314),#762,.T.);
#3314 = FACE_BOUND('',#3315,.T.);
#3315 = EDGE_LOOP('',(#3316,#3317,#3318,#3341));
#3316 = ORIENTED_EDGE('',*,*,#3293,.F.);
#3317 = ORIENTED_EDGE('',*,*,#746,.T.);
#3318 = ORIENTED_EDGE('',*,*,#3319,.T.);
#3319 = EDGE_CURVE('',#719,#3320,#3322,.T.);
#3320 = VERTEX_POINT('',#3321);
#3321 = CARTESIAN_POINT('',(44.,-32.305,65.));
#3322 = SURFACE_CURVE('',#3323,(#3327,#3334),.PCURVE_S1.);
#3323 = LINE('',#3324,#3325);
#3324 = CARTESIAN_POINT('',(44.,-32.305,58.65));
#3325 = VECTOR('',#3326,1.);
#3326 = DIRECTION('',(0.,0.,1.));
#3327 = PCURVE('',#762,#3328);
#3328 = DEFINITIONAL_REPRESENTATION('',(#3329),#3333);
#3329 = LINE('',#3330,#3331);
#3330 = CARTESIAN_POINT('',(0.,-1.59));
#3331 = VECTOR('',#3332,1.);
#3332 = DIRECTION('',(1.,0.));
#3333 = ( GEOMETRIC_REPRESENTATION_CONTEXT(2) 
PARAMETRIC_REPRESENTATION_CONTEXT() REPRESENTATION_CONTEXT('2D SPACE',''
  ) );
#3334 = PCURVE('',#734,#3335);
#3335 = DEFINITIONAL_REPRESENTATION('',(#3336),#3340);
#3336 = LINE('',#3337,#3338);
#3337 = CARTESIAN_POINT('',(0.,176.));
#3338 = VECTOR('',#3339,1.);
#3339 = DIRECTION('',(1.,0.));
#3340 = ( GEOMETRIC_REPRESENTATION_CONTEXT(2) 
PARAMETRIC_REPRESENTATION_CONTEXT() REPRESENTATION_CONTEXT('2D SPACE',''
  ) );
#3341 = ORIENTED_EDGE('',*,*,#3342,.F.);
#3342 = EDGE_CURVE('',#3271,#3320,#3343,.T.);
#3343 = SURFACE_CURVE('',#3344,(#3348,#3355),.PCURVE_S1.);
#3344 = LINE('',#3345,#3346);
#3345 = CARTESIAN_POINT('',(44.,-33.895,65.));
#3346 = VECTOR('',#3347,1.);
#3347 = DIRECTION('',(-0.,1.,0.));
#3348 = PCURVE('',#762,#3349);
#3349 = DEFINITIONAL_REPRESENTATION('',(#3350),#3354);
#3350 = LINE('',#3351,#3352);
#3351 = CARTESIAN_POINT('',(6.35,0.));
#3352 = VECTOR('',#3353,1.);
#3353 = DIRECTION('',(0.,-1.));
#3354 = ( GEOMETRIC_REPRESENTATION_CONTEXT(2) 
PARAMETRIC_REPRESENTATION_CONTEXT() REPRESENTATION_CONTEXT('2D SPACE',''
  ) );
#3355 = PCURVE('',#3253,#3356);
#3356 = DEFINITIONAL_REPRESENTATION('',(#3357),#3361);
#3357 = LINE('',#3358,#3359);
#3358 = CARTESIAN_POINT('',(176.,0.));
#3359 = VECTOR('',#3360,1.);
#3360 = DIRECTION('',(0.,1.));
#3361 = ( GEOMETRIC_REPRESENTATION_CONTEXT(2) 
PARAMETRIC_REPRESENTATION_CONTEXT() REPRESENTATION_CONTEXT('2D SPACE',''
  ) );
#3362 = ADVANCED_FACE('',(#3363),#734,.T.);
#3363 = FACE_BOUND('',#3364,.T.);
#3364 = EDGE_LOOP('',(#3365,#3366,#3367,#3388));
#3365 = ORIENTED_EDGE('',*,*,#718,.F.);
#3366 = ORIENTED_EDGE('',*,*,#3216,.T.);
#3367 = ORIENTED_EDGE('',*,*,#3368,.T.);
#3368 = EDGE_CURVE('',#3217,#3320,#3369,.T.);
#3369 = SURFACE_CURVE('',#3370,(#3374,#3381),.PCURVE_S1.);
#3370 = LINE('',#3371,#3372);
#3371 = CARTESIAN_POINT('',(-132.,-32.305,65.));
#3372 = VECTOR('',#3373,1.);
#3373 = DIRECTION('',(1.,0.,-0.));
#3374 = PCURVE('',#734,#3375);
#3375 = DEFINITIONAL_REPRESENTATION('',(#3376),#3380);
#3376 = LINE('',#3377,#3378);
#3377 = CARTESIAN_POINT('',(6.35,0.));
#3378 = VECTOR('',#3379,1.);
#3379 = DIRECTION('',(0.,1.));
#3380 = ( GEOMETRIC_REPRESENTATION_CONTEXT(2) 
PARAMETRIC_REPRESENTATION_CONTEXT() REPRESENTATION_CONTEXT('2D SPACE',''
  ) );
#3381 = PCURVE('',#3253,#3382);
#3382 = DEFINITIONAL_REPRESENTATION('',(#3383),#3387);
#3383 = LINE('',#3384,#3385);
#3384 = CARTESIAN_POINT('',(0.,1.59));
#3385 = VECTOR('',#3386,1.);
#3386 = DIRECTION('',(1.,0.));
#3387 = ( GEOMETRIC_REPRESENTATION_CONTEXT(2) 
PARAMETRIC_REPRESENTATION_CONTEXT() REPRESENTATION_CONTEXT('2D SPACE',''
  ) );
#3388 = ORIENTED_EDGE('',*,*,#3319,.F.);
#3389 = ADVANCED_FACE('',(#3390),#820,.F.);
#3390 = FACE_BOUND('',#3391,.F.);
#3391 = EDGE_LOOP('',(#3392,#3415,#3416,#3439));
#3392 = ORIENTED_EDGE('',*,*,#3393,.F.);
#3393 = EDGE_CURVE('',#803,#3394,#3396,.T.);
#3394 = VERTEX_POINT('',#3395);
#3395 = CARTESIAN_POINT('',(-132.,-17.345,65.));
#3396 = SURFACE_CURVE('',#3397,(#3401,#3408),.PCURVE_S1.);
#3397 = LINE('',#3398,#3399);
#3398 = CARTESIAN_POINT('',(-132.,-17.345,58.65));
#3399 = VECTOR('',#3400,1.);
#3400 = DIRECTION('',(0.,0.,1.));
#3401 = PCURVE('',#820,#3402);
#3402 = DEFINITIONAL_REPRESENTATION('',(#3403),#3407);
#3403 = LINE('',#3404,#3405);
#3404 = CARTESIAN_POINT('',(0.,0.));
#3405 = VECTOR('',#3406,1.);
#3406 = DIRECTION('',(1.,0.));
#3407 = ( GEOMETRIC_REPRESENTATION_CONTEXT(2) 
PARAMETRIC_REPRESENTATION_CONTEXT() REPRESENTATION_CONTEXT('2D SPACE',''
  ) );
#3408 = PCURVE('',#902,#3409);
#3409 = DEFINITIONAL_REPRESENTATION('',(#3410),#3414);
#3410 = LINE('',#3411,#3412);
#3411 = CARTESIAN_POINT('',(0.,0.));
#3412 = VECTOR('',#3413,1.);
#3413 = DIRECTION('',(1.,0.));
#3414 = ( GEOMETRIC_REPRESENTATION_CONTEXT(2) 
PARAMETRIC_REPRESENTATION_CONTEXT() REPRESENTATION_CONTEXT('2D SPACE',''
  ) );
#3415 = ORIENTED_EDGE('',*,*,#802,.T.);
#3416 = ORIENTED_EDGE('',*,*,#3417,.T.);
#3417 = EDGE_CURVE('',#805,#3418,#3420,.T.);
#3418 = VERTEX_POINT('',#3419);
#3419 = CARTESIAN_POINT('',(-132.,-15.755,65.));
#3420 = SURFACE_CURVE('',#3421,(#3425,#3432),.PCURVE_S1.);
#3421 = LINE('',#3422,#3423);
#3422 = CARTESIAN_POINT('',(-132.,-15.755,58.65));
#3423 = VECTOR('',#3424,1.);
#3424 = DIRECTION('',(0.,0.,1.));
#3425 = PCURVE('',#820,#3426);
#3426 = DEFINITIONAL_REPRESENTATION('',(#3427),#3431);
#3427 = LINE('',#3428,#3429);
#3428 = CARTESIAN_POINT('',(0.,-1.59));
#3429 = VECTOR('',#3430,1.);
#3430 = DIRECTION('',(1.,0.));
#3431 = ( GEOMETRIC_REPRESENTATION_CONTEXT(2) 
PARAMETRIC_REPRESENTATION_CONTEXT() REPRESENTATION_CONTEXT('2D SPACE',''
  ) );
#3432 = PCURVE('',#848,#3433);
#3433 = DEFINITIONAL_REPRESENTATION('',(#3434),#3438);
#3434 = LINE('',#3435,#3436);
#3435 = CARTESIAN_POINT('',(0.,0.));
#3436 = VECTOR('',#3437,1.);
#3437 = DIRECTION('',(1.,0.));
#3438 = ( GEOMETRIC_REPRESENTATION_CONTEXT(2) 
PARAMETRIC_REPRESENTATION_CONTEXT() REPRESENTATION_CONTEXT('2D SPACE',''
  ) );
#3439 = ORIENTED_EDGE('',*,*,#3440,.F.);
#3440 = EDGE_CURVE('',#3394,#3418,#3441,.T.);
#3441 = SURFACE_CURVE('',#3442,(#3446,#3453),.PCURVE_S1.);
#3442 = LINE('',#3443,#3444);
#3443 = CARTESIAN_POINT('',(-132.,-17.345,65.));
#3444 = VECTOR('',#3445,1.);
#3445 = DIRECTION('',(-0.,1.,0.));
#3446 = PCURVE('',#820,#3447);
#3447 = DEFINITIONAL_REPRESENTATION('',(#3448),#3452);
#3448 = LINE('',#3449,#3450);
#3449 = CARTESIAN_POINT('',(6.35,0.));
#3450 = VECTOR('',#3451,1.);
#3451 = DIRECTION('',(0.,-1.));
#3452 = ( GEOMETRIC_REPRESENTATION_CONTEXT(2) 
PARAMETRIC_REPRESENTATION_CONTEXT() REPRESENTATION_CONTEXT('2D SPACE',''
  ) );
#3453 = PCURVE('',#3454,#3459);
#3454 = PLANE('',#3455);
#3455 = AXIS2_PLACEMENT_3D('',#3456,#3457,#3458);
#3456 = CARTESIAN_POINT('',(-132.,-17.345,65.));
#3457 = DIRECTION('',(0.,0.,1.));
#3458 = DIRECTION('',(1.,0.,-0.));
#3459 = DEFINITIONAL_REPRESENTATION('',(#3460),#3464);
#3460 = LINE('',#3461,#3462);
#3461 = CARTESIAN_POINT('',(0.,0.));
#3462 = VECTOR('',#3463,1.);
#3463 = DIRECTION('',(0.,1.));
#3464 = ( GEOMETRIC_REPRESENTATION_CONTEXT(2) 
PARAMETRIC_REPRESENTATION_CONTEXT() REPRESENTATION_CONTEXT('2D SPACE',''
  ) );
#3465 = ADVANCED_FACE('',(#3466),#902,.F.);
#3466 = FACE_BOUND('',#3467,.F.);
#3467 = EDGE_LOOP('',(#3468,#3469,#3470,#3493));
#3468 = ORIENTED_EDGE('',*,*,#888,.F.);
#3469 = ORIENTED_EDGE('',*,*,#3393,.T.);
#3470 = ORIENTED_EDGE('',*,*,#3471,.T.);
#3471 = EDGE_CURVE('',#3394,#3472,#3474,.T.);
#3472 = VERTEX_POINT('',#3473);
#3473 = CARTESIAN_POINT('',(44.,-17.345,65.));
#3474 = SURFACE_CURVE('',#3475,(#3479,#3486),.PCURVE_S1.);
#3475 = LINE('',#3476,#3477);
#3476 = CARTESIAN_POINT('',(-132.,-17.345,65.));
#3477 = VECTOR('',#3478,1.);
#3478 = DIRECTION('',(1.,0.,-0.));
#3479 = PCURVE('',#902,#3480);
#3480 = DEFINITIONAL_REPRESENTATION('',(#3481),#3485);
#3481 = LINE('',#3482,#3483);
#3482 = CARTESIAN_POINT('',(6.35,0.));
#3483 = VECTOR('',#3484,1.);
#3484 = DIRECTION('',(0.,1.));
#3485 = ( GEOMETRIC_REPRESENTATION_CONTEXT(2) 
PARAMETRIC_REPRESENTATION_CONTEXT() REPRESENTATION_CONTEXT('2D SPACE',''
  ) );
#3486 = PCURVE('',#3454,#3487);
#3487 = DEFINITIONAL_REPRESENTATION('',(#3488),#3492);
#3488 = LINE('',#3489,#3490);
#3489 = CARTESIAN_POINT('',(0.,0.));
#3490 = VECTOR('',#3491,1.);
#3491 = DIRECTION('',(1.,0.));
#3492 = ( GEOMETRIC_REPRESENTATION_CONTEXT(2) 
PARAMETRIC_REPRESENTATION_CONTEXT() REPRESENTATION_CONTEXT('2D SPACE',''
  ) );
#3493 = ORIENTED_EDGE('',*,*,#3494,.F.);
#3494 = EDGE_CURVE('',#861,#3472,#3495,.T.);
#3495 = SURFACE_CURVE('',#3496,(#3500,#3507),.PCURVE_S1.);
#3496 = LINE('',#3497,#3498);
#3497 = CARTESIAN_POINT('',(44.,-17.345,58.65));
#3498 = VECTOR('',#3499,1.);
#3499 = DIRECTION('',(0.,0.,1.));
#3500 = PCURVE('',#902,#3501);
#3501 = DEFINITIONAL_REPRESENTATION('',(#3502),#3506);
#3502 = LINE('',#3503,#3504);
#3503 = CARTESIAN_POINT('',(0.,176.));
#3504 = VECTOR('',#3505,1.);
#3505 = DIRECTION('',(1.,0.));
#3506 = ( GEOMETRIC_REPRESENTATION_CONTEXT(2) 
PARAMETRIC_REPRESENTATION_CONTEXT() REPRESENTATION_CONTEXT('2D SPACE',''
  ) );
#3507 = PCURVE('',#876,#3508);
#3508 = DEFINITIONAL_REPRESENTATION('',(#3509),#3513);
#3509 = LINE('',#3510,#3511);
#3510 = CARTESIAN_POINT('',(0.,0.));
#3511 = VECTOR('',#3512,1.);
#3512 = DIRECTION('',(1.,0.));
#3513 = ( GEOMETRIC_REPRESENTATION_CONTEXT(2) 
PARAMETRIC_REPRESENTATION_CONTEXT() REPRESENTATION_CONTEXT('2D SPACE',''
  ) );
#3514 = ADVANCED_FACE('',(#3515),#876,.T.);
#3515 = FACE_BOUND('',#3516,.T.);
#3516 = EDGE_LOOP('',(#3517,#3518,#3519,#3542));
#3517 = ORIENTED_EDGE('',*,*,#3494,.F.);
#3518 = ORIENTED_EDGE('',*,*,#860,.T.);
#3519 = ORIENTED_EDGE('',*,*,#3520,.T.);
#3520 = EDGE_CURVE('',#833,#3521,#3523,.T.);
#3521 = VERTEX_POINT('',#3522);
#3522 = CARTESIAN_POINT('',(44.,-15.755,65.));
#3523 = SURFACE_CURVE('',#3524,(#3528,#3535),.PCURVE_S1.);
#3524 = LINE('',#3525,#3526);
#3525 = CARTESIAN_POINT('',(44.,-15.755,58.65));
#3526 = VECTOR('',#3527,1.);
#3527 = DIRECTION('',(0.,0.,1.));
#3528 = PCURVE('',#876,#3529);
#3529 = DEFINITIONAL_REPRESENTATION('',(#3530),#3534);
#3530 = LINE('',#3531,#3532);
#3531 = CARTESIAN_POINT('',(0.,-1.59));
#3532 = VECTOR('',#3533,1.);
#3533 = DIRECTION('',(1.,0.));
#3534 = ( GEOMETRIC_REPRESENTATION_CONTEXT(2) 
PARAMETRIC_REPRESENTATION_CONTEXT() REPRESENTATION_CONTEXT('2D SPACE',''
  ) );
#3535 = PCURVE('',#848,#3536);
#3536 = DEFINITIONAL_REPRESENTATION('',(#3537),#3541);
#3537 = LINE('',#3538,#3539);
#3538 = CARTESIAN_POINT('',(0.,176.));
#3539 = VECTOR('',#3540,1.);
#3540 = DIRECTION('',(1.,0.));
#3541 = ( GEOMETRIC_REPRESENTATION_CONTEXT(2) 
PARAMETRIC_REPRESENTATION_CONTEXT() REPRESENTATION_CONTEXT('2D SPACE',''
  ) );
#3542 = ORIENTED_EDGE('',*,*,#3543,.F.);
#3543 = EDGE_CURVE('',#3472,#3521,#3544,.T.);
#3544 = SURFACE_CURVE('',#3545,(#3549,#3556),.PCURVE_S1.);
#3545 = LINE('',#3546,#3547);
#3546 = CARTESIAN_POINT('',(44.,-17.345,65.));
#3547 = VECTOR('',#3548,1.);
#3548 = DIRECTION('',(-0.,1.,0.));
#3549 = PCURVE('',#876,#3550);
#3550 = DEFINITIONAL_REPRESENTATION('',(#3551),#3555);
#3551 = LINE('',#3552,#3553);
#3552 = CARTESIAN_POINT('',(6.35,0.));
#3553 = VECTOR('',#3554,1.);
#3554 = DIRECTION('',(0.,-1.));
#3555 = ( GEOMETRIC_REPRESENTATION_CONTEXT(2) 
PARAMETRIC_REPRESENTATION_CONTEXT() REPRESENTATION_CONTEXT('2D SPACE',''
  ) );
#3556 = PCURVE('',#3454,#3557);
#3557 = DEFINITIONAL_REPRESENTATION('',(#3558),#3562);
#3558 = LINE('',#3559,#3560);
#3559 = CARTESIAN_POINT('',(176.,0.));
#3560 = VECTOR('',#3561,1.);
#3561 = DIRECTION('',(0.,1.));
#3562 = ( GEOMETRIC_REPRESENTATION_CONTEXT(2) 
PARAMETRIC_REPRESENTATION_CONTEXT() REPRESENTATION_CONTEXT('2D SPACE',''
  ) );
#3563 = ADVANCED_FACE('',(#3564),#848,.T.);
#3564 = FACE_BOUND('',#3565,.T.);
#3565 = EDGE_LOOP('',(#3566,#3567,#3568,#3589));
#3566 = ORIENTED_EDGE('',*,*,#832,.F.);
#3567 = ORIENTED_EDGE('',*,*,#3417,.T.);
#3568 = ORIENTED_EDGE('',*,*,#3569,.T.);
#3569 = EDGE_CURVE('',#3418,#3521,#3570,.T.);
#3570 = SURFACE_CURVE('',#3571,(#3575,#3582),.PCURVE_S1.);
#3571 = LINE('',#3572,#3573);
#3572 = CARTESIAN_POINT('',(-132.,-15.755,65.));
#3573 = VECTOR('',#3574,1.);
#3574 = DIRECTION('',(1.,0.,-0.));
#3575 = PCURVE('',#848,#3576);
#3576 = DEFINITIONAL_REPRESENTATION('',(#3577),#3581);
#3577 = LINE('',#3578,#3579);
#3578 = CARTESIAN_POINT('',(6.35,0.));
#3579 = VECTOR('',#3580,1.);
#3580 = DIRECTION('',(0.,1.));
#3581 = ( GEOMETRIC_REPRESENTATION_CONTEXT(2) 
PARAMETRIC_REPRESENTATION_CONTEXT() REPRESENTATION_CONTEXT('2D SPACE',''
  ) );
#3582 = PCURVE('',#3454,#3583);
#3583 = DEFINITIONAL_REPRESENTATION('',(#3584),#3588);
#3584 = LINE('',#3585,#3586);
#3585 = CARTESIAN_POINT('',(0.,1.59));
#3586 = VECTOR('',#3587,1.);
#3587 = DIRECTION('',(1.,0.));
#3588 = ( GEOMETRIC_REPRESENTATION_CONTEXT(2) 
PARAMETRIC_REPRESENTATION_CONTEXT() REPRESENTATION_CONTEXT('2D SPACE',''
  ) );
#3589 = ORIENTED_EDGE('',*,*,#3520,.F.);
#3590 = ADVANCED_FACE('',(#3591),#934,.F.);
#3591 = FACE_BOUND('',#3592,.F.);
#3592 = EDGE_LOOP('',(#3593,#3616,#3617,#3640));
#3593 = ORIENTED_EDGE('',*,*,#3594,.F.);
#3594 = EDGE_CURVE('',#917,#3595,#3597,.T.);
#3595 = VERTEX_POINT('',#3596);
#3596 = CARTESIAN_POINT('',(-132.,-0.795,65.));
#3597 = SURFACE_CURVE('',#3598,(#3602,#3609),.PCURVE_S1.);
#3598 = LINE('',#3599,#3600);
#3599 = CARTESIAN_POINT('',(-132.,-0.795,58.65));
#3600 = VECTOR('',#3601,1.);
#3601 = DIRECTION('',(0.,0.,1.));
#3602 = PCURVE('',#934,#3603);
#3603 = DEFINITIONAL_REPRESENTATION('',(#3604),#3608);
#3604 = LINE('',#3605,#3606);
#3605 = CARTESIAN_POINT('',(0.,0.));
#3606 = VECTOR('',#3607,1.);
#3607 = DIRECTION('',(1.,0.));
#3608 = ( GEOMETRIC_REPRESENTATION_CONTEXT(2) 
PARAMETRIC_REPRESENTATION_CONTEXT() REPRESENTATION_CONTEXT('2D SPACE',''
  ) );
#3609 = PCURVE('',#1016,#3610);
#3610 = DEFINITIONAL_REPRESENTATION('',(#3611),#3615);
#3611 = LINE('',#3612,#3613);
#3612 = CARTESIAN_POINT('',(0.,0.));
#3613 = VECTOR('',#3614,1.);
#3614 = DIRECTION('',(1.,0.));
#3615 = ( GEOMETRIC_REPRESENTATION_CONTEXT(2) 
PARAMETRIC_REPRESENTATION_CONTEXT() REPRESENTATION_CONTEXT('2D SPACE',''
  ) );
#3616 = ORIENTED_EDGE('',*,*,#916,.T.);
#3617 = ORIENTED_EDGE('',*,*,#3618,.T.);
#3618 = EDGE_CURVE('',#919,#3619,#3621,.T.);
#3619 = VERTEX_POINT('',#3620);
#3620 = CARTESIAN_POINT('',(-132.,0.795,65.));
#3621 = SURFACE_CURVE('',#3622,(#3626,#3633),.PCURVE_S1.);
#3622 = LINE('',#3623,#3624);
#3623 = CARTESIAN_POINT('',(-132.,0.795,58.65));
#3624 = VECTOR('',#3625,1.);
#3625 = DIRECTION('',(0.,0.,1.));
#3626 = PCURVE('',#934,#3627);
#3627 = DEFINITIONAL_REPRESENTATION('',(#3628),#3632);
#3628 = LINE('',#3629,#3630);
#3629 = CARTESIAN_POINT('',(0.,-1.59));
#3630 = VECTOR('',#3631,1.);
#3631 = DIRECTION('',(1.,0.));
#3632 = ( GEOMETRIC_REPRESENTATION_CONTEXT(2) 
PARAMETRIC_REPRESENTATION_CONTEXT() REPRESENTATION_CONTEXT('2D SPACE',''
  ) );
#3633 = PCURVE('',#962,#3634);
#3634 = DEFINITIONAL_REPRESENTATION('',(#3635),#3639);
#3635 = LINE('',#3636,#3637);
#3636 = CARTESIAN_POINT('',(0.,0.));
#3637 = VECTOR('',#3638,1.);
#3638 = DIRECTION('',(1.,0.));
#3639 = ( GEOMETRIC_REPRESENTATION_CONTEXT(2) 
PARAMETRIC_REPRESENTATION_CONTEXT() REPRESENTATION_CONTEXT('2D SPACE',''
  ) );
#3640 = ORIENTED_EDGE('',*,*,#3641,.F.);
#3641 = EDGE_CURVE('',#3595,#3619,#3642,.T.);
#3642 = SURFACE_CURVE('',#3643,(#3647,#3654),.PCURVE_S1.);
#3643 = LINE('',#3644,#3645);
#3644 = CARTESIAN_POINT('',(-132.,-0.795,65.));
#3645 = VECTOR('',#3646,1.);
#3646 = DIRECTION('',(-0.,1.,0.));
#3647 = PCURVE('',#934,#3648);
#3648 = DEFINITIONAL_REPRESENTATION('',(#3649),#3653);
#3649 = LINE('',#3650,#3651);
#3650 = CARTESIAN_POINT('',(6.35,0.));
#3651 = VECTOR('',#3652,1.);
#3652 = DIRECTION('',(0.,-1.));
#3653 = ( GEOMETRIC_REPRESENTATION_CONTEXT(2) 
PARAMETRIC_REPRESENTATION_CONTEXT() REPRESENTATION_CONTEXT('2D SPACE',''
  ) );
#3654 = PCURVE('',#3655,#3660);
#3655 = PLANE('',#3656);
#3656 = AXIS2_PLACEMENT_3D('',#3657,#3658,#3659);
#3657 = CARTESIAN_POINT('',(-132.,-0.795,65.));
#3658 = DIRECTION('',(0.,0.,1.));
#3659 = DIRECTION('',(1.,0.,-0.));
#3660 = DEFINITIONAL_REPRESENTATION('',(#3661),#3665);
#3661 = LINE('',#3662,#3663);
#3662 = CARTESIAN_POINT('',(0.,0.));
#3663 = VECTOR('',#3664,1.);
#3664 = DIRECTION('',(0.,1.));
#3665 = ( GEOMETRIC_REPRESENTATION_CONTEXT(2) 
PARAMETRIC_REPRESENTATION_CONTEXT() REPRESENTATION_CONTEXT('2D SPACE',''
  ) );
#3666 = ADVANCED_FACE('',(#3667),#1016,.F.);
#3667 = FACE_BOUND('',#3668,.F.);
#3668 = EDGE_LOOP('',(#3669,#3670,#3671,#3694));
#3669 = ORIENTED_EDGE('',*,*,#1002,.F.);
#3670 = ORIENTED_EDGE('',*,*,#3594,.T.);
#3671 = ORIENTED_EDGE('',*,*,#3672,.T.);
#3672 = EDGE_CURVE('',#3595,#3673,#3675,.T.);
#3673 = VERTEX_POINT('',#3674);
#3674 = CARTESIAN_POINT('',(44.,-0.795,65.));
#3675 = SURFACE_CURVE('',#3676,(#3680,#3687),.PCURVE_S1.);
#3676 = LINE('',#3677,#3678);
#3677 = CARTESIAN_POINT('',(-132.,-0.795,65.));
#3678 = VECTOR('',#3679,1.);
#3679 = DIRECTION('',(1.,0.,-0.));
#3680 = PCURVE('',#1016,#3681);
#3681 = DEFINITIONAL_REPRESENTATION('',(#3682),#3686);
#3682 = LINE('',#3683,#3684);
#3683 = CARTESIAN_POINT('',(6.35,0.));
#3684 = VECTOR('',#3685,1.);
#3685 = DIRECTION('',(0.,1.));
#3686 = ( GEOMETRIC_REPRESENTATION_CONTEXT(2) 
PARAMETRIC_REPRESENTATION_CONTEXT() REPRESENTATION_CONTEXT('2D SPACE',''
  ) );
#3687 = PCURVE('',#3655,#3688);
#3688 = DEFINITIONAL_REPRESENTATION('',(#3689),#3693);
#3689 = LINE('',#3690,#3691);
#3690 = CARTESIAN_POINT('',(0.,0.));
#3691 = VECTOR('',#3692,1.);
#3692 = DIRECTION('',(1.,0.));
#3693 = ( GEOMETRIC_REPRESENTATION_CONTEXT(2) 
PARAMETRIC_REPRESENTATION_CONTEXT() REPRESENTATION_CONTEXT('2D SPACE',''
  ) );
#3694 = ORIENTED_EDGE('',*,*,#3695,.F.);
#3695 = EDGE_CURVE('',#975,#3673,#3696,.T.);
#3696 = SURFACE_CURVE('',#3697,(#3701,#3708),.PCURVE_S1.);
#3697 = LINE('',#3698,#3699);
#3698 = CARTESIAN_POINT('',(44.,-0.795,58.65));
#3699 = VECTOR('',#3700,1.);
#3700 = DIRECTION('',(0.,0.,1.));
#3701 = PCURVE('',#1016,#3702);
#3702 = DEFINITIONAL_REPRESENTATION('',(#3703),#3707);
#3703 = LINE('',#3704,#3705);
#3704 = CARTESIAN_POINT('',(0.,176.));
#3705 = VECTOR('',#3706,1.);
#3706 = DIRECTION('',(1.,0.));
#3707 = ( GEOMETRIC_REPRESENTATION_CONTEXT(2) 
PARAMETRIC_REPRESENTATION_CONTEXT() REPRESENTATION_CONTEXT('2D SPACE',''
  ) );
#3708 = PCURVE('',#990,#3709);
#3709 = DEFINITIONAL_REPRESENTATION('',(#3710),#3714);
#3710 = LINE('',#3711,#3712);
#3711 = CARTESIAN_POINT('',(0.,0.));
#3712 = VECTOR('',#3713,1.);
#3713 = DIRECTION('',(1.,0.));
#3714 = ( GEOMETRIC_REPRESENTATION_CONTEXT(2) 
PARAMETRIC_REPRESENTATION_CONTEXT() REPRESENTATION_CONTEXT('2D SPACE',''
  ) );
#3715 = ADVANCED_FACE('',(#3716),#990,.T.);
#3716 = FACE_BOUND('',#3717,.T.);
#3717 = EDGE_LOOP('',(#3718,#3719,#3720,#3743));
#3718 = ORIENTED_EDGE('',*,*,#3695,.F.);
#3719 = ORIENTED_EDGE('',*,*,#974,.T.);
#3720 = ORIENTED_EDGE('',*,*,#3721,.T.);
#3721 = EDGE_CURVE('',#947,#3722,#3724,.T.);
#3722 = VERTEX_POINT('',#3723);
#3723 = CARTESIAN_POINT('',(44.,0.795,65.));
#3724 = SURFACE_CURVE('',#3725,(#3729,#3736),.PCURVE_S1.);
#3725 = LINE('',#3726,#3727);
#3726 = CARTESIAN_POINT('',(44.,0.795,58.65));
#3727 = VECTOR('',#3728,1.);
#3728 = DIRECTION('',(0.,0.,1.));
#3729 = PCURVE('',#990,#3730);
#3730 = DEFINITIONAL_REPRESENTATION('',(#3731),#3735);
#3731 = LINE('',#3732,#3733);
#3732 = CARTESIAN_POINT('',(0.,-1.59));
#3733 = VECTOR('',#3734,1.);
#3734 = DIRECTION('',(1.,0.));
#3735 = ( GEOMETRIC_REPRESENTATION_CONTEXT(2) 
PARAMETRIC_REPRESENTATION_CONTEXT() REPRESENTATION_CONTEXT('2D SPACE',''
  ) );
#3736 = PCURVE('',#962,#3737);
#3737 = DEFINITIONAL_REPRESENTATION('',(#3738),#3742);
#3738 = LINE('',#3739,#3740);
#3739 = CARTESIAN_POINT('',(0.,176.));
#3740 = VECTOR('',#3741,1.);
#3741 = DIRECTION('',(1.,0.));
#3742 = ( GEOMETRIC_REPRESENTATION_CONTEXT(2) 
PARAMETRIC_REPRESENTATION_CONTEXT() REPRESENTATION_CONTEXT('2D SPACE',''
  ) );
#3743 = ORIENTED_EDGE('',*,*,#3744,.F.);
#3744 = EDGE_CURVE('',#3673,#3722,#3745,.T.);
#3745 = SURFACE_CURVE('',#3746,(#3750,#3757),.PCURVE_S1.);
#3746 = LINE('',#3747,#3748);
#3747 = CARTESIAN_POINT('',(44.,-0.795,65.));
#3748 = VECTOR('',#3749,1.);
#3749 = DIRECTION('',(-0.,1.,0.));
#3750 = PCURVE('',#990,#3751);
#3751 = DEFINITIONAL_REPRESENTATION('',(#3752),#3756);
#3752 = LINE('',#3753,#3754);
#3753 = CARTESIAN_POINT('',(6.35,0.));
#3754 = VECTOR('',#3755,1.);
#3755 = DIRECTION('',(0.,-1.));
#3756 = ( GEOMETRIC_REPRESENTATION_CONTEXT(2) 
PARAMETRIC_REPRESENTATION_CONTEXT() REPRESENTATION_CONTEXT('2D SPACE',''
  ) );
#3757 = PCURVE('',#3655,#3758);
#3758 = DEFINITIONAL_REPRESENTATION('',(#3759),#3763);
#3759 = LINE('',#3760,#3761);
#3760 = CARTESIAN_POINT('',(176.,0.));
#3761 = VECTOR('',#3762,1.);
#3762 = DIRECTION('',(0.,1.));
#3763 = ( GEOMETRIC_REPRESENTATION_CONTEXT(2) 
PARAMETRIC_REPRESENTATION_CONTEXT() REPRESENTATION_CONTEXT('2D SPACE',''
  ) );
#3764 = ADVANCED_FACE('',(#3765),#962,.T.);
#3765 = FACE_BOUND('',#3766,.T.);
#3766 = EDGE_LOOP('',(#3767,#3768,#3769,#3790));
#3767 = ORIENTED_EDGE('',*,*,#946,.F.);
#3768 = ORIENTED_EDGE('',*,*,#3618,.T.);
#3769 = ORIENTED_EDGE('',*,*,#3770,.T.);
#3770 = EDGE_CURVE('',#3619,#3722,#3771,.T.);
#3771 = SURFACE_CURVE('',#3772,(#3776,#3783),.PCURVE_S1.);
#3772 = LINE('',#3773,#3774);
#3773 = CARTESIAN_POINT('',(-132.,0.795,65.));
#3774 = VECTOR('',#3775,1.);
#3775 = DIRECTION('',(1.,0.,-0.));
#3776 = PCURVE('',#962,#3777);
#3777 = DEFINITIONAL_REPRESENTATION('',(#3778),#3782);
#3778 = LINE('',#3779,#3780);
#3779 = CARTESIAN_POINT('',(6.35,0.));
#3780 = VECTOR('',#3781,1.);
#3781 = DIRECTION('',(0.,1.));
#3782 = ( GEOMETRIC_REPRESENTATION_CONTEXT(2) 
PARAMETRIC_REPRESENTATION_CONTEXT() REPRESENTATION_CONTEXT('2D SPACE',''
  ) );
#3783 = PCURVE('',#3655,#3784);
#3784 = DEFINITIONAL_REPRESENTATION('',(#3785),#3789);
#3785 = LINE('',#3786,#3787);
#3786 = CARTESIAN_POINT('',(0.,1.59));
#3787 = VECTOR('',#3788,1.);
#3788 = DIRECTION('',(1.,0.));
#3789 = ( GEOMETRIC_REPRESENTATION_CONTEXT(2) 
PARAMETRIC_REPRESENTATION_CONTEXT() REPRESENTATION_CONTEXT('2D SPACE',''
  ) );
#3790 = ORIENTED_EDGE('',*,*,#3721,.F.);
#3791 = ADVANCED_FACE('',(#3792),#1048,.F.);
#3792 = FACE_BOUND('',#3793,.F.);
#3793 = EDGE_LOOP('',(#3794,#3817,#3818,#3841));
#3794 = ORIENTED_EDGE('',*,*,#3795,.F.);
#3795 = EDGE_CURVE('',#1031,#3796,#3798,.T.);
#3796 = VERTEX_POINT('',#3797);
#3797 = CARTESIAN_POINT('',(-132.,15.755,65.));
#3798 = SURFACE_CURVE('',#3799,(#3803,#3810),.PCURVE_S1.);
#3799 = LINE('',#3800,#3801);
#3800 = CARTESIAN_POINT('',(-132.,15.755,58.65));
#3801 = VECTOR('',#3802,1.);
#3802 = DIRECTION('',(0.,0.,1.));
#3803 = PCURVE('',#1048,#3804);
#3804 = DEFINITIONAL_REPRESENTATION('',(#3805),#3809);
#3805 = LINE('',#3806,#3807);
#3806 = CARTESIAN_POINT('',(0.,0.));
#3807 = VECTOR('',#3808,1.);
#3808 = DIRECTION('',(1.,0.));
#3809 = ( GEOMETRIC_REPRESENTATION_CONTEXT(2) 
PARAMETRIC_REPRESENTATION_CONTEXT() REPRESENTATION_CONTEXT('2D SPACE',''
  ) );
#3810 = PCURVE('',#1130,#3811);
#3811 = DEFINITIONAL_REPRESENTATION('',(#3812),#3816);
#3812 = LINE('',#3813,#3814);
#3813 = CARTESIAN_POINT('',(0.,0.));
#3814 = VECTOR('',#3815,1.);
#3815 = DIRECTION('',(1.,0.));
#3816 = ( GEOMETRIC_REPRESENTATION_CONTEXT(2) 
PARAMETRIC_REPRESENTATION_CONTEXT() REPRESENTATION_CONTEXT('2D SPACE',''
  ) );
#3817 = ORIENTED_EDGE('',*,*,#1030,.T.);
#3818 = ORIENTED_EDGE('',*,*,#3819,.T.);
#3819 = EDGE_CURVE('',#1033,#3820,#3822,.T.);
#3820 = VERTEX_POINT('',#3821);
#3821 = CARTESIAN_POINT('',(-132.,17.345,65.));
#3822 = SURFACE_CURVE('',#3823,(#3827,#3834),.PCURVE_S1.);
#3823 = LINE('',#3824,#3825);
#3824 = CARTESIAN_POINT('',(-132.,17.345,58.65));
#3825 = VECTOR('',#3826,1.);
#3826 = DIRECTION('',(0.,0.,1.));
#3827 = PCURVE('',#1048,#3828);
#3828 = DEFINITIONAL_REPRESENTATION('',(#3829),#3833);
#3829 = LINE('',#3830,#3831);
#3830 = CARTESIAN_POINT('',(0.,-1.59));
#3831 = VECTOR('',#3832,1.);
#3832 = DIRECTION('',(1.,0.));
#3833 = ( GEOMETRIC_REPRESENTATION_CONTEXT(2) 
PARAMETRIC_REPRESENTATION_CONTEXT() REPRESENTATION_CONTEXT('2D SPACE',''
  ) );
#3834 = PCURVE('',#1076,#3835);
#3835 = DEFINITIONAL_REPRESENTATION('',(#3836),#3840);
#3836 = LINE('',#3837,#3838);
#3837 = CARTESIAN_POINT('',(0.,0.));
#3838 = VECTOR('',#3839,1.);
#3839 = DIRECTION('',(1.,0.));
#3840 = ( GEOMETRIC_REPRESENTATION_CONTEXT(2) 
PARAMETRIC_REPRESENTATION_CONTEXT() REPRESENTATION_CONTEXT('2D SPACE',''
  ) );
#3841 = ORIENTED_EDGE('',*,*,#3842,.F.);
#3842 = EDGE_CURVE('',#3796,#3820,#3843,.T.);
#3843 = SURFACE_CURVE('',#3844,(#3848,#3855),.PCURVE_S1.);
#3844 = LINE('',#3845,#3846);
#3845 = CARTESIAN_POINT('',(-132.,15.755,65.));
#3846 = VECTOR('',#3847,1.);
#3847 = DIRECTION('',(-0.,1.,0.));
#3848 = PCURVE('',#1048,#3849);
#3849 = DEFINITIONAL_REPRESENTATION('',(#3850),#3854);
#3850 = LINE('',#3851,#3852);
#3851 = CARTESIAN_POINT('',(6.35,0.));
#3852 = VECTOR('',#3853,1.);
#3853 = DIRECTION('',(0.,-1.));
#3854 = ( GEOMETRIC_REPRESENTATION_CONTEXT(2) 
PARAMETRIC_REPRESENTATION_CONTEXT() REPRESENTATION_CONTEXT('2D SPACE',''
  ) );
#3855 = PCURVE('',#3856,#3861);
#3856 = PLANE('',#3857);
#3857 = AXIS2_PLACEMENT_3D('',#3858,#3859,#3860);
#3858 = CARTESIAN_POINT('',(-132.,15.755,65.));
#3859 = DIRECTION('',(0.,0.,1.));
#3860 = DIRECTION('',(1.,0.,-0.));
#3861 = DEFINITIONAL_REPRESENTATION('',(#3862),#3866);
#3862 = LINE('',#3863,#3864);
#3863 = CARTESIAN_POINT('',(0.,0.));
#3864 = VECTOR('',#3865,1.);
#3865 = DIRECTION('',(0.,1.));
#3866 = ( GEOMETRIC_REPRESENTATION_CONTEXT(2) 
PARAMETRIC_REPRESENTATION_CONTEXT() REPRESENTATION_CONTEXT('2D SPACE',''
  ) );
#3867 = ADVANCED_FACE('',(#3868),#1130,.F.);
#3868 = FACE_BOUND('',#3869,.F.);
#3869 = EDGE_LOOP('',(#3870,#3871,#3872,#3895));
#3870 = ORIENTED_EDGE('',*,*,#1116,.F.);
#3871 = ORIENTED_EDGE('',*,*,#3795,.T.);
#3872 = ORIENTED_EDGE('',*,*,#3873,.T.);
#3873 = EDGE_CURVE('',#3796,#3874,#3876,.T.);
#3874 = VERTEX_POINT('',#3875);
#3875 = CARTESIAN_POINT('',(44.,15.755,65.));
#3876 = SURFACE_CURVE('',#3877,(#3881,#3888),.PCURVE_S1.);
#3877 = LINE('',#3878,#3879);
#3878 = CARTESIAN_POINT('',(-132.,15.755,65.));
#3879 = VECTOR('',#3880,1.);
#3880 = DIRECTION('',(1.,0.,-0.));
#3881 = PCURVE('',#1130,#3882);
#3882 = DEFINITIONAL_REPRESENTATION('',(#3883),#3887);
#3883 = LINE('',#3884,#3885);
#3884 = CARTESIAN_POINT('',(6.35,0.));
#3885 = VECTOR('',#3886,1.);
#3886 = DIRECTION('',(0.,1.));
#3887 = ( GEOMETRIC_REPRESENTATION_CONTEXT(2) 
PARAMETRIC_REPRESENTATION_CONTEXT() REPRESENTATION_CONTEXT('2D SPACE',''
  ) );
#3888 = PCURVE('',#3856,#3889);
#3889 = DEFINITIONAL_REPRESENTATION('',(#3890),#3894);
#3890 = LINE('',#3891,#3892);
#3891 = CARTESIAN_POINT('',(0.,0.));
#3892 = VECTOR('',#3893,1.);
#3893 = DIRECTION('',(1.,0.));
#3894 = ( GEOMETRIC_REPRESENTATION_CONTEXT(2) 
PARAMETRIC_REPRESENTATION_CONTEXT() REPRESENTATION_CONTEXT('2D SPACE',''
  ) );
#3895 = ORIENTED_EDGE('',*,*,#3896,.F.);
#3896 = EDGE_CURVE('',#1089,#3874,#3897,.T.);
#3897 = SURFACE_CURVE('',#3898,(#3902,#3909),.PCURVE_S1.);
#3898 = LINE('',#3899,#3900);
#3899 = CARTESIAN_POINT('',(44.,15.755,58.65));
#3900 = VECTOR('',#3901,1.);
#3901 = DIRECTION('',(0.,0.,1.));
#3902 = PCURVE('',#1130,#3903);
#3903 = DEFINITIONAL_REPRESENTATION('',(#3904),#3908);
#3904 = LINE('',#3905,#3906);
#3905 = CARTESIAN_POINT('',(0.,176.));
#3906 = VECTOR('',#3907,1.);
#3907 = DIRECTION('',(1.,0.));
#3908 = ( GEOMETRIC_REPRESENTATION_CONTEXT(2) 
PARAMETRIC_REPRESENTATION_CONTEXT() REPRESENTATION_CONTEXT('2D SPACE',''
  ) );
#3909 = PCURVE('',#1104,#3910);
#3910 = DEFINITIONAL_REPRESENTATION('',(#3911),#3915);
#3911 = LINE('',#3912,#3913);
#3912 = CARTESIAN_POINT('',(0.,0.));
#3913 = VECTOR('',#3914,1.);
#3914 = DIRECTION('',(1.,0.));
#3915 = ( GEOMETRIC_REPRESENTATION_CONTEXT(2) 
PARAMETRIC_REPRESENTATION_CONTEXT() REPRESENTATION_CONTEXT('2D SPACE',''
  ) );
#3916 = ADVANCED_FACE('',(#3917),#1104,.T.);
#3917 = FACE_BOUND('',#3918,.T.);
#3918 = EDGE_LOOP('',(#3919,#3920,#3921,#3944));
#3919 = ORIENTED_EDGE('',*,*,#3896,.F.);
#3920 = ORIENTED_EDGE('',*,*,#1088,.T.);
#3921 = ORIENTED_EDGE('',*,*,#3922,.T.);
#3922 = EDGE_CURVE('',#1061,#3923,#3925,.T.);
#3923 = VERTEX_POINT('',#3924);
#3924 = CARTESIAN_POINT('',(44.,17.345,65.));
#3925 = SURFACE_CURVE('',#3926,(#3930,#3937),.PCURVE_S1.);
#3926 = LINE('',#3927,#3928);
#3927 = CARTESIAN_POINT('',(44.,17.345,58.65));
#3928 = VECTOR('',#3929,1.);
#3929 = DIRECTION('',(0.,0.,1.));
#3930 = PCURVE('',#1104,#3931);
#3931 = DEFINITIONAL_REPRESENTATION('',(#3932),#3936);
#3932 = LINE('',#3933,#3934);
#3933 = CARTESIAN_POINT('',(0.,-1.59));
#3934 = VECTOR('',#3935,1.);
#3935 = DIRECTION('',(1.,0.));
#3936 = ( GEOMETRIC_REPRESENTATION_CONTEXT(2) 
PARAMETRIC_REPRESENTATION_CONTEXT() REPRESENTATION_CONTEXT('2D SPACE',''
  ) );
#3937 = PCURVE('',#1076,#3938);
#3938 = DEFINITIONAL_REPRESENTATION('',(#3939),#3943);
#3939 = LINE('',#3940,#3941);
#3940 = CARTESIAN_POINT('',(0.,176.));
#3941 = VECTOR('',#3942,1.);
#3942 = DIRECTION('',(1.,0.));
#3943 = ( GEOMETRIC_REPRESENTATION_CONTEXT(2) 
PARAMETRIC_REPRESENTATION_CONTEXT() REPRESENTATION_CONTEXT('2D SPACE',''
  ) );
#3944 = ORIENTED_EDGE('',*,*,#3945,.F.);
#3945 = EDGE_CURVE('',#3874,#3923,#3946,.T.);
#3946 = SURFACE_CURVE('',#3947,(#3951,#3958),.PCURVE_S1.);
#3947 = LINE('',#3948,#3949);
#3948 = CARTESIAN_POINT('',(44.,15.755,65.));
#3949 = VECTOR('',#3950,1.);
#3950 = DIRECTION('',(-0.,1.,0.));
#3951 = PCURVE('',#1104,#3952);
#3952 = DEFINITIONAL_REPRESENTATION('',(#3953),#3957);
#3953 = LINE('',#3954,#3955);
#3954 = CARTESIAN_POINT('',(6.35,0.));
#3955 = VECTOR('',#3956,1.);
#3956 = DIRECTION('',(0.,-1.));
#3957 = ( GEOMETRIC_REPRESENTATION_CONTEXT(2) 
PARAMETRIC_REPRESENTATION_CONTEXT() REPRESENTATION_CONTEXT('2D SPACE',''
  ) );
#3958 = PCURVE('',#3856,#3959);
#3959 = DEFINITIONAL_REPRESENTATION('',(#3960),#3964);
#3960 = LINE('',#3961,#3962);
#3961 = CARTESIAN_POINT('',(176.,0.));
#3962 = VECTOR('',#3963,1.);
#3963 = DIRECTION('',(0.,1.));
#3964 = ( GEOMETRIC_REPRESENTATION_CONTEXT(2) 
PARAMETRIC_REPRESENTATION_CONTEXT() REPRESENTATION_CONTEXT('2D SPACE',''
  ) );
#3965 = ADVANCED_FACE('',(#3966),#1076,.T.);
#3966 = FACE_BOUND('',#3967,.T.);
#3967 = EDGE_LOOP('',(#3968,#3969,#3970,#3991));
#3968 = ORIENTED_EDGE('',*,*,#1060,.F.);
#3969 = ORIENTED_EDGE('',*,*,#3819,.T.);
#3970 = ORIENTED_EDGE('',*,*,#3971,.T.);
#3971 = EDGE_CURVE('',#3820,#3923,#3972,.T.);
#3972 = SURFACE_CURVE('',#3973,(#3977,#3984),.PCURVE_S1.);
#3973 = LINE('',#3974,#3975);
#3974 = CARTESIAN_POINT('',(-132.,17.345,65.));
#3975 = VECTOR('',#3976,1.);
#3976 = DIRECTION('',(1.,0.,-0.));
#3977 = PCURVE('',#1076,#3978);
#3978 = DEFINITIONAL_REPRESENTATION('',(#3979),#3983);
#3979 = LINE('',#3980,#3981);
#3980 = CARTESIAN_POINT('',(6.35,0.));
#3981 = VECTOR('',#3982,1.);
#3982 = DIRECTION('',(0.,1.));
#3983 = ( GEOMETRIC_REPRESENTATION_CONTEXT(2) 
PARAMETRIC_REPRESENTATION_CONTEXT() REPRESENTATION_CONTEXT('2D SPACE',''
  ) );
#3984 = PCURVE('',#3856,#3985);
#3985 = DEFINITIONAL_REPRESENTATION('',(#3986),#3990);
#3986 = LINE('',#3987,#3988);
#3987 = CARTESIAN_POINT('',(0.,1.59));
#3988 = VECTOR('',#3989,1.);
#3989 = DIRECTION('',(1.,0.));
#3990 = ( GEOMETRIC_REPRESENTATION_CONTEXT(2) 
PARAMETRIC_REPRESENTATION_CONTEXT() REPRESENTATION_CONTEXT('2D SPACE',''
  ) );
#3991 = ORIENTED_EDGE('',*,*,#3922,.F.);
#3992 = ADVANCED_FACE('',(#3993),#1162,.F.);
#3993 = FACE_BOUND('',#3994,.F.);
#3994 = EDGE_LOOP('',(#3995,#4018,#4019,#4042));
#3995 = ORIENTED_EDGE('',*,*,#3996,.F.);
#3996 = EDGE_CURVE('',#1145,#3997,#3999,.T.);
#3997 = VERTEX_POINT('',#3998);
#3998 = CARTESIAN_POINT('',(-132.,32.305,65.));
#3999 = SURFACE_CURVE('',#4000,(#4004,#4011),.PCURVE_S1.);
#4000 = LINE('',#4001,#4002);
#4001 = CARTESIAN_POINT('',(-132.,32.305,58.65));
#4002 = VECTOR('',#4003,1.);
#4003 = DIRECTION('',(0.,0.,1.));
#4004 = PCURVE('',#1162,#4005);
#4005 = DEFINITIONAL_REPRESENTATION('',(#4006),#4010);
#4006 = LINE('',#4007,#4008);
#4007 = CARTESIAN_POINT('',(0.,0.));
#4008 = VECTOR('',#4009,1.);
#4009 = DIRECTION('',(1.,0.));
#4010 = ( GEOMETRIC_REPRESENTATION_CONTEXT(2) 
PARAMETRIC_REPRESENTATION_CONTEXT() REPRESENTATION_CONTEXT('2D SPACE',''
  ) );
#4011 = PCURVE('',#1244,#4012);
#4012 = DEFINITIONAL_REPRESENTATION('',(#4013),#4017);
#4013 = LINE('',#4014,#4015);
#4014 = CARTESIAN_POINT('',(0.,0.));
#4015 = VECTOR('',#4016,1.);
#4016 = DIRECTION('',(1.,0.));
#4017 = ( GEOMETRIC_REPRESENTATION_CONTEXT(2) 
PARAMETRIC_REPRESENTATION_CONTEXT() REPRESENTATION_CONTEXT('2D SPACE',''
  ) );
#4018 = ORIENTED_EDGE('',*,*,#1144,.T.);
#4019 = ORIENTED_EDGE('',*,*,#4020,.T.);
#4020 = EDGE_CURVE('',#1147,#4021,#4023,.T.);
#4021 = VERTEX_POINT('',#4022);
#4022 = CARTESIAN_POINT('',(-132.,33.895,65.));
#4023 = SURFACE_CURVE('',#4024,(#4028,#4035),.PCURVE_S1.);
#4024 = LINE('',#4025,#4026);
#4025 = CARTESIAN_POINT('',(-132.,33.895,58.65));
#4026 = VECTOR('',#4027,1.);
#4027 = DIRECTION('',(0.,0.,1.));
#4028 = PCURVE('',#1162,#4029);
#4029 = DEFINITIONAL_REPRESENTATION('',(#4030),#4034);
#4030 = LINE('',#4031,#4032);
#4031 = CARTESIAN_POINT('',(0.,-1.59));
#4032 = VECTOR('',#4033,1.);
#4033 = DIRECTION('',(1.,0.));
#4034 = ( GEOMETRIC_REPRESENTATION_CONTEXT(2) 
PARAMETRIC_REPRESENTATION_CONTEXT() REPRESENTATION_CONTEXT('2D SPACE',''
  ) );
#4035 = PCURVE('',#1190,#4036);
#4036 = DEFINITIONAL_REPRESENTATION('',(#4037),#4041);
#4037 = LINE('',#4038,#4039);
#4038 = CARTESIAN_POINT('',(0.,0.));
#4039 = VECTOR('',#4040,1.);
#4040 = DIRECTION('',(1.,0.));
#4041 = ( GEOMETRIC_REPRESENTATION_CONTEXT(2) 
PARAMETRIC_REPRESENTATION_CONTEXT() REPRESENTATION_CONTEXT('2D SPACE',''
  ) );
#4042 = ORIENTED_EDGE('',*,*,#4043,.F.);
#4043 = EDGE_CURVE('',#3997,#4021,#4044,.T.);
#4044 = SURFACE_CURVE('',#4045,(#4049,#4056),.PCURVE_S1.);
#4045 = LINE('',#4046,#4047);
#4046 = CARTESIAN_POINT('',(-132.,32.305,65.));
#4047 = VECTOR('',#4048,1.);
#4048 = DIRECTION('',(-0.,1.,0.));
#4049 = PCURVE('',#1162,#4050);
#4050 = DEFINITIONAL_REPRESENTATION('',(#4051),#4055);
#4051 = LINE('',#4052,#4053);
#4052 = CARTESIAN_POINT('',(6.35,0.));
#4053 = VECTOR('',#4054,1.);
#4054 = DIRECTION('',(0.,-1.));
#4055 = ( GEOMETRIC_REPRESENTATION_CONTEXT(2) 
PARAMETRIC_REPRESENTATION_CONTEXT() REPRESENTATION_CONTEXT('2D SPACE',''
  ) );
#4056 = PCURVE('',#4057,#4062);
#4057 = PLANE('',#4058);
#4058 = AXIS2_PLACEMENT_3D('',#4059,#4060,#4061);
#4059 = CARTESIAN_POINT('',(-132.,32.305,65.));
#4060 = DIRECTION('',(0.,0.,1.));
#4061 = DIRECTION('',(1.,0.,-0.));
#4062 = DEFINITIONAL_REPRESENTATION('',(#4063),#4067);
#4063 = LINE('',#4064,#4065);
#4064 = CARTESIAN_POINT('',(0.,0.));
#4065 = VECTOR('',#4066,1.);
#4066 = DIRECTION('',(0.,1.));
#4067 = ( GEOMETRIC_REPRESENTATION_CONTEXT(2) 
PARAMETRIC_REPRESENTATION_CONTEXT() REPRESENTATION_CONTEXT('2D SPACE',''
  ) );
#4068 = ADVANCED_FACE('',(#4069),#1244,.F.);
#4069 = FACE_BOUND('',#4070,.F.);
#4070 = EDGE_LOOP('',(#4071,#4072,#4073,#4096));
#4071 = ORIENTED_EDGE('',*,*,#1230,.F.);
#4072 = ORIENTED_EDGE('',*,*,#3996,.T.);
#4073 = ORIENTED_EDGE('',*,*,#4074,.T.);
#4074 = EDGE_CURVE('',#3997,#4075,#4077,.T.);
#4075 = VERTEX_POINT('',#4076);
#4076 = CARTESIAN_POINT('',(44.,32.305,65.));
#4077 = SURFACE_CURVE('',#4078,(#4082,#4089),.PCURVE_S1.);
#4078 = LINE('',#4079,#4080);
#4079 = CARTESIAN_POINT('',(-132.,32.305,65.));
#4080 = VECTOR('',#4081,1.);
#4081 = DIRECTION('',(1.,0.,-0.));
#4082 = PCURVE('',#1244,#4083);
#4083 = DEFINITIONAL_REPRESENTATION('',(#4084),#4088);
#4084 = LINE('',#4085,#4086);
#4085 = CARTESIAN_POINT('',(6.35,0.));
#4086 = VECTOR('',#4087,1.);
#4087 = DIRECTION('',(0.,1.));
#4088 = ( GEOMETRIC_REPRESENTATION_CONTEXT(2) 
PARAMETRIC_REPRESENTATION_CONTEXT() REPRESENTATION_CONTEXT('2D SPACE',''
  ) );
#4089 = PCURVE('',#4057,#4090);
#4090 = DEFINITIONAL_REPRESENTATION('',(#4091),#4095);
#4091 = LINE('',#4092,#4093);
#4092 = CARTESIAN_POINT('',(0.,0.));
#4093 = VECTOR('',#4094,1.);
#4094 = DIRECTION('',(1.,0.));
#4095 = ( GEOMETRIC_REPRESENTATION_CONTEXT(2) 
PARAMETRIC_REPRESENTATION_CONTEXT() REPRESENTATION_CONTEXT('2D SPACE',''
  ) );
#4096 = ORIENTED_EDGE('',*,*,#4097,.F.);
#4097 = EDGE_CURVE('',#1203,#4075,#4098,.T.);
#4098 = SURFACE_CURVE('',#4099,(#4103,#4110),.PCURVE_S1.);
#4099 = LINE('',#4100,#4101);
#4100 = CARTESIAN_POINT('',(44.,32.305,58.65));
#4101 = VECTOR('',#4102,1.);
#4102 = DIRECTION('',(0.,0.,1.));
#4103 = PCURVE('',#1244,#4104);
#4104 = DEFINITIONAL_REPRESENTATION('',(#4105),#4109);
#4105 = LINE('',#4106,#4107);
#4106 = CARTESIAN_POINT('',(0.,176.));
#4107 = VECTOR('',#4108,1.);
#4108 = DIRECTION('',(1.,0.));
#4109 = ( GEOMETRIC_REPRESENTATION_CONTEXT(2) 
PARAMETRIC_REPRESENTATION_CONTEXT() REPRESENTATION_CONTEXT('2D SPACE',''
  ) );
#4110 = PCURVE('',#1218,#4111);
#4111 = DEFINITIONAL_REPRESENTATION('',(#4112),#4116);
#4112 = LINE('',#4113,#4114);
#4113 = CARTESIAN_POINT('',(0.,0.));
#4114 = VECTOR('',#4115,1.);
#4115 = DIRECTION('',(1.,0.));
#4116 = ( GEOMETRIC_REPRESENTATION_CONTEXT(2) 
PARAMETRIC_REPRESENTATION_CONTEXT() REPRESENTATION_CONTEXT('2D SPACE',''
  ) );
#4117 = ADVANCED_FACE('',(#4118),#1218,.T.);
#4118 = FACE_BOUND('',#4119,.T.);
#4119 = EDGE_LOOP('',(#4120,#4121,#4122,#4145));
#4120 = ORIENTED_EDGE('',*,*,#4097,.F.);
#4121 = ORIENTED_EDGE('',*,*,#1202,.T.);
#4122 = ORIENTED_EDGE('',*,*,#4123,.T.);
#4123 = EDGE_CURVE('',#1175,#4124,#4126,.T.);
#4124 = VERTEX_POINT('',#4125);
#4125 = CARTESIAN_POINT('',(44.,33.895,65.));
#4126 = SURFACE_CURVE('',#4127,(#4131,#4138),.PCURVE_S1.);
#4127 = LINE('',#4128,#4129);
#4128 = CARTESIAN_POINT('',(44.,33.895,58.65));
#4129 = VECTOR('',#4130,1.);
#4130 = DIRECTION('',(0.,0.,1.));
#4131 = PCURVE('',#1218,#4132);
#4132 = DEFINITIONAL_REPRESENTATION('',(#4133),#4137);
#4133 = LINE('',#4134,#4135);
#4134 = CARTESIAN_POINT('',(0.,-1.59));
#4135 = VECTOR('',#4136,1.);
#4136 = DIRECTION('',(1.,0.));
#4137 = ( GEOMETRIC_REPRESENTATION_CONTEXT(2) 
PARAMETRIC_REPRESENTATION_CONTEXT() REPRESENTATION_CONTEXT('2D SPACE',''
  ) );
#4138 = PCURVE('',#1190,#4139);
#4139 = DEFINITIONAL_REPRESENTATION('',(#4140),#4144);
#4140 = LINE('',#4141,#4142);
#4141 = CARTESIAN_POINT('',(0.,176.));
#4142 = VECTOR('',#4143,1.);
#4143 = DIRECTION('',(1.,0.));
#4144 = ( GEOMETRIC_REPRESENTATION_CONTEXT(2) 
PARAMETRIC_REPRESENTATION_CONTEXT() REPRESENTATION_CONTEXT('2D SPACE',''
  ) );
#4145 = ORIENTED_EDGE('',*,*,#4146,.F.);
#4146 = EDGE_CURVE('',#4075,#4124,#4147,.T.);
#4147 = SURFACE_CURVE('',#4148,(#4152,#4159),.PCURVE_S1.);
#4148 = LINE('',#4149,#4150);
#4149 = CARTESIAN_POINT('',(44.,32.305,65.));
#4150 = VECTOR('',#4151,1.);
#4151 = DIRECTION('',(-0.,1.,0.));
#4152 = PCURVE('',#1218,#4153);
#4153 = DEFINITIONAL_REPRESENTATION('',(#4154),#4158);
#4154 = LINE('',#4155,#4156);
#4155 = CARTESIAN_POINT('',(6.35,0.));
#4156 = VECTOR('',#4157,1.);
#4157 = DIRECTION('',(0.,-1.));
#4158 = ( GEOMETRIC_REPRESENTATION_CONTEXT(2) 
PARAMETRIC_REPRESENTATION_CONTEXT() REPRESENTATION_CONTEXT('2D SPACE',''
  ) );
#4159 = PCURVE('',#4057,#4160);
#4160 = DEFINITIONAL_REPRESENTATION('',(#4161),#4165);
#4161 = LINE('',#4162,#4163);
#4162 = CARTESIAN_POINT('',(176.,0.));
#4163 = VECTOR('',#4164,1.);
#4164 = DIRECTION('',(0.,1.));
#4165 = ( GEOMETRIC_REPRESENTATION_CONTEXT(2) 
PARAMETRIC_REPRESENTATION_CONTEXT() REPRESENTATION_CONTEXT('2D SPACE',''
  ) );
#4166 = ADVANCED_FACE('',(#4167),#1190,.T.);
#4167 = FACE_BOUND('',#4168,.T.);
#4168 = EDGE_LOOP('',(#4169,#4170,#4171,#4192));
#4169 = ORIENTED_EDGE('',*,*,#1174,.F.);
#4170 = ORIENTED_EDGE('',*,*,#4020,.T.);
#4171 = ORIENTED_EDGE('',*,*,#4172,.T.);
#4172 = EDGE_CURVE('',#4021,#4124,#4173,.T.);
#4173 = SURFACE_CURVE('',#4174,(#4178,#4185),.PCURVE_S1.);
#4174 = LINE('',#4175,#4176);
#4175 = CARTESIAN_POINT('',(-132.,33.895,65.));
#4176 = VECTOR('',#4177,1.);
#4177 = DIRECTION('',(1.,0.,-0.));
#4178 = PCURVE('',#1190,#4179);
#4179 = DEFINITIONAL_REPRESENTATION('',(#4180),#4184);
#4180 = LINE('',#4181,#4182);
#4181 = CARTESIAN_POINT('',(6.35,0.));
#4182 = VECTOR('',#4183,1.);
#4183 = DIRECTION('',(0.,1.));
#4184 = ( GEOMETRIC_REPRESENTATION_CONTEXT(2) 
PARAMETRIC_REPRESENTATION_CONTEXT() REPRESENTATION_CONTEXT('2D SPACE',''
  ) );
#4185 = PCURVE('',#4057,#4186);
#4186 = DEFINITIONAL_REPRESENTATION('',(#4187),#4191);
#4187 = LINE('',#4188,#4189);
#4188 = CARTESIAN_POINT('',(0.,1.59));
#4189 = VECTOR('',#4190,1.);
#4190 = DIRECTION('',(1.,0.));
#4191 = ( GEOMETRIC_REPRESENTATION_CONTEXT(2) 
PARAMETRIC_REPRESENTATION_CONTEXT() REPRESENTATION_CONTEXT('2D SPACE',''
  ) );
#4192 = ORIENTED_EDGE('',*,*,#4123,.F.);
#4193 = ADVANCED_FACE('',(#4194),#1276,.F.);
#4194 = FACE_BOUND('',#4195,.F.);
#4195 = EDGE_LOOP('',(#4196,#4219,#4220,#4243));
#4196 = ORIENTED_EDGE('',*,*,#4197,.F.);
#4197 = EDGE_CURVE('',#1259,#4198,#4200,.T.);
#4198 = VERTEX_POINT('',#4199);
#4199 = CARTESIAN_POINT('',(-132.,48.855,65.));
#4200 = SURFACE_CURVE('',#4201,(#4205,#4212),.PCURVE_S1.);
#4201 = LINE('',#4202,#4203);
#4202 = CARTESIAN_POINT('',(-132.,48.855,58.65));
#4203 = VECTOR('',#4204,1.);
#4204 = DIRECTION('',(0.,0.,1.));
#4205 = PCURVE('',#1276,#4206);
#4206 = DEFINITIONAL_REPRESENTATION('',(#4207),#4211);
#4207 = LINE('',#4208,#4209);
#4208 = CARTESIAN_POINT('',(0.,0.));
#4209 = VECTOR('',#4210,1.);
#4210 = DIRECTION('',(1.,0.));
#4211 = ( GEOMETRIC_REPRESENTATION_CONTEXT(2) 
PARAMETRIC_REPRESENTATION_CONTEXT() REPRESENTATION_CONTEXT('2D SPACE',''
  ) );
#4212 = PCURVE('',#1358,#4213);
#4213 = DEFINITIONAL_REPRESENTATION('',(#4214),#4218);
#4214 = LINE('',#4215,#4216);
#4215 = CARTESIAN_POINT('',(0.,0.));
#4216 = VECTOR('',#4217,1.);
#4217 = DIRECTION('',(1.,0.));
#4218 = ( GEOMETRIC_REPRESENTATION_CONTEXT(2) 
PARAMETRIC_REPRESENTATION_CONTEXT() REPRESENTATION_CONTEXT('2D SPACE',''
  ) );
#4219 = ORIENTED_EDGE('',*,*,#1258,.T.);
#4220 = ORIENTED_EDGE('',*,*,#4221,.T.);
#4221 = EDGE_CURVE('',#1261,#4222,#4224,.T.);
#4222 = VERTEX_POINT('',#4223);
#4223 = CARTESIAN_POINT('',(-132.,50.445,65.));
#4224 = SURFACE_CURVE('',#4225,(#4229,#4236),.PCURVE_S1.);
#4225 = LINE('',#4226,#4227);
#4226 = CARTESIAN_POINT('',(-132.,50.445,58.65));
#4227 = VECTOR('',#4228,1.);
#4228 = DIRECTION('',(0.,0.,1.));
#4229 = PCURVE('',#1276,#4230);
#4230 = DEFINITIONAL_REPRESENTATION('',(#4231),#4235);
#4231 = LINE('',#4232,#4233);
#4232 = CARTESIAN_POINT('',(0.,-1.59));
#4233 = VECTOR('',#4234,1.);
#4234 = DIRECTION('',(1.,0.));
#4235 = ( GEOMETRIC_REPRESENTATION_CONTEXT(2) 
PARAMETRIC_REPRESENTATION_CONTEXT() REPRESENTATION_CONTEXT('2D SPACE',''
  ) );
#4236 = PCURVE('',#1304,#4237);
#4237 = DEFINITIONAL_REPRESENTATION('',(#4238),#4242);
#4238 = LINE('',#4239,#4240);
#4239 = CARTESIAN_POINT('',(0.,0.));
#4240 = VECTOR('',#4241,1.);
#4241 = DIRECTION('',(1.,0.));
#4242 = ( GEOMETRIC_REPRESENTATION_CONTEXT(2) 
PARAMETRIC_REPRESENTATION_CONTEXT() REPRESENTATION_CONTEXT('2D SPACE',''
  ) );
#4243 = ORIENTED_EDGE('',*,*,#4244,.F.);
#4244 = EDGE_CURVE('',#4198,#4222,#4245,.T.);
#4245 = SURFACE_CURVE('',#4246,(#4250,#4257),.PCURVE_S1.);
#4246 = LINE('',#4247,#4248);
#4247 = CARTESIAN_POINT('',(-132.,48.855,65.));
#4248 = VECTOR('',#4249,1.);
#4249 = DIRECTION('',(-0.,1.,0.));
#4250 = PCURVE('',#1276,#4251);
#4251 = DEFINITIONAL_REPRESENTATION('',(#4252),#4256);
#4252 = LINE('',#4253,#4254);
#4253 = CARTESIAN_POINT('',(6.35,0.));
#4254 = VECTOR('',#4255,1.);
#4255 = DIRECTION('',(0.,-1.));
#4256 = ( GEOMETRIC_REPRESENTATION_CONTEXT(2) 
PARAMETRIC_REPRESENTATION_CONTEXT() REPRESENTATION_CONTEXT('2D SPACE',''
  ) );
#4257 = PCURVE('',#4258,#4263);
#4258 = PLANE('',#4259);
#4259 = AXIS2_PLACEMENT_3D('',#4260,#4261,#4262);
#4260 = CARTESIAN_POINT('',(-132.,48.855,65.));
#4261 = DIRECTION('',(0.,0.,1.));
#4262 = DIRECTION('',(1.,0.,-0.));
#4263 = DEFINITIONAL_REPRESENTATION('',(#4264),#4268);
#4264 = LINE('',#4265,#4266);
#4265 = CARTESIAN_POINT('',(0.,0.));
#4266 = VECTOR('',#4267,1.);
#4267 = DIRECTION('',(0.,1.));
#4268 = ( GEOMETRIC_REPRESENTATION_CONTEXT(2) 
PARAMETRIC_REPRESENTATION_CONTEXT() REPRESENTATION_CONTEXT('2D SPACE',''
  ) );
#4269 = ADVANCED_FACE('',(#4270),#1358,.F.);
#4270 = FACE_BOUND('',#4271,.F.);
#4271 = EDGE_LOOP('',(#4272,#4273,#4274,#4297));
#4272 = ORIENTED_EDGE('',*,*,#1344,.F.);
#4273 = ORIENTED_EDGE('',*,*,#4197,.T.);
#4274 = ORIENTED_EDGE('',*,*,#4275,.T.);
#4275 = EDGE_CURVE('',#4198,#4276,#4278,.T.);
#4276 = VERTEX_POINT('',#4277);
#4277 = CARTESIAN_POINT('',(44.,48.855,65.));
#4278 = SURFACE_CURVE('',#4279,(#4283,#4290),.PCURVE_S1.);
#4279 = LINE('',#4280,#4281);
#4280 = CARTESIAN_POINT('',(-132.,48.855,65.));
#4281 = VECTOR('',#4282,1.);
#4282 = DIRECTION('',(1.,0.,-0.));
#4283 = PCURVE('',#1358,#4284);
#4284 = DEFINITIONAL_REPRESENTATION('',(#4285),#4289);
#4285 = LINE('',#4286,#4287);
#4286 = CARTESIAN_POINT('',(6.35,0.));
#4287 = VECTOR('',#4288,1.);
#4288 = DIRECTION('',(0.,1.));
#4289 = ( GEOMETRIC_REPRESENTATION_CONTEXT(2) 
PARAMETRIC_REPRESENTATION_CONTEXT() REPRESENTATION_CONTEXT('2D SPACE',''
  ) );
#4290 = PCURVE('',#4258,#4291);
#4291 = DEFINITIONAL_REPRESENTATION('',(#4292),#4296);
#4292 = LINE('',#4293,#4294);
#4293 = CARTESIAN_POINT('',(0.,0.));
#4294 = VECTOR('',#4295,1.);
#4295 = DIRECTION('',(1.,0.));
#4296 = ( GEOMETRIC_REPRESENTATION_CONTEXT(2) 
PARAMETRIC_REPRESENTATION_CONTEXT() REPRESENTATION_CONTEXT('2D SPACE',''
  ) );
#4297 = ORIENTED_EDGE('',*,*,#4298,.F.);
#4298 = EDGE_CURVE('',#1317,#4276,#4299,.T.);
#4299 = SURFACE_CURVE('',#4300,(#4304,#4311),.PCURVE_S1.);
#4300 = LINE('',#4301,#4302);
#4301 = CARTESIAN_POINT('',(44.,48.855,58.65));
#4302 = VECTOR('',#4303,1.);
#4303 = DIRECTION('',(0.,0.,1.));
#4304 = PCURVE('',#1358,#4305);
#4305 = DEFINITIONAL_REPRESENTATION('',(#4306),#4310);
#4306 = LINE('',#4307,#4308);
#4307 = CARTESIAN_POINT('',(0.,176.));
#4308 = VECTOR('',#4309,1.);
#4309 = DIRECTION('',(1.,0.));
#4310 = ( GEOMETRIC_REPRESENTATION_CONTEXT(2) 
PARAMETRIC_REPRESENTATION_CONTEXT() REPRESENTATION_CONTEXT('2D SPACE',''
  ) );
#4311 = PCURVE('',#1332,#4312);
#4312 = DEFINITIONAL_REPRESENTATION('',(#4313),#4317);
#4313 = LINE('',#4314,#4315);
#4314 = CARTESIAN_POINT('',(0.,0.));
#4315 = VECTOR('',#4316,1.);
#4316 = DIRECTION('',(1.,0.));
#4317 = ( GEOMETRIC_REPRESENTATION_CONTEXT(2) 
PARAMETRIC_REPRESENTATION_CONTEXT() REPRESENTATION_CONTEXT('2D SPACE',''
  ) );
#4318 = ADVANCED_FACE('',(#4319),#1332,.T.);
#4319 = FACE_BOUND('',#4320,.T.);
#4320 = EDGE_LOOP('',(#4321,#4322,#4323,#4346));
#4321 = ORIENTED_EDGE('',*,*,#4298,.F.);
#4322 = ORIENTED_EDGE('',*,*,#1316,.T.);
#4323 = ORIENTED_EDGE('',*,*,#4324,.T.);
#4324 = EDGE_CURVE('',#1289,#4325,#4327,.T.);
#4325 = VERTEX_POINT('',#4326);
#4326 = CARTESIAN_POINT('',(44.,50.445,65.));
#4327 = SURFACE_CURVE('',#4328,(#4332,#4339),.PCURVE_S1.);
#4328 = LINE('',#4329,#4330);
#4329 = CARTESIAN_POINT('',(44.,50.445,58.65));
#4330 = VECTOR('',#4331,1.);
#4331 = DIRECTION('',(0.,0.,1.));
#4332 = PCURVE('',#1332,#4333);
#4333 = DEFINITIONAL_REPRESENTATION('',(#4334),#4338);
#4334 = LINE('',#4335,#4336);
#4335 = CARTESIAN_POINT('',(0.,-1.59));
#4336 = VECTOR('',#4337,1.);
#4337 = DIRECTION('',(1.,0.));
#4338 = ( GEOMETRIC_REPRESENTATION_CONTEXT(2) 
PARAMETRIC_REPRESENTATION_CONTEXT() REPRESENTATION_CONTEXT('2D SPACE',''
  ) );
#4339 = PCURVE('',#1304,#4340);
#4340 = DEFINITIONAL_REPRESENTATION('',(#4341),#4345);
#4341 = LINE('',#4342,#4343);
#4342 = CARTESIAN_POINT('',(0.,176.));
#4343 = VECTOR('',#4344,1.);
#4344 = DIRECTION('',(1.,0.));
#4345 = ( GEOMETRIC_REPRESENTATION_CONTEXT(2) 
PARAMETRIC_REPRESENTATION_CONTEXT() REPRESENTATION_CONTEXT('2D SPACE',''
  ) );
#4346 = ORIENTED_EDGE('',*,*,#4347,.F.);
#4347 = EDGE_CURVE('',#4276,#4325,#4348,.T.);
#4348 = SURFACE_CURVE('',#4349,(#4353,#4360),.PCURVE_S1.);
#4349 = LINE('',#4350,#4351);
#4350 = CARTESIAN_POINT('',(44.,48.855,65.));
#4351 = VECTOR('',#4352,1.);
#4352 = DIRECTION('',(-0.,1.,0.));
#4353 = PCURVE('',#1332,#4354);
#4354 = DEFINITIONAL_REPRESENTATION('',(#4355),#4359);
#4355 = LINE('',#4356,#4357);
#4356 = CARTESIAN_POINT('',(6.35,0.));
#4357 = VECTOR('',#4358,1.);
#4358 = DIRECTION('',(0.,-1.));
#4359 = ( GEOMETRIC_REPRESENTATION_CONTEXT(2) 
PARAMETRIC_REPRESENTATION_CONTEXT() REPRESENTATION_CONTEXT('2D SPACE',''
  ) );
#4360 = PCURVE('',#4258,#4361);
#4361 = DEFINITIONAL_REPRESENTATION('',(#4362),#4366);
#4362 = LINE('',#4363,#4364);
#4363 = CARTESIAN_POINT('',(176.,0.));
#4364 = VECTOR('',#4365,1.);
#4365 = DIRECTION('',(0.,1.));
#4366 = ( GEOMETRIC_REPRESENTATION_CONTEXT(2) 
PARAMETRIC_REPRESENTATION_CONTEXT() REPRESENTATION_CONTEXT('2D SPACE',''
  ) );
#4367 = ADVANCED_FACE('',(#4368),#1304,.T.);
#4368 = FACE_BOUND('',#4369,.T.);
#4369 = EDGE_LOOP('',(#4370,#4371,#4372,#4393));
#4370 = ORIENTED_EDGE('',*,*,#1288,.F.);
#4371 = ORIENTED_EDGE('',*,*,#4221,.T.);
#4372 = ORIENTED_EDGE('',*,*,#4373,.T.);
#4373 = EDGE_CURVE('',#4222,#4325,#4374,.T.);
#4374 = SURFACE_CURVE('',#4375,(#4379,#4386),.PCURVE_S1.);
#4375 = LINE('',#4376,#4377);
#4376 = CARTESIAN_POINT('',(-132.,50.445,65.));
#4377 = VECTOR('',#4378,1.);
#4378 = DIRECTION('',(1.,0.,-0.));
#4379 = PCURVE('',#1304,#4380);
#4380 = DEFINITIONAL_REPRESENTATION('',(#4381),#4385);
#4381 = LINE('',#4382,#4383);
#4382 = CARTESIAN_POINT('',(6.35,0.));
#4383 = VECTOR('',#4384,1.);
#4384 = DIRECTION('',(0.,1.));
#4385 = ( GEOMETRIC_REPRESENTATION_CONTEXT(2) 
PARAMETRIC_REPRESENTATION_CONTEXT() REPRESENTATION_CONTEXT('2D SPACE',''
  ) );
#4386 = PCURVE('',#4258,#4387);
#4387 = DEFINITIONAL_REPRESENTATION('',(#4388),#4392);
#4388 = LINE('',#4389,#4390);
#4389 = CARTESIAN_POINT('',(0.,1.59));
#4390 = VECTOR('',#4391,1.);
#4391 = DIRECTION('',(1.,0.));
#4392 = ( GEOMETRIC_REPRESENTATION_CONTEXT(2) 
PARAMETRIC_REPRESENTATION_CONTEXT() REPRESENTATION_CONTEXT('2D SPACE',''
  ) );
#4393 = ORIENTED_EDGE('',*,*,#4324,.F.);
#4394 = ADVANCED_FACE('',(#4395),#1390,.F.);
#4395 = FACE_BOUND('',#4396,.F.);
#4396 = EDGE_LOOP('',(#4397,#4420,#4421,#4444));
#4397 = ORIENTED_EDGE('',*,*,#4398,.F.);
#4398 = EDGE_CURVE('',#1373,#4399,#4401,.T.);
#4399 = VERTEX_POINT('',#4400);
#4400 = CARTESIAN_POINT('',(-132.,65.405,65.));
#4401 = SURFACE_CURVE('',#4402,(#4406,#4413),.PCURVE_S1.);
#4402 = LINE('',#4403,#4404);
#4403 = CARTESIAN_POINT('',(-132.,65.405,58.65));
#4404 = VECTOR('',#4405,1.);
#4405 = DIRECTION('',(0.,0.,1.));
#4406 = PCURVE('',#1390,#4407);
#4407 = DEFINITIONAL_REPRESENTATION('',(#4408),#4412);
#4408 = LINE('',#4409,#4410);
#4409 = CARTESIAN_POINT('',(0.,0.));
#4410 = VECTOR('',#4411,1.);
#4411 = DIRECTION('',(1.,0.));
#4412 = ( GEOMETRIC_REPRESENTATION_CONTEXT(2) 
PARAMETRIC_REPRESENTATION_CONTEXT() REPRESENTATION_CONTEXT('2D SPACE',''
  ) );
#4413 = PCURVE('',#1472,#4414);
#4414 = DEFINITIONAL_REPRESENTATION('',(#4415),#4419);
#4415 = LINE('',#4416,#4417);
#4416 = CARTESIAN_POINT('',(0.,0.));
#4417 = VECTOR('',#4418,1.);
#4418 = DIRECTION('',(1.,0.));
#4419 = ( GEOMETRIC_REPRESENTATION_CONTEXT(2) 
PARAMETRIC_REPRESENTATION_CONTEXT() REPRESENTATION_CONTEXT('2D SPACE',''
  ) );
#4420 = ORIENTED_EDGE('',*,*,#1372,.T.);
#4421 = ORIENTED_EDGE('',*,*,#4422,.T.);
#4422 = EDGE_CURVE('',#1375,#4423,#4425,.T.);
#4423 = VERTEX_POINT('',#4424);
#4424 = CARTESIAN_POINT('',(-132.,66.995,65.));
#4425 = SURFACE_CURVE('',#4426,(#4430,#4437),.PCURVE_S1.);
#4426 = LINE('',#4427,#4428);
#4427 = CARTESIAN_POINT('',(-132.,66.995,58.65));
#4428 = VECTOR('',#4429,1.);
#4429 = DIRECTION('',(0.,0.,1.));
#4430 = PCURVE('',#1390,#4431);
#4431 = DEFINITIONAL_REPRESENTATION('',(#4432),#4436);
#4432 = LINE('',#4433,#4434);
#4433 = CARTESIAN_POINT('',(0.,-1.59));
#4434 = VECTOR('',#4435,1.);
#4435 = DIRECTION('',(1.,0.));
#4436 = ( GEOMETRIC_REPRESENTATION_CONTEXT(2) 
PARAMETRIC_REPRESENTATION_CONTEXT() REPRESENTATION_CONTEXT('2D SPACE',''
  ) );
#4437 = PCURVE('',#1418,#4438);
#4438 = DEFINITIONAL_REPRESENTATION('',(#4439),#4443);
#4439 = LINE('',#4440,#4441);
#4440 = CARTESIAN_POINT('',(0.,0.));
#4441 = VECTOR('',#4442,1.);
#4442 = DIRECTION('',(1.,0.));
#4443 = ( GEOMETRIC_REPRESENTATION_CONTEXT(2) 
PARAMETRIC_REPRESENTATION_CONTEXT() REPRESENTATION_CONTEXT('2D SPACE',''
  ) );
#4444 = ORIENTED_EDGE('',*,*,#4445,.F.);
#4445 = EDGE_CURVE('',#4399,#4423,#4446,.T.);
#4446 = SURFACE_CURVE('',#4447,(#4451,#4458),.PCURVE_S1.);
#4447 = LINE('',#4448,#4449);
#4448 = CARTESIAN_POINT('',(-132.,65.405,65.));
#4449 = VECTOR('',#4450,1.);
#4450 = DIRECTION('',(-0.,1.,0.));
#4451 = PCURVE('',#1390,#4452);
#4452 = DEFINITIONAL_REPRESENTATION('',(#4453),#4457);
#4453 = LINE('',#4454,#4455);
#4454 = CARTESIAN_POINT('',(6.35,0.));
#4455 = VECTOR('',#4456,1.);
#4456 = DIRECTION('',(0.,-1.));
#4457 = ( GEOMETRIC_REPRESENTATION_CONTEXT(2) 
PARAMETRIC_REPRESENTATION_CONTEXT() REPRESENTATION_CONTEXT('2D SPACE',''
  ) );
#4458 = PCURVE('',#4459,#4464);
#4459 = PLANE('',#4460);
#4460 = AXIS2_PLACEMENT_3D('',#4461,#4462,#4463);
#4461 = CARTESIAN_POINT('',(-132.,65.405,65.));
#4462 = DIRECTION('',(0.,0.,1.));
#4463 = DIRECTION('',(1.,0.,-0.));
#4464 = DEFINITIONAL_REPRESENTATION('',(#4465),#4469);
#4465 = LINE('',#4466,#4467);
#4466 = CARTESIAN_POINT('',(0.,0.));
#4467 = VECTOR('',#4468,1.);
#4468 = DIRECTION('',(0.,1.));
#4469 = ( GEOMETRIC_REPRESENTATION_CONTEXT(2) 
PARAMETRIC_REPRESENTATION_CONTEXT() REPRESENTATION_CONTEXT('2D SPACE',''
  ) );
#4470 = ADVANCED_FACE('',(#4471),#1472,.F.);
#4471 = FACE_BOUND('',#4472,.F.);
#4472 = EDGE_LOOP('',(#4473,#4474,#4475,#4498));
#4473 = ORIENTED_EDGE('',*,*,#1458,.F.);
#4474 = ORIENTED_EDGE('',*,*,#4398,.T.);
#4475 = ORIENTED_EDGE('',*,*,#4476,.T.);
#4476 = EDGE_CURVE('',#4399,#4477,#4479,.T.);
#4477 = VERTEX_POINT('',#4478);
#4478 = CARTESIAN_POINT('',(44.,65.405,65.));
#4479 = SURFACE_CURVE('',#4480,(#4484,#4491),.PCURVE_S1.);
#4480 = LINE('',#4481,#4482);
#4481 = CARTESIAN_POINT('',(-132.,65.405,65.));
#4482 = VECTOR('',#4483,1.);
#4483 = DIRECTION('',(1.,0.,-0.));
#4484 = PCURVE('',#1472,#4485);
#4485 = DEFINITIONAL_REPRESENTATION('',(#4486),#4490);
#4486 = LINE('',#4487,#4488);
#4487 = CARTESIAN_POINT('',(6.35,0.));
#4488 = VECTOR('',#4489,1.);
#4489 = DIRECTION('',(0.,1.));
#4490 = ( GEOMETRIC_REPRESENTATION_CONTEXT(2) 
PARAMETRIC_REPRESENTATION_CONTEXT() REPRESENTATION_CONTEXT('2D SPACE',''
  ) );
#4491 = PCURVE('',#4459,#4492);
#4492 = DEFINITIONAL_REPRESENTATION('',(#4493),#4497);
#4493 = LINE('',#4494,#4495);
#4494 = CARTESIAN_POINT('',(0.,0.));
#4495 = VECTOR('',#4496,1.);
#4496 = DIRECTION('',(1.,0.));
#4497 = ( GEOMETRIC_REPRESENTATION_CONTEXT(2) 
PARAMETRIC_REPRESENTATION_CONTEXT() REPRESENTATION_CONTEXT('2D SPACE',''
  ) );
#4498 = ORIENTED_EDGE('',*,*,#4499,.F.);
#4499 = EDGE_CURVE('',#1431,#4477,#4500,.T.);
#4500 = SURFACE_CURVE('',#4501,(#4505,#4512),.PCURVE_S1.);
#4501 = LINE('',#4502,#4503);
#4502 = CARTESIAN_POINT('',(44.,65.405,58.65));
#4503 = VECTOR('',#4504,1.);
#4504 = DIRECTION('',(0.,0.,1.));
#4505 = PCURVE('',#1472,#4506);
#4506 = DEFINITIONAL_REPRESENTATION('',(#4507),#4511);
#4507 = LINE('',#4508,#4509);
#4508 = CARTESIAN_POINT('',(0.,176.));
#4509 = VECTOR('',#4510,1.);
#4510 = DIRECTION('',(1.,0.));
#4511 = ( GEOMETRIC_REPRESENTATION_CONTEXT(2) 
PARAMETRIC_REPRESENTATION_CONTEXT() REPRESENTATION_CONTEXT('2D SPACE',''
  ) );
#4512 = PCURVE('',#1446,#4513);
#4513 = DEFINITIONAL_REPRESENTATION('',(#4514),#4518);
#4514 = LINE('',#4515,#4516);
#4515 = CARTESIAN_POINT('',(0.,0.));
#4516 = VECTOR('',#4517,1.);
#4517 = DIRECTION('',(1.,0.));
#4518 = ( GEOMETRIC_REPRESENTATION_CONTEXT(2) 
PARAMETRIC_REPRESENTATION_CONTEXT() REPRESENTATION_CONTEXT('2D SPACE',''
  ) );
#4519 = ADVANCED_FACE('',(#4520),#1446,.T.);
#4520 = FACE_BOUND('',#4521,.T.);
#4521 = EDGE_LOOP('',(#4522,#4523,#4524,#4547));
#4522 = ORIENTED_EDGE('',*,*,#4499,.F.);
#4523 = ORIENTED_EDGE('',*,*,#1430,.T.);
#4524 = ORIENTED_EDGE('',*,*,#4525,.T.);
#4525 = EDGE_CURVE('',#1403,#4526,#4528,.T.);
#4526 = VERTEX_POINT('',#4527);
#4527 = CARTESIAN_POINT('',(44.,66.995,65.));
#4528 = SURFACE_CURVE('',#4529,(#4533,#4540),.PCURVE_S1.);
#4529 = LINE('',#4530,#4531);
#4530 = CARTESIAN_POINT('',(44.,66.995,58.65));
#4531 = VECTOR('',#4532,1.);
#4532 = DIRECTION('',(0.,0.,1.));
#4533 = PCURVE('',#1446,#4534);
#4534 = DEFINITIONAL_REPRESENTATION('',(#4535),#4539);
#4535 = LINE('',#4536,#4537);
#4536 = CARTESIAN_POINT('',(0.,-1.59));
#4537 = VECTOR('',#4538,1.);
#4538 = DIRECTION('',(1.,0.));
#4539 = ( GEOMETRIC_REPRESENTATION_CONTEXT(2) 
PARAMETRIC_REPRESENTATION_CONTEXT() REPRESENTATION_CONTEXT('2D SPACE',''
  ) );
#4540 = PCURVE('',#1418,#4541);
#4541 = DEFINITIONAL_REPRESENTATION('',(#4542),#4546);
#4542 = LINE('',#4543,#4544);
#4543 = CARTESIAN_POINT('',(0.,176.));
#4544 = VECTOR('',#4545,1.);
#4545 = DIRECTION('',(1.,0.));
#4546 = ( GEOMETRIC_REPRESENTATION_CONTEXT(2) 
PARAMETRIC_REPRESENTATION_CONTEXT() REPRESENTATION_CONTEXT('2D SPACE',''
  ) );
#4547 = ORIENTED_EDGE('',*,*,#4548,.F.);
#4548 = EDGE_CURVE('',#4477,#4526,#4549,.T.);
#4549 = SURFACE_CURVE('',#4550,(#4554,#4561),.PCURVE_S1.);
#4550 = LINE('',#4551,#4552);
#4551 = CARTESIAN_POINT('',(44.,65.405,65.));
#4552 = VECTOR('',#4553,1.);
#4553 = DIRECTION('',(-0.,1.,0.));
#4554 = PCURVE('',#1446,#4555);
#4555 = DEFINITIONAL_REPRESENTATION('',(#4556),#4560);
#4556 = LINE('',#4557,#4558);
#4557 = CARTESIAN_POINT('',(6.35,0.));
#4558 = VECTOR('',#4559,1.);
#4559 = DIRECTION('',(0.,-1.));
#4560 = ( GEOMETRIC_REPRESENTATION_CONTEXT(2) 
PARAMETRIC_REPRESENTATION_CONTEXT() REPRESENTATION_CONTEXT('2D SPACE',''
  ) );
#4561 = PCURVE('',#4459,#4562);
#4562 = DEFINITIONAL_REPRESENTATION('',(#4563),#4567);
#4563 = LINE('',#4564,#4565);
#4564 = CARTESIAN_POINT('',(176.,0.));
#4565 = VECTOR('',#4566,1.);
#4566 = DIRECTION('',(0.,1.));
#4567 = ( GEOMETRIC_REPRESENTATION_CONTEXT(2) 
PARAMETRIC_REPRESENTATION_CONTEXT() REPRESENTATION_CONTEXT('2D SPACE',''
  ) );
#4568 = ADVANCED_FACE('',(#4569),#1418,.T.);
#4569 = FACE_BOUND('',#4570,.T.);
#4570 = EDGE_LOOP('',(#4571,#4572,#4573,#4594));
#4571 = ORIENTED_EDGE('',*,*,#1402,.F.);
#4572 = ORIENTED_EDGE('',*,*,#4422,.T.);
#4573 = ORIENTED_EDGE('',*,*,#4574,.T.);
#4574 = EDGE_CURVE('',#4423,#4526,#4575,.T.);
#4575 = SURFACE_CURVE('',#4576,(#4580,#4587),.PCURVE_S1.);
#4576 = LINE('',#4577,#4578);
#4577 = CARTESIAN_POINT('',(-132.,66.995,65.));
#4578 = VECTOR('',#4579,1.);
#4579 = DIRECTION('',(1.,0.,-0.));
#4580 = PCURVE('',#1418,#4581);
#4581 = DEFINITIONAL_REPRESENTATION('',(#4582),#4586);
#4582 = LINE('',#4583,#4584);
#4583 = CARTESIAN_POINT('',(6.35,0.));
#4584 = VECTOR('',#4585,1.);
#4585 = DIRECTION('',(0.,1.));
#4586 = ( GEOMETRIC_REPRESENTATION_CONTEXT(2) 
PARAMETRIC_REPRESENTATION_CONTEXT() REPRESENTATION_CONTEXT('2D SPACE',''
  ) );
#4587 = PCURVE('',#4459,#4588);
#4588 = DEFINITIONAL_REPRESENTATION('',(#4589),#4593);
#4589 = LINE('',#4590,#4591);
#4590 = CARTESIAN_POINT('',(0.,1.59));
#4591 = VECTOR('',#4592,1.);
#4592 = DIRECTION('',(1.,0.));
#4593 = ( GEOMETRIC_REPRESENTATION_CONTEXT(2) 
PARAMETRIC_REPRESENTATION_CONTEXT() REPRESENTATION_CONTEXT('2D SPACE',''
  ) );
#4594 = ORIENTED_EDGE('',*,*,#4525,.F.);
#4595 = ADVANCED_FACE('',(#4596),#1553,.F.);
#4596 = FACE_BOUND('',#4597,.F.);
#4597 = EDGE_LOOP('',(#4598,#4621,#4649,#4670));
#4598 = ORIENTED_EDGE('',*,*,#4599,.F.);
#4599 = EDGE_CURVE('',#4600,#1536,#4602,.T.);
#4600 = VERTEX_POINT('',#4601);
#4601 = CARTESIAN_POINT('',(-132.,-66.995,1.5));
#4602 = SURFACE_CURVE('',#4603,(#4607,#4614),.PCURVE_S1.);
#4603 = LINE('',#4604,#4605);
#4604 = CARTESIAN_POINT('',(-132.,-66.995,1.5));
#4605 = VECTOR('',#4606,1.);
#4606 = DIRECTION('',(0.,0.,1.));
#4607 = PCURVE('',#1553,#4608);
#4608 = DEFINITIONAL_REPRESENTATION('',(#4609),#4613);
#4609 = LINE('',#4610,#4611);
#4610 = CARTESIAN_POINT('',(0.,0.));
#4611 = VECTOR('',#4612,1.);
#4612 = DIRECTION('',(1.,0.));
#4613 = ( GEOMETRIC_REPRESENTATION_CONTEXT(2) 
PARAMETRIC_REPRESENTATION_CONTEXT() REPRESENTATION_CONTEXT('2D SPACE',''
  ) );
#4614 = PCURVE('',#1635,#4615);
#4615 = DEFINITIONAL_REPRESENTATION('',(#4616),#4620);
#4616 = LINE('',#4617,#4618);
#4617 = CARTESIAN_POINT('',(0.,0.));
#4618 = VECTOR('',#4619,1.);
#4619 = DIRECTION('',(1.,0.));
#4620 = ( GEOMETRIC_REPRESENTATION_CONTEXT(2) 
PARAMETRIC_REPRESENTATION_CONTEXT() REPRESENTATION_CONTEXT('2D SPACE',''
  ) );
#4621 = ORIENTED_EDGE('',*,*,#4622,.T.);
#4622 = EDGE_CURVE('',#4600,#4623,#4625,.T.);
#4623 = VERTEX_POINT('',#4624);
#4624 = CARTESIAN_POINT('',(-132.,-65.405,1.5));
#4625 = SURFACE_CURVE('',#4626,(#4630,#4637),.PCURVE_S1.);
#4626 = LINE('',#4627,#4628);
#4627 = CARTESIAN_POINT('',(-132.,-66.995,1.5));
#4628 = VECTOR('',#4629,1.);
#4629 = DIRECTION('',(-0.,1.,0.));
#4630 = PCURVE('',#1553,#4631);
#4631 = DEFINITIONAL_REPRESENTATION('',(#4632),#4636);
#4632 = LINE('',#4633,#4634);
#4633 = CARTESIAN_POINT('',(0.,0.));
#4634 = VECTOR('',#4635,1.);
#4635 = DIRECTION('',(0.,-1.));
#4636 = ( GEOMETRIC_REPRESENTATION_CONTEXT(2) 
PARAMETRIC_REPRESENTATION_CONTEXT() REPRESENTATION_CONTEXT('2D SPACE',''
  ) );
#4637 = PCURVE('',#4638,#4643);
#4638 = PLANE('',#4639);
#4639 = AXIS2_PLACEMENT_3D('',#4640,#4641,#4642);
#4640 = CARTESIAN_POINT('',(-132.,-66.995,1.5));
#4641 = DIRECTION('',(0.,0.,1.));
#4642 = DIRECTION('',(1.,0.,-0.));
#4643 = DEFINITIONAL_REPRESENTATION('',(#4644),#4648);
#4644 = LINE('',#4645,#4646);
#4645 = CARTESIAN_POINT('',(0.,0.));
#4646 = VECTOR('',#4647,1.);
#4647 = DIRECTION('',(0.,1.));
#4648 = ( GEOMETRIC_REPRESENTATION_CONTEXT(2) 
PARAMETRIC_REPRESENTATION_CONTEXT() REPRESENTATION_CONTEXT('2D SPACE',''
  ) );
#4649 = ORIENTED_EDGE('',*,*,#4650,.T.);
#4650 = EDGE_CURVE('',#4623,#1538,#4651,.T.);
#4651 = SURFACE_CURVE('',#4652,(#4656,#4663),.PCURVE_S1.);
#4652 = LINE('',#4653,#4654);
#4653 = CARTESIAN_POINT('',(-132.,-65.405,1.5));
#4654 = VECTOR('',#4655,1.);
#4655 = DIRECTION('',(0.,0.,1.));
#4656 = PCURVE('',#1553,#4657);
#4657 = DEFINITIONAL_REPRESENTATION('',(#4658),#4662);
#4658 = LINE('',#4659,#4660);
#4659 = CARTESIAN_POINT('',(0.,-1.59));
#4660 = VECTOR('',#4661,1.);
#4661 = DIRECTION('',(1.,0.));
#4662 = ( GEOMETRIC_REPRESENTATION_CONTEXT(2) 
PARAMETRIC_REPRESENTATION_CONTEXT() REPRESENTATION_CONTEXT('2D SPACE',''
  ) );
#4663 = PCURVE('',#1581,#4664);
#4664 = DEFINITIONAL_REPRESENTATION('',(#4665),#4669);
#4665 = LINE('',#4666,#4667);
#4666 = CARTESIAN_POINT('',(0.,0.));
#4667 = VECTOR('',#4668,1.);
#4668 = DIRECTION('',(1.,0.));
#4669 = ( GEOMETRIC_REPRESENTATION_CONTEXT(2) 
PARAMETRIC_REPRESENTATION_CONTEXT() REPRESENTATION_CONTEXT('2D SPACE',''
  ) );
#4670 = ORIENTED_EDGE('',*,*,#1535,.F.);
#4671 = ADVANCED_FACE('',(#4672),#1635,.F.);
#4672 = FACE_BOUND('',#4673,.F.);
#4673 = EDGE_LOOP('',(#4674,#4697,#4698,#4699));
#4674 = ORIENTED_EDGE('',*,*,#4675,.F.);
#4675 = EDGE_CURVE('',#4600,#4676,#4678,.T.);
#4676 = VERTEX_POINT('',#4677);
#4677 = CARTESIAN_POINT('',(132.,-66.995,1.5));
#4678 = SURFACE_CURVE('',#4679,(#4683,#4690),.PCURVE_S1.);
#4679 = LINE('',#4680,#4681);
#4680 = CARTESIAN_POINT('',(-132.,-66.995,1.5));
#4681 = VECTOR('',#4682,1.);
#4682 = DIRECTION('',(1.,0.,-0.));
#4683 = PCURVE('',#1635,#4684);
#4684 = DEFINITIONAL_REPRESENTATION('',(#4685),#4689);
#4685 = LINE('',#4686,#4687);
#4686 = CARTESIAN_POINT('',(0.,0.));
#4687 = VECTOR('',#4688,1.);
#4688 = DIRECTION('',(0.,1.));
#4689 = ( GEOMETRIC_REPRESENTATION_CONTEXT(2) 
PARAMETRIC_REPRESENTATION_CONTEXT() REPRESENTATION_CONTEXT('2D SPACE',''
  ) );
#4690 = PCURVE('',#4638,#4691);
#4691 = DEFINITIONAL_REPRESENTATION('',(#4692),#4696);
#4692 = LINE('',#4693,#4694);
#4693 = CARTESIAN_POINT('',(0.,0.));
#4694 = VECTOR('',#4695,1.);
#4695 = DIRECTION('',(1.,0.));
#4696 = ( GEOMETRIC_REPRESENTATION_CONTEXT(2) 
PARAMETRIC_REPRESENTATION_CONTEXT() REPRESENTATION_CONTEXT('2D SPACE',''
  ) );
#4697 = ORIENTED_EDGE('',*,*,#4599,.T.);
#4698 = ORIENTED_EDGE('',*,*,#1621,.T.);
#4699 = ORIENTED_EDGE('',*,*,#4700,.F.);
#4700 = EDGE_CURVE('',#4676,#1594,#4701,.T.);
#4701 = SURFACE_CURVE('',#4702,(#4706,#4713),.PCURVE_S1.);
#4702 = LINE('',#4703,#4704);
#4703 = CARTESIAN_POINT('',(132.,-66.995,1.5));
#4704 = VECTOR('',#4705,1.);
#4705 = DIRECTION('',(0.,0.,1.));
#4706 = PCURVE('',#1635,#4707);
#4707 = DEFINITIONAL_REPRESENTATION('',(#4708),#4712);
#4708 = LINE('',#4709,#4710);
#4709 = CARTESIAN_POINT('',(0.,264.));
#4710 = VECTOR('',#4711,1.);
#4711 = DIRECTION('',(1.,0.));
#4712 = ( GEOMETRIC_REPRESENTATION_CONTEXT(2) 
PARAMETRIC_REPRESENTATION_CONTEXT() REPRESENTATION_CONTEXT('2D SPACE',''
  ) );
#4713 = PCURVE('',#1609,#4714);
#4714 = DEFINITIONAL_REPRESENTATION('',(#4715),#4719);
#4715 = LINE('',#4716,#4717);
#4716 = CARTESIAN_POINT('',(0.,0.));
#4717 = VECTOR('',#4718,1.);
#4718 = DIRECTION('',(1.,0.));
#4719 = ( GEOMETRIC_REPRESENTATION_CONTEXT(2) 
PARAMETRIC_REPRESENTATION_CONTEXT() REPRESENTATION_CONTEXT('2D SPACE',''
  ) );
#4720 = ADVANCED_FACE('',(#4721),#1609,.T.);
#4721 = FACE_BOUND('',#4722,.T.);
#4722 = EDGE_LOOP('',(#4723,#4724,#4747,#4768));
#4723 = ORIENTED_EDGE('',*,*,#4700,.F.);
#4724 = ORIENTED_EDGE('',*,*,#4725,.T.);
#4725 = EDGE_CURVE('',#4676,#4726,#4728,.T.);
#4726 = VERTEX_POINT('',#4727);
#4727 = CARTESIAN_POINT('',(132.,-65.405,1.5));
#4728 = SURFACE_CURVE('',#4729,(#4733,#4740),.PCURVE_S1.);
#4729 = LINE('',#4730,#4731);
#4730 = CARTESIAN_POINT('',(132.,-66.995,1.5));
#4731 = VECTOR('',#4732,1.);
#4732 = DIRECTION('',(-0.,1.,0.));
#4733 = PCURVE('',#1609,#4734);
#4734 = DEFINITIONAL_REPRESENTATION('',(#4735),#4739);
#4735 = LINE('',#4736,#4737);
#4736 = CARTESIAN_POINT('',(0.,0.));
#4737 = VECTOR('',#4738,1.);
#4738 = DIRECTION('',(0.,-1.));
#4739 = ( GEOMETRIC_REPRESENTATION_CONTEXT(2) 
PARAMETRIC_REPRESENTATION_CONTEXT() REPRESENTATION_CONTEXT('2D SPACE',''
  ) );
#4740 = PCURVE('',#4638,#4741);
#4741 = DEFINITIONAL_REPRESENTATION('',(#4742),#4746);
#4742 = LINE('',#4743,#4744);
#4743 = CARTESIAN_POINT('',(264.,0.));
#4744 = VECTOR('',#4745,1.);
#4745 = DIRECTION('',(0.,1.));
#4746 = ( GEOMETRIC_REPRESENTATION_CONTEXT(2) 
PARAMETRIC_REPRESENTATION_CONTEXT() REPRESENTATION_CONTEXT('2D SPACE',''
  ) );
#4747 = ORIENTED_EDGE('',*,*,#4748,.T.);
#4748 = EDGE_CURVE('',#4726,#1566,#4749,.T.);
#4749 = SURFACE_CURVE('',#4750,(#4754,#4761),.PCURVE_S1.);
#4750 = LINE('',#4751,#4752);
#4751 = CARTESIAN_POINT('',(132.,-65.405,1.5));
#4752 = VECTOR('',#4753,1.);
#4753 = DIRECTION('',(0.,0.,1.));
#4754 = PCURVE('',#1609,#4755);
#4755 = DEFINITIONAL_REPRESENTATION('',(#4756),#4760);
#4756 = LINE('',#4757,#4758);
#4757 = CARTESIAN_POINT('',(0.,-1.59));
#4758 = VECTOR('',#4759,1.);
#4759 = DIRECTION('',(1.,0.));
#4760 = ( GEOMETRIC_REPRESENTATION_CONTEXT(2) 
PARAMETRIC_REPRESENTATION_CONTEXT() REPRESENTATION_CONTEXT('2D SPACE',''
  ) );
#4761 = PCURVE('',#1581,#4762);
#4762 = DEFINITIONAL_REPRESENTATION('',(#4763),#4767);
#4763 = LINE('',#4764,#4765);
#4764 = CARTESIAN_POINT('',(0.,264.));
#4765 = VECTOR('',#4766,1.);
#4766 = DIRECTION('',(1.,0.));
#4767 = ( GEOMETRIC_REPRESENTATION_CONTEXT(2) 
PARAMETRIC_REPRESENTATION_CONTEXT() REPRESENTATION_CONTEXT('2D SPACE',''
  ) );
#4768 = ORIENTED_EDGE('',*,*,#1593,.F.);
#4769 = ADVANCED_FACE('',(#4770),#1581,.T.);
#4770 = FACE_BOUND('',#4771,.T.);
#4771 = EDGE_LOOP('',(#4772,#4793,#4794,#4795));
#4772 = ORIENTED_EDGE('',*,*,#4773,.F.);
#4773 = EDGE_CURVE('',#4623,#4726,#4774,.T.);
#4774 = SURFACE_CURVE('',#4775,(#4779,#4786),.PCURVE_S1.);
#4775 = LINE('',#4776,#4777);
#4776 = CARTESIAN_POINT('',(-132.,-65.405,1.5));
#4777 = VECTOR('',#4778,1.);
#4778 = DIRECTION('',(1.,0.,-0.));
#4779 = PCURVE('',#1581,#4780);
#4780 = DEFINITIONAL_REPRESENTATION('',(#4781),#4785);
#4781 = LINE('',#4782,#4783);
#4782 = CARTESIAN_POINT('',(0.,0.));
#4783 = VECTOR('',#4784,1.);
#4784 = DIRECTION('',(0.,1.));
#4785 = ( GEOMETRIC_REPRESENTATION_CONTEXT(2) 
PARAMETRIC_REPRESENTATION_CONTEXT() REPRESENTATION_CONTEXT('2D SPACE',''
  ) );
#4786 = PCURVE('',#4638,#4787);
#4787 = DEFINITIONAL_REPRESENTATION('',(#4788),#4792);
#4788 = LINE('',#4789,#4790);
#4789 = CARTESIAN_POINT('',(0.,1.59));
#4790 = VECTOR('',#4791,1.);
#4791 = DIRECTION('',(1.,0.));
#4792 = ( GEOMETRIC_REPRESENTATION_CONTEXT(2) 
PARAMETRIC_REPRESENTATION_CONTEXT() REPRESENTATION_CONTEXT('2D SPACE',''
  ) );
#4793 = ORIENTED_EDGE('',*,*,#4650,.T.);
#4794 = ORIENTED_EDGE('',*,*,#1565,.T.);
#4795 = ORIENTED_EDGE('',*,*,#4748,.F.);
#4796 = ADVANCED_FACE('',(#4797),#1667,.F.);
#4797 = FACE_BOUND('',#4798,.F.);
#4798 = EDGE_LOOP('',(#4799,#4822,#4850,#4871));
#4799 = ORIENTED_EDGE('',*,*,#4800,.F.);
#4800 = EDGE_CURVE('',#4801,#1650,#4803,.T.);
#4801 = VERTEX_POINT('',#4802);
#4802 = CARTESIAN_POINT('',(-132.,-50.445,1.5));
#4803 = SURFACE_CURVE('',#4804,(#4808,#4815),.PCURVE_S1.);
#4804 = LINE('',#4805,#4806);
#4805 = CARTESIAN_POINT('',(-132.,-50.445,1.5));
#4806 = VECTOR('',#4807,1.);
#4807 = DIRECTION('',(0.,0.,1.));
#4808 = PCURVE('',#1667,#4809);
#4809 = DEFINITIONAL_REPRESENTATION('',(#4810),#4814);
#4810 = LINE('',#4811,#4812);
#4811 = CARTESIAN_POINT('',(0.,0.));
#4812 = VECTOR('',#4813,1.);
#4813 = DIRECTION('',(1.,0.));
#4814 = ( GEOMETRIC_REPRESENTATION_CONTEXT(2) 
PARAMETRIC_REPRESENTATION_CONTEXT() REPRESENTATION_CONTEXT('2D SPACE',''
  ) );
#4815 = PCURVE('',#1749,#4816);
#4816 = DEFINITIONAL_REPRESENTATION('',(#4817),#4821);
#4817 = LINE('',#4818,#4819);
#4818 = CARTESIAN_POINT('',(0.,0.));
#4819 = VECTOR('',#4820,1.);
#4820 = DIRECTION('',(1.,0.));
#4821 = ( GEOMETRIC_REPRESENTATION_CONTEXT(2) 
PARAMETRIC_REPRESENTATION_CONTEXT() REPRESENTATION_CONTEXT('2D SPACE',''
  ) );
#4822 = ORIENTED_EDGE('',*,*,#4823,.T.);
#4823 = EDGE_CURVE('',#4801,#4824,#4826,.T.);
#4824 = VERTEX_POINT('',#4825);
#4825 = CARTESIAN_POINT('',(-132.,-48.855,1.5));
#4826 = SURFACE_CURVE('',#4827,(#4831,#4838),.PCURVE_S1.);
#4827 = LINE('',#4828,#4829);
#4828 = CARTESIAN_POINT('',(-132.,-50.445,1.5));
#4829 = VECTOR('',#4830,1.);
#4830 = DIRECTION('',(-0.,1.,0.));
#4831 = PCURVE('',#1667,#4832);
#4832 = DEFINITIONAL_REPRESENTATION('',(#4833),#4837);
#4833 = LINE('',#4834,#4835);
#4834 = CARTESIAN_POINT('',(0.,0.));
#4835 = VECTOR('',#4836,1.);
#4836 = DIRECTION('',(0.,-1.));
#4837 = ( GEOMETRIC_REPRESENTATION_CONTEXT(2) 
PARAMETRIC_REPRESENTATION_CONTEXT() REPRESENTATION_CONTEXT('2D SPACE',''
  ) );
#4838 = PCURVE('',#4839,#4844);
#4839 = PLANE('',#4840);
#4840 = AXIS2_PLACEMENT_3D('',#4841,#4842,#4843);
#4841 = CARTESIAN_POINT('',(-132.,-50.445,1.5));
#4842 = DIRECTION('',(0.,0.,1.));
#4843 = DIRECTION('',(1.,0.,-0.));
#4844 = DEFINITIONAL_REPRESENTATION('',(#4845),#4849);
#4845 = LINE('',#4846,#4847);
#4846 = CARTESIAN_POINT('',(0.,0.));
#4847 = VECTOR('',#4848,1.);
#4848 = DIRECTION('',(0.,1.));
#4849 = ( GEOMETRIC_REPRESENTATION_CONTEXT(2) 
PARAMETRIC_REPRESENTATION_CONTEXT() REPRESENTATION_CONTEXT('2D SPACE',''
  ) );
#4850 = ORIENTED_EDGE('',*,*,#4851,.T.);
#4851 = EDGE_CURVE('',#4824,#1652,#4852,.T.);
#4852 = SURFACE_CURVE('',#4853,(#4857,#4864),.PCURVE_S1.);
#4853 = LINE('',#4854,#4855);
#4854 = CARTESIAN_POINT('',(-132.,-48.855,1.5));
#4855 = VECTOR('',#4856,1.);
#4856 = DIRECTION('',(0.,0.,1.));
#4857 = PCURVE('',#1667,#4858);
#4858 = DEFINITIONAL_REPRESENTATION('',(#4859),#4863);
#4859 = LINE('',#4860,#4861);
#4860 = CARTESIAN_POINT('',(0.,-1.59));
#4861 = VECTOR('',#4862,1.);
#4862 = DIRECTION('',(1.,0.));
#4863 = ( GEOMETRIC_REPRESENTATION_CONTEXT(2) 
PARAMETRIC_REPRESENTATION_CONTEXT() REPRESENTATION_CONTEXT('2D SPACE',''
  ) );
#4864 = PCURVE('',#1695,#4865);
#4865 = DEFINITIONAL_REPRESENTATION('',(#4866),#4870);
#4866 = LINE('',#4867,#4868);
#4867 = CARTESIAN_POINT('',(0.,0.));
#4868 = VECTOR('',#4869,1.);
#4869 = DIRECTION('',(1.,0.));
#4870 = ( GEOMETRIC_REPRESENTATION_CONTEXT(2) 
PARAMETRIC_REPRESENTATION_CONTEXT() REPRESENTATION_CONTEXT('2D SPACE',''
  ) );
#4871 = ORIENTED_EDGE('',*,*,#1649,.F.);
#4872 = ADVANCED_FACE('',(#4873),#1749,.F.);
#4873 = FACE_BOUND('',#4874,.F.);
#4874 = EDGE_LOOP('',(#4875,#4898,#4899,#4900));
#4875 = ORIENTED_EDGE('',*,*,#4876,.F.);
#4876 = EDGE_CURVE('',#4801,#4877,#4879,.T.);
#4877 = VERTEX_POINT('',#4878);
#4878 = CARTESIAN_POINT('',(132.,-50.445,1.5));
#4879 = SURFACE_CURVE('',#4880,(#4884,#4891),.PCURVE_S1.);
#4880 = LINE('',#4881,#4882);
#4881 = CARTESIAN_POINT('',(-132.,-50.445,1.5));
#4882 = VECTOR('',#4883,1.);
#4883 = DIRECTION('',(1.,0.,-0.));
#4884 = PCURVE('',#1749,#4885);
#4885 = DEFINITIONAL_REPRESENTATION('',(#4886),#4890);
#4886 = LINE('',#4887,#4888);
#4887 = CARTESIAN_POINT('',(0.,0.));
#4888 = VECTOR('',#4889,1.);
#4889 = DIRECTION('',(0.,1.));
#4890 = ( GEOMETRIC_REPRESENTATION_CONTEXT(2) 
PARAMETRIC_REPRESENTATION_CONTEXT() REPRESENTATION_CONTEXT('2D SPACE',''
  ) );
#4891 = PCURVE('',#4839,#4892);
#4892 = DEFINITIONAL_REPRESENTATION('',(#4893),#4897);
#4893 = LINE('',#4894,#4895);
#4894 = CARTESIAN_POINT('',(0.,0.));
#4895 = VECTOR('',#4896,1.);
#4896 = DIRECTION('',(1.,0.));
#4897 = ( GEOMETRIC_REPRESENTATION_CONTEXT(2) 
PARAMETRIC_REPRESENTATION_CONTEXT() REPRESENTATION_CONTEXT('2D SPACE',''
  ) );
#4898 = ORIENTED_EDGE('',*,*,#4800,.T.);
#4899 = ORIENTED_EDGE('',*,*,#1735,.T.);
#4900 = ORIENTED_EDGE('',*,*,#4901,.F.);
#4901 = EDGE_CURVE('',#4877,#1708,#4902,.T.);
#4902 = SURFACE_CURVE('',#4903,(#4907,#4914),.PCURVE_S1.);
#4903 = LINE('',#4904,#4905);
#4904 = CARTESIAN_POINT('',(132.,-50.445,1.5));
#4905 = VECTOR('',#4906,1.);
#4906 = DIRECTION('',(0.,0.,1.));
#4907 = PCURVE('',#1749,#4908);
#4908 = DEFINITIONAL_REPRESENTATION('',(#4909),#4913);
#4909 = LINE('',#4910,#4911);
#4910 = CARTESIAN_POINT('',(0.,264.));
#4911 = VECTOR('',#4912,1.);
#4912 = DIRECTION('',(1.,0.));
#4913 = ( GEOMETRIC_REPRESENTATION_CONTEXT(2) 
PARAMETRIC_REPRESENTATION_CONTEXT() REPRESENTATION_CONTEXT('2D SPACE',''
  ) );
#4914 = PCURVE('',#1723,#4915);
#4915 = DEFINITIONAL_REPRESENTATION('',(#4916),#4920);
#4916 = LINE('',#4917,#4918);
#4917 = CARTESIAN_POINT('',(0.,0.));
#4918 = VECTOR('',#4919,1.);
#4919 = DIRECTION('',(1.,0.));
#4920 = ( GEOMETRIC_REPRESENTATION_CONTEXT(2) 
PARAMETRIC_REPRESENTATION_CONTEXT() REPRESENTATION_CONTEXT('2D SPACE',''
  ) );
#4921 = ADVANCED_FACE('',(#4922),#1723,.T.);
#4922 = FACE_BOUND('',#4923,.T.);
#4923 = EDGE_LOOP('',(#4924,#4925,#4948,#4969));
#4924 = ORIENTED_EDGE('',*,*,#4901,.F.);
#4925 = ORIENTED_EDGE('',*,*,#4926,.T.);
#4926 = EDGE_CURVE('',#4877,#4927,#4929,.T.);
#4927 = VERTEX_POINT('',#4928);
#4928 = CARTESIAN_POINT('',(132.,-48.855,1.5));
#4929 = SURFACE_CURVE('',#4930,(#4934,#4941),.PCURVE_S1.);
#4930 = LINE('',#4931,#4932);
#4931 = CARTESIAN_POINT('',(132.,-50.445,1.5));
#4932 = VECTOR('',#4933,1.);
#4933 = DIRECTION('',(-0.,1.,0.));
#4934 = PCURVE('',#1723,#4935);
#4935 = DEFINITIONAL_REPRESENTATION('',(#4936),#4940);
#4936 = LINE('',#4937,#4938);
#4937 = CARTESIAN_POINT('',(0.,0.));
#4938 = VECTOR('',#4939,1.);
#4939 = DIRECTION('',(0.,-1.));
#4940 = ( GEOMETRIC_REPRESENTATION_CONTEXT(2) 
PARAMETRIC_REPRESENTATION_CONTEXT() REPRESENTATION_CONTEXT('2D SPACE',''
  ) );
#4941 = PCURVE('',#4839,#4942);
#4942 = DEFINITIONAL_REPRESENTATION('',(#4943),#4947);
#4943 = LINE('',#4944,#4945);
#4944 = CARTESIAN_POINT('',(264.,0.));
#4945 = VECTOR('',#4946,1.);
#4946 = DIRECTION('',(0.,1.));
#4947 = ( GEOMETRIC_REPRESENTATION_CONTEXT(2) 
PARAMETRIC_REPRESENTATION_CONTEXT() REPRESENTATION_CONTEXT('2D SPACE',''
  ) );
#4948 = ORIENTED_EDGE('',*,*,#4949,.T.);
#4949 = EDGE_CURVE('',#4927,#1680,#4950,.T.);
#4950 = SURFACE_CURVE('',#4951,(#4955,#4962),.PCURVE_S1.);
#4951 = LINE('',#4952,#4953);
#4952 = CARTESIAN_POINT('',(132.,-48.855,1.5));
#4953 = VECTOR('',#4954,1.);
#4954 = DIRECTION('',(0.,0.,1.));
#4955 = PCURVE('',#1723,#4956);
#4956 = DEFINITIONAL_REPRESENTATION('',(#4957),#4961);
#4957 = LINE('',#4958,#4959);
#4958 = CARTESIAN_POINT('',(0.,-1.59));
#4959 = VECTOR('',#4960,1.);
#4960 = DIRECTION('',(1.,0.));
#4961 = ( GEOMETRIC_REPRESENTATION_CONTEXT(2) 
PARAMETRIC_REPRESENTATION_CONTEXT() REPRESENTATION_CONTEXT('2D SPACE',''
  ) );
#4962 = PCURVE('',#1695,#4963);
#4963 = DEFINITIONAL_REPRESENTATION('',(#4964),#4968);
#4964 = LINE('',#4965,#4966);
#4965 = CARTESIAN_POINT('',(0.,264.));
#4966 = VECTOR('',#4967,1.);
#4967 = DIRECTION('',(1.,0.));
#4968 = ( GEOMETRIC_REPRESENTATION_CONTEXT(2) 
PARAMETRIC_REPRESENTATION_CONTEXT() REPRESENTATION_CONTEXT('2D SPACE',''
  ) );
#4969 = ORIENTED_EDGE('',*,*,#1707,.F.);
#4970 = ADVANCED_FACE('',(#4971),#1695,.T.);
#4971 = FACE_BOUND('',#4972,.T.);
#4972 = EDGE_LOOP('',(#4973,#4994,#4995,#4996));
#4973 = ORIENTED_EDGE('',*,*,#4974,.F.);
#4974 = EDGE_CURVE('',#4824,#4927,#4975,.T.);
#4975 = SURFACE_CURVE('',#4976,(#4980,#4987),.PCURVE_S1.);
#4976 = LINE('',#4977,#4978);
#4977 = CARTESIAN_POINT('',(-132.,-48.855,1.5));
#4978 = VECTOR('',#4979,1.);
#4979 = DIRECTION('',(1.,0.,-0.));
#4980 = PCURVE('',#1695,#4981);
#4981 = DEFINITIONAL_REPRESENTATION('',(#4982),#4986);
#4982 = LINE('',#4983,#4984);
#4983 = CARTESIAN_POINT('',(0.,0.));
#4984 = VECTOR('',#4985,1.);
#4985 = DIRECTION('',(0.,1.));
#4986 = ( GEOMETRIC_REPRESENTATION_CONTEXT(2) 
PARAMETRIC_REPRESENTATION_CONTEXT() REPRESENTATION_CONTEXT('2D SPACE',''
  ) );
#4987 = PCURVE('',#4839,#4988);
#4988 = DEFINITIONAL_REPRESENTATION('',(#4989),#4993);
#4989 = LINE('',#4990,#4991);
#4990 = CARTESIAN_POINT('',(0.,1.59));
#4991 = VECTOR('',#4992,1.);
#4992 = DIRECTION('',(1.,0.));
#4993 = ( GEOMETRIC_REPRESENTATION_CONTEXT(2) 
PARAMETRIC_REPRESENTATION_CONTEXT() REPRESENTATION_CONTEXT('2D SPACE',''
  ) );
#4994 = ORIENTED_EDGE('',*,*,#4851,.T.);
#4995 = ORIENTED_EDGE('',*,*,#1679,.T.);
#4996 = ORIENTED_EDGE('',*,*,#4949,.F.);
#4997 = ADVANCED_FACE('',(#4998),#1781,.F.);
#4998 = FACE_BOUND('',#4999,.F.);
#4999 = EDGE_LOOP('',(#5000,#5023,#5051,#5072));
#5000 = ORIENTED_EDGE('',*,*,#5001,.F.);
#5001 = EDGE_CURVE('',#5002,#1764,#5004,.T.);
#5002 = VERTEX_POINT('',#5003);
#5003 = CARTESIAN_POINT('',(-132.,-33.895,1.5));
#5004 = SURFACE_CURVE('',#5005,(#5009,#5016),.PCURVE_S1.);
#5005 = LINE('',#5006,#5007);
#5006 = CARTESIAN_POINT('',(-132.,-33.895,1.5));
#5007 = VECTOR('',#5008,1.);
#5008 = DIRECTION('',(0.,0.,1.));
#5009 = PCURVE('',#1781,#5010);
#5010 = DEFINITIONAL_REPRESENTATION('',(#5011),#5015);
#5011 = LINE('',#5012,#5013);
#5012 = CARTESIAN_POINT('',(0.,0.));
#5013 = VECTOR('',#5014,1.);
#5014 = DIRECTION('',(1.,0.));
#5015 = ( GEOMETRIC_REPRESENTATION_CONTEXT(2) 
PARAMETRIC_REPRESENTATION_CONTEXT() REPRESENTATION_CONTEXT('2D SPACE',''
  ) );
#5016 = PCURVE('',#1863,#5017);
#5017 = DEFINITIONAL_REPRESENTATION('',(#5018),#5022);
#5018 = LINE('',#5019,#5020);
#5019 = CARTESIAN_POINT('',(0.,0.));
#5020 = VECTOR('',#5021,1.);
#5021 = DIRECTION('',(1.,0.));
#5022 = ( GEOMETRIC_REPRESENTATION_CONTEXT(2) 
PARAMETRIC_REPRESENTATION_CONTEXT() REPRESENTATION_CONTEXT('2D SPACE',''
  ) );
#5023 = ORIENTED_EDGE('',*,*,#5024,.T.);
#5024 = EDGE_CURVE('',#5002,#5025,#5027,.T.);
#5025 = VERTEX_POINT('',#5026);
#5026 = CARTESIAN_POINT('',(-132.,-32.305,1.5));
#5027 = SURFACE_CURVE('',#5028,(#5032,#5039),.PCURVE_S1.);
#5028 = LINE('',#5029,#5030);
#5029 = CARTESIAN_POINT('',(-132.,-33.895,1.5));
#5030 = VECTOR('',#5031,1.);
#5031 = DIRECTION('',(-0.,1.,0.));
#5032 = PCURVE('',#1781,#5033);
#5033 = DEFINITIONAL_REPRESENTATION('',(#5034),#5038);
#5034 = LINE('',#5035,#5036);
#5035 = CARTESIAN_POINT('',(0.,0.));
#5036 = VECTOR('',#5037,1.);
#5037 = DIRECTION('',(0.,-1.));
#5038 = ( GEOMETRIC_REPRESENTATION_CONTEXT(2) 
PARAMETRIC_REPRESENTATION_CONTEXT() REPRESENTATION_CONTEXT('2D SPACE',''
  ) );
#5039 = PCURVE('',#5040,#5045);
#5040 = PLANE('',#5041);
#5041 = AXIS2_PLACEMENT_3D('',#5042,#5043,#5044);
#5042 = CARTESIAN_POINT('',(-132.,-33.895,1.5));
#5043 = DIRECTION('',(0.,0.,1.));
#5044 = DIRECTION('',(1.,0.,-0.));
#5045 = DEFINITIONAL_REPRESENTATION('',(#5046),#5050);
#5046 = LINE('',#5047,#5048);
#5047 = CARTESIAN_POINT('',(0.,0.));
#5048 = VECTOR('',#5049,1.);
#5049 = DIRECTION('',(0.,1.));
#5050 = ( GEOMETRIC_REPRESENTATION_CONTEXT(2) 
PARAMETRIC_REPRESENTATION_CONTEXT() REPRESENTATION_CONTEXT('2D SPACE',''
  ) );
#5051 = ORIENTED_EDGE('',*,*,#5052,.T.);
#5052 = EDGE_CURVE('',#5025,#1766,#5053,.T.);
#5053 = SURFACE_CURVE('',#5054,(#5058,#5065),.PCURVE_S1.);
#5054 = LINE('',#5055,#5056);
#5055 = CARTESIAN_POINT('',(-132.,-32.305,1.5));
#5056 = VECTOR('',#5057,1.);
#5057 = DIRECTION('',(0.,0.,1.));
#5058 = PCURVE('',#1781,#5059);
#5059 = DEFINITIONAL_REPRESENTATION('',(#5060),#5064);
#5060 = LINE('',#5061,#5062);
#5061 = CARTESIAN_POINT('',(0.,-1.59));
#5062 = VECTOR('',#5063,1.);
#5063 = DIRECTION('',(1.,0.));
#5064 = ( GEOMETRIC_REPRESENTATION_CONTEXT(2) 
PARAMETRIC_REPRESENTATION_CONTEXT() REPRESENTATION_CONTEXT('2D SPACE',''
  ) );
#5065 = PCURVE('',#1809,#5066);
#5066 = DEFINITIONAL_REPRESENTATION('',(#5067),#5071);
#5067 = LINE('',#5068,#5069);
#5068 = CARTESIAN_POINT('',(0.,0.));
#5069 = VECTOR('',#5070,1.);
#5070 = DIRECTION('',(1.,0.));
#5071 = ( GEOMETRIC_REPRESENTATION_CONTEXT(2) 
PARAMETRIC_REPRESENTATION_CONTEXT() REPRESENTATION_CONTEXT('2D SPACE',''
  ) );
#5072 = ORIENTED_EDGE('',*,*,#1763,.F.);
#5073 = ADVANCED_FACE('',(#5074),#1863,.F.);
#5074 = FACE_BOUND('',#5075,.F.);
#5075 = EDGE_LOOP('',(#5076,#5099,#5100,#5101));
#5076 = ORIENTED_EDGE('',*,*,#5077,.F.);
#5077 = EDGE_CURVE('',#5002,#5078,#5080,.T.);
#5078 = VERTEX_POINT('',#5079);
#5079 = CARTESIAN_POINT('',(132.,-33.895,1.5));
#5080 = SURFACE_CURVE('',#5081,(#5085,#5092),.PCURVE_S1.);
#5081 = LINE('',#5082,#5083);
#5082 = CARTESIAN_POINT('',(-132.,-33.895,1.5));
#5083 = VECTOR('',#5084,1.);
#5084 = DIRECTION('',(1.,0.,-0.));
#5085 = PCURVE('',#1863,#5086);
#5086 = DEFINITIONAL_REPRESENTATION('',(#5087),#5091);
#5087 = LINE('',#5088,#5089);
#5088 = CARTESIAN_POINT('',(0.,0.));
#5089 = VECTOR('',#5090,1.);
#5090 = DIRECTION('',(0.,1.));
#5091 = ( GEOMETRIC_REPRESENTATION_CONTEXT(2) 
PARAMETRIC_REPRESENTATION_CONTEXT() REPRESENTATION_CONTEXT('2D SPACE',''
  ) );
#5092 = PCURVE('',#5040,#5093);
#5093 = DEFINITIONAL_REPRESENTATION('',(#5094),#5098);
#5094 = LINE('',#5095,#5096);
#5095 = CARTESIAN_POINT('',(0.,0.));
#5096 = VECTOR('',#5097,1.);
#5097 = DIRECTION('',(1.,0.));
#5098 = ( GEOMETRIC_REPRESENTATION_CONTEXT(2) 
PARAMETRIC_REPRESENTATION_CONTEXT() REPRESENTATION_CONTEXT('2D SPACE',''
  ) );
#5099 = ORIENTED_EDGE('',*,*,#5001,.T.);
#5100 = ORIENTED_EDGE('',*,*,#1849,.T.);
#5101 = ORIENTED_EDGE('',*,*,#5102,.F.);
#5102 = EDGE_CURVE('',#5078,#1822,#5103,.T.);
#5103 = SURFACE_CURVE('',#5104,(#5108,#5115),.PCURVE_S1.);
#5104 = LINE('',#5105,#5106);
#5105 = CARTESIAN_POINT('',(132.,-33.895,1.5));
#5106 = VECTOR('',#5107,1.);
#5107 = DIRECTION('',(0.,0.,1.));
#5108 = PCURVE('',#1863,#5109);
#5109 = DEFINITIONAL_REPRESENTATION('',(#5110),#5114);
#5110 = LINE('',#5111,#5112);
#5111 = CARTESIAN_POINT('',(0.,264.));
#5112 = VECTOR('',#5113,1.);
#5113 = DIRECTION('',(1.,0.));
#5114 = ( GEOMETRIC_REPRESENTATION_CONTEXT(2) 
PARAMETRIC_REPRESENTATION_CONTEXT() REPRESENTATION_CONTEXT('2D SPACE',''
  ) );
#5115 = PCURVE('',#1837,#5116);
#5116 = DEFINITIONAL_REPRESENTATION('',(#5117),#5121);
#5117 = LINE('',#5118,#5119);
#5118 = CARTESIAN_POINT('',(0.,0.));
#5119 = VECTOR('',#5120,1.);
#5120 = DIRECTION('',(1.,0.));
#5121 = ( GEOMETRIC_REPRESENTATION_CONTEXT(2) 
PARAMETRIC_REPRESENTATION_CONTEXT() REPRESENTATION_CONTEXT('2D SPACE',''
  ) );
#5122 = ADVANCED_FACE('',(#5123),#1837,.T.);
#5123 = FACE_BOUND('',#5124,.T.);
#5124 = EDGE_LOOP('',(#5125,#5126,#5149,#5170));
#5125 = ORIENTED_EDGE('',*,*,#5102,.F.);
#5126 = ORIENTED_EDGE('',*,*,#5127,.T.);
#5127 = EDGE_CURVE('',#5078,#5128,#5130,.T.);
#5128 = VERTEX_POINT('',#5129);
#5129 = CARTESIAN_POINT('',(132.,-32.305,1.5));
#5130 = SURFACE_CURVE('',#5131,(#5135,#5142),.PCURVE_S1.);
#5131 = LINE('',#5132,#5133);
#5132 = CARTESIAN_POINT('',(132.,-33.895,1.5));
#5133 = VECTOR('',#5134,1.);
#5134 = DIRECTION('',(-0.,1.,0.));
#5135 = PCURVE('',#1837,#5136);
#5136 = DEFINITIONAL_REPRESENTATION('',(#5137),#5141);
#5137 = LINE('',#5138,#5139);
#5138 = CARTESIAN_POINT('',(0.,0.));
#5139 = VECTOR('',#5140,1.);
#5140 = DIRECTION('',(0.,-1.));
#5141 = ( GEOMETRIC_REPRESENTATION_CONTEXT(2) 
PARAMETRIC_REPRESENTATION_CONTEXT() REPRESENTATION_CONTEXT('2D SPACE',''
  ) );
#5142 = PCURVE('',#5040,#5143);
#5143 = DEFINITIONAL_REPRESENTATION('',(#5144),#5148);
#5144 = LINE('',#5145,#5146);
#5145 = CARTESIAN_POINT('',(264.,0.));
#5146 = VECTOR('',#5147,1.);
#5147 = DIRECTION('',(0.,1.));
#5148 = ( GEOMETRIC_REPRESENTATION_CONTEXT(2) 
PARAMETRIC_REPRESENTATION_CONTEXT() REPRESENTATION_CONTEXT('2D SPACE',''
  ) );
#5149 = ORIENTED_EDGE('',*,*,#5150,.T.);
#5150 = EDGE_CURVE('',#5128,#1794,#5151,.T.);
#5151 = SURFACE_CURVE('',#5152,(#5156,#5163),.PCURVE_S1.);
#5152 = LINE('',#5153,#5154);
#5153 = CARTESIAN_POINT('',(132.,-32.305,1.5));
#5154 = VECTOR('',#5155,1.);
#5155 = DIRECTION('',(0.,0.,1.));
#5156 = PCURVE('',#1837,#5157);
#5157 = DEFINITIONAL_REPRESENTATION('',(#5158),#5162);
#5158 = LINE('',#5159,#5160);
#5159 = CARTESIAN_POINT('',(0.,-1.59));
#5160 = VECTOR('',#5161,1.);
#5161 = DIRECTION('',(1.,0.));
#5162 = ( GEOMETRIC_REPRESENTATION_CONTEXT(2) 
PARAMETRIC_REPRESENTATION_CONTEXT() REPRESENTATION_CONTEXT('2D SPACE',''
  ) );
#5163 = PCURVE('',#1809,#5164);
#5164 = DEFINITIONAL_REPRESENTATION('',(#5165),#5169);
#5165 = LINE('',#5166,#5167);
#5166 = CARTESIAN_POINT('',(0.,264.));
#5167 = VECTOR('',#5168,1.);
#5168 = DIRECTION('',(1.,0.));
#5169 = ( GEOMETRIC_REPRESENTATION_CONTEXT(2) 
PARAMETRIC_REPRESENTATION_CONTEXT() REPRESENTATION_CONTEXT('2D SPACE',''
  ) );
#5170 = ORIENTED_EDGE('',*,*,#1821,.F.);
#5171 = ADVANCED_FACE('',(#5172),#1809,.T.);
#5172 = FACE_BOUND('',#5173,.T.);
#5173 = EDGE_LOOP('',(#5174,#5195,#5196,#5197));
#5174 = ORIENTED_EDGE('',*,*,#5175,.F.);
#5175 = EDGE_CURVE('',#5025,#5128,#5176,.T.);
#5176 = SURFACE_CURVE('',#5177,(#5181,#5188),.PCURVE_S1.);
#5177 = LINE('',#5178,#5179);
#5178 = CARTESIAN_POINT('',(-132.,-32.305,1.5));
#5179 = VECTOR('',#5180,1.);
#5180 = DIRECTION('',(1.,0.,-0.));
#5181 = PCURVE('',#1809,#5182);
#5182 = DEFINITIONAL_REPRESENTATION('',(#5183),#5187);
#5183 = LINE('',#5184,#5185);
#5184 = CARTESIAN_POINT('',(0.,0.));
#5185 = VECTOR('',#5186,1.);
#5186 = DIRECTION('',(0.,1.));
#5187 = ( GEOMETRIC_REPRESENTATION_CONTEXT(2) 
PARAMETRIC_REPRESENTATION_CONTEXT() REPRESENTATION_CONTEXT('2D SPACE',''
  ) );
#5188 = PCURVE('',#5040,#5189);
#5189 = DEFINITIONAL_REPRESENTATION('',(#5190),#5194);
#5190 = LINE('',#5191,#5192);
#5191 = CARTESIAN_POINT('',(0.,1.59));
#5192 = VECTOR('',#5193,1.);
#5193 = DIRECTION('',(1.,0.));
#5194 = ( GEOMETRIC_REPRESENTATION_CONTEXT(2) 
PARAMETRIC_REPRESENTATION_CONTEXT() REPRESENTATION_CONTEXT('2D SPACE',''
  ) );
#5195 = ORIENTED_EDGE('',*,*,#5052,.T.);
#5196 = ORIENTED_EDGE('',*,*,#1793,.T.);
#5197 = ORIENTED_EDGE('',*,*,#5150,.F.);
#5198 = ADVANCED_FACE('',(#5199),#1895,.F.);
#5199 = FACE_BOUND('',#5200,.F.);
#5200 = EDGE_LOOP('',(#5201,#5224,#5252,#5273));
#5201 = ORIENTED_EDGE('',*,*,#5202,.F.);
#5202 = EDGE_CURVE('',#5203,#1878,#5205,.T.);
#5203 = VERTEX_POINT('',#5204);
#5204 = CARTESIAN_POINT('',(-132.,-17.345,1.5));
#5205 = SURFACE_CURVE('',#5206,(#5210,#5217),.PCURVE_S1.);
#5206 = LINE('',#5207,#5208);
#5207 = CARTESIAN_POINT('',(-132.,-17.345,1.5));
#5208 = VECTOR('',#5209,1.);
#5209 = DIRECTION('',(0.,0.,1.));
#5210 = PCURVE('',#1895,#5211);
#5211 = DEFINITIONAL_REPRESENTATION('',(#5212),#5216);
#5212 = LINE('',#5213,#5214);
#5213 = CARTESIAN_POINT('',(0.,0.));
#5214 = VECTOR('',#5215,1.);
#5215 = DIRECTION('',(1.,0.));
#5216 = ( GEOMETRIC_REPRESENTATION_CONTEXT(2) 
PARAMETRIC_REPRESENTATION_CONTEXT() REPRESENTATION_CONTEXT('2D SPACE',''
  ) );
#5217 = PCURVE('',#1977,#5218);
#5218 = DEFINITIONAL_REPRESENTATION('',(#5219),#5223);
#5219 = LINE('',#5220,#5221);
#5220 = CARTESIAN_POINT('',(0.,0.));
#5221 = VECTOR('',#5222,1.);
#5222 = DIRECTION('',(1.,0.));
#5223 = ( GEOMETRIC_REPRESENTATION_CONTEXT(2) 
PARAMETRIC_REPRESENTATION_CONTEXT() REPRESENTATION_CONTEXT('2D SPACE',''
  ) );
#5224 = ORIENTED_EDGE('',*,*,#5225,.T.);
#5225 = EDGE_CURVE('',#5203,#5226,#5228,.T.);
#5226 = VERTEX_POINT('',#5227);
#5227 = CARTESIAN_POINT('',(-132.,-15.755,1.5));
#5228 = SURFACE_CURVE('',#5229,(#5233,#5240),.PCURVE_S1.);
#5229 = LINE('',#5230,#5231);
#5230 = CARTESIAN_POINT('',(-132.,-17.345,1.5));
#5231 = VECTOR('',#5232,1.);
#5232 = DIRECTION('',(-0.,1.,0.));
#5233 = PCURVE('',#1895,#5234);
#5234 = DEFINITIONAL_REPRESENTATION('',(#5235),#5239);
#5235 = LINE('',#5236,#5237);
#5236 = CARTESIAN_POINT('',(0.,0.));
#5237 = VECTOR('',#5238,1.);
#5238 = DIRECTION('',(0.,-1.));
#5239 = ( GEOMETRIC_REPRESENTATION_CONTEXT(2) 
PARAMETRIC_REPRESENTATION_CONTEXT() REPRESENTATION_CONTEXT('2D SPACE',''
  ) );
#5240 = PCURVE('',#5241,#5246);
#5241 = PLANE('',#5242);
#5242 = AXIS2_PLACEMENT_3D('',#5243,#5244,#5245);
#5243 = CARTESIAN_POINT('',(-132.,-17.345,1.5));
#5244 = DIRECTION('',(0.,0.,1.));
#5245 = DIRECTION('',(1.,0.,-0.));
#5246 = DEFINITIONAL_REPRESENTATION('',(#5247),#5251);
#5247 = LINE('',#5248,#5249);
#5248 = CARTESIAN_POINT('',(0.,0.));
#5249 = VECTOR('',#5250,1.);
#5250 = DIRECTION('',(0.,1.));
#5251 = ( GEOMETRIC_REPRESENTATION_CONTEXT(2) 
PARAMETRIC_REPRESENTATION_CONTEXT() REPRESENTATION_CONTEXT('2D SPACE',''
  ) );
#5252 = ORIENTED_EDGE('',*,*,#5253,.T.);
#5253 = EDGE_CURVE('',#5226,#1880,#5254,.T.);
#5254 = SURFACE_CURVE('',#5255,(#5259,#5266),.PCURVE_S1.);
#5255 = LINE('',#5256,#5257);
#5256 = CARTESIAN_POINT('',(-132.,-15.755,1.5));
#5257 = VECTOR('',#5258,1.);
#5258 = DIRECTION('',(0.,0.,1.));
#5259 = PCURVE('',#1895,#5260);
#5260 = DEFINITIONAL_REPRESENTATION('',(#5261),#5265);
#5261 = LINE('',#5262,#5263);
#5262 = CARTESIAN_POINT('',(0.,-1.59));
#5263 = VECTOR('',#5264,1.);
#5264 = DIRECTION('',(1.,0.));
#5265 = ( GEOMETRIC_REPRESENTATION_CONTEXT(2) 
PARAMETRIC_REPRESENTATION_CONTEXT() REPRESENTATION_CONTEXT('2D SPACE',''
  ) );
#5266 = PCURVE('',#1923,#5267);
#5267 = DEFINITIONAL_REPRESENTATION('',(#5268),#5272);
#5268 = LINE('',#5269,#5270);
#5269 = CARTESIAN_POINT('',(0.,0.));
#5270 = VECTOR('',#5271,1.);
#5271 = DIRECTION('',(1.,0.));
#5272 = ( GEOMETRIC_REPRESENTATION_CONTEXT(2) 
PARAMETRIC_REPRESENTATION_CONTEXT() REPRESENTATION_CONTEXT('2D SPACE',''
  ) );
#5273 = ORIENTED_EDGE('',*,*,#1877,.F.);
#5274 = ADVANCED_FACE('',(#5275),#1977,.F.);
#5275 = FACE_BOUND('',#5276,.F.);
#5276 = EDGE_LOOP('',(#5277,#5300,#5301,#5302));
#5277 = ORIENTED_EDGE('',*,*,#5278,.F.);
#5278 = EDGE_CURVE('',#5203,#5279,#5281,.T.);
#5279 = VERTEX_POINT('',#5280);
#5280 = CARTESIAN_POINT('',(132.,-17.345,1.5));
#5281 = SURFACE_CURVE('',#5282,(#5286,#5293),.PCURVE_S1.);
#5282 = LINE('',#5283,#5284);
#5283 = CARTESIAN_POINT('',(-132.,-17.345,1.5));
#5284 = VECTOR('',#5285,1.);
#5285 = DIRECTION('',(1.,0.,-0.));
#5286 = PCURVE('',#1977,#5287);
#5287 = DEFINITIONAL_REPRESENTATION('',(#5288),#5292);
#5288 = LINE('',#5289,#5290);
#5289 = CARTESIAN_POINT('',(0.,0.));
#5290 = VECTOR('',#5291,1.);
#5291 = DIRECTION('',(0.,1.));
#5292 = ( GEOMETRIC_REPRESENTATION_CONTEXT(2) 
PARAMETRIC_REPRESENTATION_CONTEXT() REPRESENTATION_CONTEXT('2D SPACE',''
  ) );
#5293 = PCURVE('',#5241,#5294);
#5294 = DEFINITIONAL_REPRESENTATION('',(#5295),#5299);
#5295 = LINE('',#5296,#5297);
#5296 = CARTESIAN_POINT('',(0.,0.));
#5297 = VECTOR('',#5298,1.);
#5298 = DIRECTION('',(1.,0.));
#5299 = ( GEOMETRIC_REPRESENTATION_CONTEXT(2) 
PARAMETRIC_REPRESENTATION_CONTEXT() REPRESENTATION_CONTEXT('2D SPACE',''
  ) );
#5300 = ORIENTED_EDGE('',*,*,#5202,.T.);
#5301 = ORIENTED_EDGE('',*,*,#1963,.T.);
#5302 = ORIENTED_EDGE('',*,*,#5303,.F.);
#5303 = EDGE_CURVE('',#5279,#1936,#5304,.T.);
#5304 = SURFACE_CURVE('',#5305,(#5309,#5316),.PCURVE_S1.);
#5305 = LINE('',#5306,#5307);
#5306 = CARTESIAN_POINT('',(132.,-17.345,1.5));
#5307 = VECTOR('',#5308,1.);
#5308 = DIRECTION('',(0.,0.,1.));
#5309 = PCURVE('',#1977,#5310);
#5310 = DEFINITIONAL_REPRESENTATION('',(#5311),#5315);
#5311 = LINE('',#5312,#5313);
#5312 = CARTESIAN_POINT('',(0.,264.));
#5313 = VECTOR('',#5314,1.);
#5314 = DIRECTION('',(1.,0.));
#5315 = ( GEOMETRIC_REPRESENTATION_CONTEXT(2) 
PARAMETRIC_REPRESENTATION_CONTEXT() REPRESENTATION_CONTEXT('2D SPACE',''
  ) );
#5316 = PCURVE('',#1951,#5317);
#5317 = DEFINITIONAL_REPRESENTATION('',(#5318),#5322);
#5318 = LINE('',#5319,#5320);
#5319 = CARTESIAN_POINT('',(0.,0.));
#5320 = VECTOR('',#5321,1.);
#5321 = DIRECTION('',(1.,0.));
#5322 = ( GEOMETRIC_REPRESENTATION_CONTEXT(2) 
PARAMETRIC_REPRESENTATION_CONTEXT() REPRESENTATION_CONTEXT('2D SPACE',''
  ) );
#5323 = ADVANCED_FACE('',(#5324),#1951,.T.);
#5324 = FACE_BOUND('',#5325,.T.);
#5325 = EDGE_LOOP('',(#5326,#5327,#5350,#5371));
#5326 = ORIENTED_EDGE('',*,*,#5303,.F.);
#5327 = ORIENTED_EDGE('',*,*,#5328,.T.);
#5328 = EDGE_CURVE('',#5279,#5329,#5331,.T.);
#5329 = VERTEX_POINT('',#5330);
#5330 = CARTESIAN_POINT('',(132.,-15.755,1.5));
#5331 = SURFACE_CURVE('',#5332,(#5336,#5343),.PCURVE_S1.);
#5332 = LINE('',#5333,#5334);
#5333 = CARTESIAN_POINT('',(132.,-17.345,1.5));
#5334 = VECTOR('',#5335,1.);
#5335 = DIRECTION('',(-0.,1.,0.));
#5336 = PCURVE('',#1951,#5337);
#5337 = DEFINITIONAL_REPRESENTATION('',(#5338),#5342);
#5338 = LINE('',#5339,#5340);
#5339 = CARTESIAN_POINT('',(0.,0.));
#5340 = VECTOR('',#5341,1.);
#5341 = DIRECTION('',(0.,-1.));
#5342 = ( GEOMETRIC_REPRESENTATION_CONTEXT(2) 
PARAMETRIC_REPRESENTATION_CONTEXT() REPRESENTATION_CONTEXT('2D SPACE',''
  ) );
#5343 = PCURVE('',#5241,#5344);
#5344 = DEFINITIONAL_REPRESENTATION('',(#5345),#5349);
#5345 = LINE('',#5346,#5347);
#5346 = CARTESIAN_POINT('',(264.,0.));
#5347 = VECTOR('',#5348,1.);
#5348 = DIRECTION('',(0.,1.));
#5349 = ( GEOMETRIC_REPRESENTATION_CONTEXT(2) 
PARAMETRIC_REPRESENTATION_CONTEXT() REPRESENTATION_CONTEXT('2D SPACE',''
  ) );
#5350 = ORIENTED_EDGE('',*,*,#5351,.T.);
#5351 = EDGE_CURVE('',#5329,#1908,#5352,.T.);
#5352 = SURFACE_CURVE('',#5353,(#5357,#5364),.PCURVE_S1.);
#5353 = LINE('',#5354,#5355);
#5354 = CARTESIAN_POINT('',(132.,-15.755,1.5));
#5355 = VECTOR('',#5356,1.);
#5356 = DIRECTION('',(0.,0.,1.));
#5357 = PCURVE('',#1951,#5358);
#5358 = DEFINITIONAL_REPRESENTATION('',(#5359),#5363);
#5359 = LINE('',#5360,#5361);
#5360 = CARTESIAN_POINT('',(0.,-1.59));
#5361 = VECTOR('',#5362,1.);
#5362 = DIRECTION('',(1.,0.));
#5363 = ( GEOMETRIC_REPRESENTATION_CONTEXT(2) 
PARAMETRIC_REPRESENTATION_CONTEXT() REPRESENTATION_CONTEXT('2D SPACE',''
  ) );
#5364 = PCURVE('',#1923,#5365);
#5365 = DEFINITIONAL_REPRESENTATION('',(#5366),#5370);
#5366 = LINE('',#5367,#5368);
#5367 = CARTESIAN_POINT('',(0.,264.));
#5368 = VECTOR('',#5369,1.);
#5369 = DIRECTION('',(1.,0.));
#5370 = ( GEOMETRIC_REPRESENTATION_CONTEXT(2) 
PARAMETRIC_REPRESENTATION_CONTEXT() REPRESENTATION_CONTEXT('2D SPACE',''
  ) );
#5371 = ORIENTED_EDGE('',*,*,#1935,.F.);
#5372 = ADVANCED_FACE('',(#5373),#1923,.T.);
#5373 = FACE_BOUND('',#5374,.T.);
#5374 = EDGE_LOOP('',(#5375,#5396,#5397,#5398));
#5375 = ORIENTED_EDGE('',*,*,#5376,.F.);
#5376 = EDGE_CURVE('',#5226,#5329,#5377,.T.);
#5377 = SURFACE_CURVE('',#5378,(#5382,#5389),.PCURVE_S1.);
#5378 = LINE('',#5379,#5380);
#5379 = CARTESIAN_POINT('',(-132.,-15.755,1.5));
#5380 = VECTOR('',#5381,1.);
#5381 = DIRECTION('',(1.,0.,-0.));
#5382 = PCURVE('',#1923,#5383);
#5383 = DEFINITIONAL_REPRESENTATION('',(#5384),#5388);
#5384 = LINE('',#5385,#5386);
#5385 = CARTESIAN_POINT('',(0.,0.));
#5386 = VECTOR('',#5387,1.);
#5387 = DIRECTION('',(0.,1.));
#5388 = ( GEOMETRIC_REPRESENTATION_CONTEXT(2) 
PARAMETRIC_REPRESENTATION_CONTEXT() REPRESENTATION_CONTEXT('2D SPACE',''
  ) );
#5389 = PCURVE('',#5241,#5390);
#5390 = DEFINITIONAL_REPRESENTATION('',(#5391),#5395);
#5391 = LINE('',#5392,#5393);
#5392 = CARTESIAN_POINT('',(0.,1.59));
#5393 = VECTOR('',#5394,1.);
#5394 = DIRECTION('',(1.,0.));
#5395 = ( GEOMETRIC_REPRESENTATION_CONTEXT(2) 
PARAMETRIC_REPRESENTATION_CONTEXT() REPRESENTATION_CONTEXT('2D SPACE',''
  ) );
#5396 = ORIENTED_EDGE('',*,*,#5253,.T.);
#5397 = ORIENTED_EDGE('',*,*,#1907,.T.);
#5398 = ORIENTED_EDGE('',*,*,#5351,.F.);
#5399 = ADVANCED_FACE('',(#5400),#2009,.F.);
#5400 = FACE_BOUND('',#5401,.F.);
#5401 = EDGE_LOOP('',(#5402,#5425,#5453,#5474));
#5402 = ORIENTED_EDGE('',*,*,#5403,.F.);
#5403 = EDGE_CURVE('',#5404,#1992,#5406,.T.);
#5404 = VERTEX_POINT('',#5405);
#5405 = CARTESIAN_POINT('',(-132.,-0.795,1.5));
#5406 = SURFACE_CURVE('',#5407,(#5411,#5418),.PCURVE_S1.);
#5407 = LINE('',#5408,#5409);
#5408 = CARTESIAN_POINT('',(-132.,-0.795,1.5));
#5409 = VECTOR('',#5410,1.);
#5410 = DIRECTION('',(0.,0.,1.));
#5411 = PCURVE('',#2009,#5412);
#5412 = DEFINITIONAL_REPRESENTATION('',(#5413),#5417);
#5413 = LINE('',#5414,#5415);
#5414 = CARTESIAN_POINT('',(0.,0.));
#5415 = VECTOR('',#5416,1.);
#5416 = DIRECTION('',(1.,0.));
#5417 = ( GEOMETRIC_REPRESENTATION_CONTEXT(2) 
PARAMETRIC_REPRESENTATION_CONTEXT() REPRESENTATION_CONTEXT('2D SPACE',''
  ) );
#5418 = PCURVE('',#2091,#5419);
#5419 = DEFINITIONAL_REPRESENTATION('',(#5420),#5424);
#5420 = LINE('',#5421,#5422);
#5421 = CARTESIAN_POINT('',(0.,0.));
#5422 = VECTOR('',#5423,1.);
#5423 = DIRECTION('',(1.,0.));
#5424 = ( GEOMETRIC_REPRESENTATION_CONTEXT(2) 
PARAMETRIC_REPRESENTATION_CONTEXT() REPRESENTATION_CONTEXT('2D SPACE',''
  ) );
#5425 = ORIENTED_EDGE('',*,*,#5426,.T.);
#5426 = EDGE_CURVE('',#5404,#5427,#5429,.T.);
#5427 = VERTEX_POINT('',#5428);
#5428 = CARTESIAN_POINT('',(-132.,0.795,1.5));
#5429 = SURFACE_CURVE('',#5430,(#5434,#5441),.PCURVE_S1.);
#5430 = LINE('',#5431,#5432);
#5431 = CARTESIAN_POINT('',(-132.,-0.795,1.5));
#5432 = VECTOR('',#5433,1.);
#5433 = DIRECTION('',(-0.,1.,0.));
#5434 = PCURVE('',#2009,#5435);
#5435 = DEFINITIONAL_REPRESENTATION('',(#5436),#5440);
#5436 = LINE('',#5437,#5438);
#5437 = CARTESIAN_POINT('',(0.,0.));
#5438 = VECTOR('',#5439,1.);
#5439 = DIRECTION('',(0.,-1.));
#5440 = ( GEOMETRIC_REPRESENTATION_CONTEXT(2) 
PARAMETRIC_REPRESENTATION_CONTEXT() REPRESENTATION_CONTEXT('2D SPACE',''
  ) );
#5441 = PCURVE('',#5442,#5447);
#5442 = PLANE('',#5443);
#5443 = AXIS2_PLACEMENT_3D('',#5444,#5445,#5446);
#5444 = CARTESIAN_POINT('',(-132.,-0.795,1.5));
#5445 = DIRECTION('',(0.,0.,1.));
#5446 = DIRECTION('',(1.,0.,-0.));
#5447 = DEFINITIONAL_REPRESENTATION('',(#5448),#5452);
#5448 = LINE('',#5449,#5450);
#5449 = CARTESIAN_POINT('',(0.,0.));
#5450 = VECTOR('',#5451,1.);
#5451 = DIRECTION('',(0.,1.));
#5452 = ( GEOMETRIC_REPRESENTATION_CONTEXT(2) 
PARAMETRIC_REPRESENTATION_CONTEXT() REPRESENTATION_CONTEXT('2D SPACE',''
  ) );
#5453 = ORIENTED_EDGE('',*,*,#5454,.T.);
#5454 = EDGE_CURVE('',#5427,#1994,#5455,.T.);
#5455 = SURFACE_CURVE('',#5456,(#5460,#5467),.PCURVE_S1.);
#5456 = LINE('',#5457,#5458);
#5457 = CARTESIAN_POINT('',(-132.,0.795,1.5));
#5458 = VECTOR('',#5459,1.);
#5459 = DIRECTION('',(0.,0.,1.));
#5460 = PCURVE('',#2009,#5461);
#5461 = DEFINITIONAL_REPRESENTATION('',(#5462),#5466);
#5462 = LINE('',#5463,#5464);
#5463 = CARTESIAN_POINT('',(0.,-1.59));
#5464 = VECTOR('',#5465,1.);
#5465 = DIRECTION('',(1.,0.));
#5466 = ( GEOMETRIC_REPRESENTATION_CONTEXT(2) 
PARAMETRIC_REPRESENTATION_CONTEXT() REPRESENTATION_CONTEXT('2D SPACE',''
  ) );
#5467 = PCURVE('',#2037,#5468);
#5468 = DEFINITIONAL_REPRESENTATION('',(#5469),#5473);
#5469 = LINE('',#5470,#5471);
#5470 = CARTESIAN_POINT('',(0.,0.));
#5471 = VECTOR('',#5472,1.);
#5472 = DIRECTION('',(1.,0.));
#5473 = ( GEOMETRIC_REPRESENTATION_CONTEXT(2) 
PARAMETRIC_REPRESENTATION_CONTEXT() REPRESENTATION_CONTEXT('2D SPACE',''
  ) );
#5474 = ORIENTED_EDGE('',*,*,#1991,.F.);
#5475 = ADVANCED_FACE('',(#5476),#2091,.F.);
#5476 = FACE_BOUND('',#5477,.F.);
#5477 = EDGE_LOOP('',(#5478,#5501,#5502,#5503));
#5478 = ORIENTED_EDGE('',*,*,#5479,.F.);
#5479 = EDGE_CURVE('',#5404,#5480,#5482,.T.);
#5480 = VERTEX_POINT('',#5481);
#5481 = CARTESIAN_POINT('',(132.,-0.795,1.5));
#5482 = SURFACE_CURVE('',#5483,(#5487,#5494),.PCURVE_S1.);
#5483 = LINE('',#5484,#5485);
#5484 = CARTESIAN_POINT('',(-132.,-0.795,1.5));
#5485 = VECTOR('',#5486,1.);
#5486 = DIRECTION('',(1.,0.,-0.));
#5487 = PCURVE('',#2091,#5488);
#5488 = DEFINITIONAL_REPRESENTATION('',(#5489),#5493);
#5489 = LINE('',#5490,#5491);
#5490 = CARTESIAN_POINT('',(0.,0.));
#5491 = VECTOR('',#5492,1.);
#5492 = DIRECTION('',(0.,1.));
#5493 = ( GEOMETRIC_REPRESENTATION_CONTEXT(2) 
PARAMETRIC_REPRESENTATION_CONTEXT() REPRESENTATION_CONTEXT('2D SPACE',''
  ) );
#5494 = PCURVE('',#5442,#5495);
#5495 = DEFINITIONAL_REPRESENTATION('',(#5496),#5500);
#5496 = LINE('',#5497,#5498);
#5497 = CARTESIAN_POINT('',(0.,0.));
#5498 = VECTOR('',#5499,1.);
#5499 = DIRECTION('',(1.,0.));
#5500 = ( GEOMETRIC_REPRESENTATION_CONTEXT(2) 
PARAMETRIC_REPRESENTATION_CONTEXT() REPRESENTATION_CONTEXT('2D SPACE',''
  ) );
#5501 = ORIENTED_EDGE('',*,*,#5403,.T.);
#5502 = ORIENTED_EDGE('',*,*,#2077,.T.);
#5503 = ORIENTED_EDGE('',*,*,#5504,.F.);
#5504 = EDGE_CURVE('',#5480,#2050,#5505,.T.);
#5505 = SURFACE_CURVE('',#5506,(#5510,#5517),.PCURVE_S1.);
#5506 = LINE('',#5507,#5508);
#5507 = CARTESIAN_POINT('',(132.,-0.795,1.5));
#5508 = VECTOR('',#5509,1.);
#5509 = DIRECTION('',(0.,0.,1.));
#5510 = PCURVE('',#2091,#5511);
#5511 = DEFINITIONAL_REPRESENTATION('',(#5512),#5516);
#5512 = LINE('',#5513,#5514);
#5513 = CARTESIAN_POINT('',(0.,264.));
#5514 = VECTOR('',#5515,1.);
#5515 = DIRECTION('',(1.,0.));
#5516 = ( GEOMETRIC_REPRESENTATION_CONTEXT(2) 
PARAMETRIC_REPRESENTATION_CONTEXT() REPRESENTATION_CONTEXT('2D SPACE',''
  ) );
#5517 = PCURVE('',#2065,#5518);
#5518 = DEFINITIONAL_REPRESENTATION('',(#5519),#5523);
#5519 = LINE('',#5520,#5521);
#5520 = CARTESIAN_POINT('',(0.,0.));
#5521 = VECTOR('',#5522,1.);
#5522 = DIRECTION('',(1.,0.));
#5523 = ( GEOMETRIC_REPRESENTATION_CONTEXT(2) 
PARAMETRIC_REPRESENTATION_CONTEXT() REPRESENTATION_CONTEXT('2D SPACE',''
  ) );
#5524 = ADVANCED_FACE('',(#5525),#2065,.T.);
#5525 = FACE_BOUND('',#5526,.T.);
#5526 = EDGE_LOOP('',(#5527,#5528,#5551,#5572));
#5527 = ORIENTED_EDGE('',*,*,#5504,.F.);
#5528 = ORIENTED_EDGE('',*,*,#5529,.T.);
#5529 = EDGE_CURVE('',#5480,#5530,#5532,.T.);
#5530 = VERTEX_POINT('',#5531);
#5531 = CARTESIAN_POINT('',(132.,0.795,1.5));
#5532 = SURFACE_CURVE('',#5533,(#5537,#5544),.PCURVE_S1.);
#5533 = LINE('',#5534,#5535);
#5534 = CARTESIAN_POINT('',(132.,-0.795,1.5));
#5535 = VECTOR('',#5536,1.);
#5536 = DIRECTION('',(-0.,1.,0.));
#5537 = PCURVE('',#2065,#5538);
#5538 = DEFINITIONAL_REPRESENTATION('',(#5539),#5543);
#5539 = LINE('',#5540,#5541);
#5540 = CARTESIAN_POINT('',(0.,0.));
#5541 = VECTOR('',#5542,1.);
#5542 = DIRECTION('',(0.,-1.));
#5543 = ( GEOMETRIC_REPRESENTATION_CONTEXT(2) 
PARAMETRIC_REPRESENTATION_CONTEXT() REPRESENTATION_CONTEXT('2D SPACE',''
  ) );
#5544 = PCURVE('',#5442,#5545);
#5545 = DEFINITIONAL_REPRESENTATION('',(#5546),#5550);
#5546 = LINE('',#5547,#5548);
#5547 = CARTESIAN_POINT('',(264.,0.));
#5548 = VECTOR('',#5549,1.);
#5549 = DIRECTION('',(0.,1.));
#5550 = ( GEOMETRIC_REPRESENTATION_CONTEXT(2) 
PARAMETRIC_REPRESENTATION_CONTEXT() REPRESENTATION_CONTEXT('2D SPACE',''
  ) );
#5551 = ORIENTED_EDGE('',*,*,#5552,.T.);
#5552 = EDGE_CURVE('',#5530,#2022,#5553,.T.);
#5553 = SURFACE_CURVE('',#5554,(#5558,#5565),.PCURVE_S1.);
#5554 = LINE('',#5555,#5556);
#5555 = CARTESIAN_POINT('',(132.,0.795,1.5));
#5556 = VECTOR('',#5557,1.);
#5557 = DIRECTION('',(0.,0.,1.));
#5558 = PCURVE('',#2065,#5559);
#5559 = DEFINITIONAL_REPRESENTATION('',(#5560),#5564);
#5560 = LINE('',#5561,#5562);
#5561 = CARTESIAN_POINT('',(0.,-1.59));
#5562 = VECTOR('',#5563,1.);
#5563 = DIRECTION('',(1.,0.));
#5564 = ( GEOMETRIC_REPRESENTATION_CONTEXT(2) 
PARAMETRIC_REPRESENTATION_CONTEXT() REPRESENTATION_CONTEXT('2D SPACE',''
  ) );
#5565 = PCURVE('',#2037,#5566);
#5566 = DEFINITIONAL_REPRESENTATION('',(#5567),#5571);
#5567 = LINE('',#5568,#5569);
#5568 = CARTESIAN_POINT('',(0.,264.));
#5569 = VECTOR('',#5570,1.);
#5570 = DIRECTION('',(1.,0.));
#5571 = ( GEOMETRIC_REPRESENTATION_CONTEXT(2) 
PARAMETRIC_REPRESENTATION_CONTEXT() REPRESENTATION_CONTEXT('2D SPACE',''
  ) );
#5572 = ORIENTED_EDGE('',*,*,#2049,.F.);
#5573 = ADVANCED_FACE('',(#5574),#2037,.T.);
#5574 = FACE_BOUND('',#5575,.T.);
#5575 = EDGE_LOOP('',(#5576,#5597,#5598,#5599));
#5576 = ORIENTED_EDGE('',*,*,#5577,.F.);
#5577 = EDGE_CURVE('',#5427,#5530,#5578,.T.);
#5578 = SURFACE_CURVE('',#5579,(#5583,#5590),.PCURVE_S1.);
#5579 = LINE('',#5580,#5581);
#5580 = CARTESIAN_POINT('',(-132.,0.795,1.5));
#5581 = VECTOR('',#5582,1.);
#5582 = DIRECTION('',(1.,0.,-0.));
#5583 = PCURVE('',#2037,#5584);
#5584 = DEFINITIONAL_REPRESENTATION('',(#5585),#5589);
#5585 = LINE('',#5586,#5587);
#5586 = CARTESIAN_POINT('',(0.,0.));
#5587 = VECTOR('',#5588,1.);
#5588 = DIRECTION('',(0.,1.));
#5589 = ( GEOMETRIC_REPRESENTATION_CONTEXT(2) 
PARAMETRIC_REPRESENTATION_CONTEXT() REPRESENTATION_CONTEXT('2D SPACE',''
  ) );
#5590 = PCURVE('',#5442,#5591);
#5591 = DEFINITIONAL_REPRESENTATION('',(#5592),#5596);
#5592 = LINE('',#5593,#5594);
#5593 = CARTESIAN_POINT('',(0.,1.59));
#5594 = VECTOR('',#5595,1.);
#5595 = DIRECTION('',(1.,0.));
#5596 = ( GEOMETRIC_REPRESENTATION_CONTEXT(2) 
PARAMETRIC_REPRESENTATION_CONTEXT() REPRESENTATION_CONTEXT('2D SPACE',''
  ) );
#5597 = ORIENTED_EDGE('',*,*,#5454,.T.);
#5598 = ORIENTED_EDGE('',*,*,#2021,.T.);
#5599 = ORIENTED_EDGE('',*,*,#5552,.F.);
#5600 = ADVANCED_FACE('',(#5601),#2123,.F.);
#5601 = FACE_BOUND('',#5602,.F.);
#5602 = EDGE_LOOP('',(#5603,#5626,#5654,#5675));
#5603 = ORIENTED_EDGE('',*,*,#5604,.F.);
#5604 = EDGE_CURVE('',#5605,#2106,#5607,.T.);
#5605 = VERTEX_POINT('',#5606);
#5606 = CARTESIAN_POINT('',(-132.,15.755,1.5));
#5607 = SURFACE_CURVE('',#5608,(#5612,#5619),.PCURVE_S1.);
#5608 = LINE('',#5609,#5610);
#5609 = CARTESIAN_POINT('',(-132.,15.755,1.5));
#5610 = VECTOR('',#5611,1.);
#5611 = DIRECTION('',(0.,0.,1.));
#5612 = PCURVE('',#2123,#5613);
#5613 = DEFINITIONAL_REPRESENTATION('',(#5614),#5618);
#5614 = LINE('',#5615,#5616);
#5615 = CARTESIAN_POINT('',(0.,0.));
#5616 = VECTOR('',#5617,1.);
#5617 = DIRECTION('',(1.,0.));
#5618 = ( GEOMETRIC_REPRESENTATION_CONTEXT(2) 
PARAMETRIC_REPRESENTATION_CONTEXT() REPRESENTATION_CONTEXT('2D SPACE',''
  ) );
#5619 = PCURVE('',#2205,#5620);
#5620 = DEFINITIONAL_REPRESENTATION('',(#5621),#5625);
#5621 = LINE('',#5622,#5623);
#5622 = CARTESIAN_POINT('',(0.,0.));
#5623 = VECTOR('',#5624,1.);
#5624 = DIRECTION('',(1.,0.));
#5625 = ( GEOMETRIC_REPRESENTATION_CONTEXT(2) 
PARAMETRIC_REPRESENTATION_CONTEXT() REPRESENTATION_CONTEXT('2D SPACE',''
  ) );
#5626 = ORIENTED_EDGE('',*,*,#5627,.T.);
#5627 = EDGE_CURVE('',#5605,#5628,#5630,.T.);
#5628 = VERTEX_POINT('',#5629);
#5629 = CARTESIAN_POINT('',(-132.,17.345,1.5));
#5630 = SURFACE_CURVE('',#5631,(#5635,#5642),.PCURVE_S1.);
#5631 = LINE('',#5632,#5633);
#5632 = CARTESIAN_POINT('',(-132.,15.755,1.5));
#5633 = VECTOR('',#5634,1.);
#5634 = DIRECTION('',(-0.,1.,0.));
#5635 = PCURVE('',#2123,#5636);
#5636 = DEFINITIONAL_REPRESENTATION('',(#5637),#5641);
#5637 = LINE('',#5638,#5639);
#5638 = CARTESIAN_POINT('',(0.,0.));
#5639 = VECTOR('',#5640,1.);
#5640 = DIRECTION('',(0.,-1.));
#5641 = ( GEOMETRIC_REPRESENTATION_CONTEXT(2) 
PARAMETRIC_REPRESENTATION_CONTEXT() REPRESENTATION_CONTEXT('2D SPACE',''
  ) );
#5642 = PCURVE('',#5643,#5648);
#5643 = PLANE('',#5644);
#5644 = AXIS2_PLACEMENT_3D('',#5645,#5646,#5647);
#5645 = CARTESIAN_POINT('',(-132.,15.755,1.5));
#5646 = DIRECTION('',(0.,0.,1.));
#5647 = DIRECTION('',(1.,0.,-0.));
#5648 = DEFINITIONAL_REPRESENTATION('',(#5649),#5653);
#5649 = LINE('',#5650,#5651);
#5650 = CARTESIAN_POINT('',(0.,0.));
#5651 = VECTOR('',#5652,1.);
#5652 = DIRECTION('',(0.,1.));
#5653 = ( GEOMETRIC_REPRESENTATION_CONTEXT(2) 
PARAMETRIC_REPRESENTATION_CONTEXT() REPRESENTATION_CONTEXT('2D SPACE',''
  ) );
#5654 = ORIENTED_EDGE('',*,*,#5655,.T.);
#5655 = EDGE_CURVE('',#5628,#2108,#5656,.T.);
#5656 = SURFACE_CURVE('',#5657,(#5661,#5668),.PCURVE_S1.);
#5657 = LINE('',#5658,#5659);
#5658 = CARTESIAN_POINT('',(-132.,17.345,1.5));
#5659 = VECTOR('',#5660,1.);
#5660 = DIRECTION('',(0.,0.,1.));
#5661 = PCURVE('',#2123,#5662);
#5662 = DEFINITIONAL_REPRESENTATION('',(#5663),#5667);
#5663 = LINE('',#5664,#5665);
#5664 = CARTESIAN_POINT('',(0.,-1.59));
#5665 = VECTOR('',#5666,1.);
#5666 = DIRECTION('',(1.,0.));
#5667 = ( GEOMETRIC_REPRESENTATION_CONTEXT(2) 
PARAMETRIC_REPRESENTATION_CONTEXT() REPRESENTATION_CONTEXT('2D SPACE',''
  ) );
#5668 = PCURVE('',#2151,#5669);
#5669 = DEFINITIONAL_REPRESENTATION('',(#5670),#5674);
#5670 = LINE('',#5671,#5672);
#5671 = CARTESIAN_POINT('',(0.,0.));
#5672 = VECTOR('',#5673,1.);
#5673 = DIRECTION('',(1.,0.));
#5674 = ( GEOMETRIC_REPRESENTATION_CONTEXT(2) 
PARAMETRIC_REPRESENTATION_CONTEXT() REPRESENTATION_CONTEXT('2D SPACE',''
  ) );
#5675 = ORIENTED_EDGE('',*,*,#2105,.F.);
#5676 = ADVANCED_FACE('',(#5677),#2205,.F.);
#5677 = FACE_BOUND('',#5678,.F.);
#5678 = EDGE_LOOP('',(#5679,#5702,#5703,#5704));
#5679 = ORIENTED_EDGE('',*,*,#5680,.F.);
#5680 = EDGE_CURVE('',#5605,#5681,#5683,.T.);
#5681 = VERTEX_POINT('',#5682);
#5682 = CARTESIAN_POINT('',(132.,15.755,1.5));
#5683 = SURFACE_CURVE('',#5684,(#5688,#5695),.PCURVE_S1.);
#5684 = LINE('',#5685,#5686);
#5685 = CARTESIAN_POINT('',(-132.,15.755,1.5));
#5686 = VECTOR('',#5687,1.);
#5687 = DIRECTION('',(1.,0.,-0.));
#5688 = PCURVE('',#2205,#5689);
#5689 = DEFINITIONAL_REPRESENTATION('',(#5690),#5694);
#5690 = LINE('',#5691,#5692);
#5691 = CARTESIAN_POINT('',(0.,0.));
#5692 = VECTOR('',#5693,1.);
#5693 = DIRECTION('',(0.,1.));
#5694 = ( GEOMETRIC_REPRESENTATION_CONTEXT(2) 
PARAMETRIC_REPRESENTATION_CONTEXT() REPRESENTATION_CONTEXT('2D SPACE',''
  ) );
#5695 = PCURVE('',#5643,#5696);
#5696 = DEFINITIONAL_REPRESENTATION('',(#5697),#5701);
#5697 = LINE('',#5698,#5699);
#5698 = CARTESIAN_POINT('',(0.,0.));
#5699 = VECTOR('',#5700,1.);
#5700 = DIRECTION('',(1.,0.));
#5701 = ( GEOMETRIC_REPRESENTATION_CONTEXT(2) 
PARAMETRIC_REPRESENTATION_CONTEXT() REPRESENTATION_CONTEXT('2D SPACE',''
  ) );
#5702 = ORIENTED_EDGE('',*,*,#5604,.T.);
#5703 = ORIENTED_EDGE('',*,*,#2191,.T.);
#5704 = ORIENTED_EDGE('',*,*,#5705,.F.);
#5705 = EDGE_CURVE('',#5681,#2164,#5706,.T.);
#5706 = SURFACE_CURVE('',#5707,(#5711,#5718),.PCURVE_S1.);
#5707 = LINE('',#5708,#5709);
#5708 = CARTESIAN_POINT('',(132.,15.755,1.5));
#5709 = VECTOR('',#5710,1.);
#5710 = DIRECTION('',(0.,0.,1.));
#5711 = PCURVE('',#2205,#5712);
#5712 = DEFINITIONAL_REPRESENTATION('',(#5713),#5717);
#5713 = LINE('',#5714,#5715);
#5714 = CARTESIAN_POINT('',(0.,264.));
#5715 = VECTOR('',#5716,1.);
#5716 = DIRECTION('',(1.,0.));
#5717 = ( GEOMETRIC_REPRESENTATION_CONTEXT(2) 
PARAMETRIC_REPRESENTATION_CONTEXT() REPRESENTATION_CONTEXT('2D SPACE',''
  ) );
#5718 = PCURVE('',#2179,#5719);
#5719 = DEFINITIONAL_REPRESENTATION('',(#5720),#5724);
#5720 = LINE('',#5721,#5722);
#5721 = CARTESIAN_POINT('',(0.,0.));
#5722 = VECTOR('',#5723,1.);
#5723 = DIRECTION('',(1.,0.));
#5724 = ( GEOMETRIC_REPRESENTATION_CONTEXT(2) 
PARAMETRIC_REPRESENTATION_CONTEXT() REPRESENTATION_CONTEXT('2D SPACE',''
  ) );
#5725 = ADVANCED_FACE('',(#5726),#2179,.T.);
#5726 = FACE_BOUND('',#5727,.T.);
#5727 = EDGE_LOOP('',(#5728,#5729,#5752,#5773));
#5728 = ORIENTED_EDGE('',*,*,#5705,.F.);
#5729 = ORIENTED_EDGE('',*,*,#5730,.T.);
#5730 = EDGE_CURVE('',#5681,#5731,#5733,.T.);
#5731 = VERTEX_POINT('',#5732);
#5732 = CARTESIAN_POINT('',(132.,17.345,1.5));
#5733 = SURFACE_CURVE('',#5734,(#5738,#5745),.PCURVE_S1.);
#5734 = LINE('',#5735,#5736);
#5735 = CARTESIAN_POINT('',(132.,15.755,1.5));
#5736 = VECTOR('',#5737,1.);
#5737 = DIRECTION('',(-0.,1.,0.));
#5738 = PCURVE('',#2179,#5739);
#5739 = DEFINITIONAL_REPRESENTATION('',(#5740),#5744);
#5740 = LINE('',#5741,#5742);
#5741 = CARTESIAN_POINT('',(0.,0.));
#5742 = VECTOR('',#5743,1.);
#5743 = DIRECTION('',(0.,-1.));
#5744 = ( GEOMETRIC_REPRESENTATION_CONTEXT(2) 
PARAMETRIC_REPRESENTATION_CONTEXT() REPRESENTATION_CONTEXT('2D SPACE',''
  ) );
#5745 = PCURVE('',#5643,#5746);
#5746 = DEFINITIONAL_REPRESENTATION('',(#5747),#5751);
#5747 = LINE('',#5748,#5749);
#5748 = CARTESIAN_POINT('',(264.,0.));
#5749 = VECTOR('',#5750,1.);
#5750 = DIRECTION('',(0.,1.));
#5751 = ( GEOMETRIC_REPRESENTATION_CONTEXT(2) 
PARAMETRIC_REPRESENTATION_CONTEXT() REPRESENTATION_CONTEXT('2D SPACE',''
  ) );
#5752 = ORIENTED_EDGE('',*,*,#5753,.T.);
#5753 = EDGE_CURVE('',#5731,#2136,#5754,.T.);
#5754 = SURFACE_CURVE('',#5755,(#5759,#5766),.PCURVE_S1.);
#5755 = LINE('',#5756,#5757);
#5756 = CARTESIAN_POINT('',(132.,17.345,1.5));
#5757 = VECTOR('',#5758,1.);
#5758 = DIRECTION('',(0.,0.,1.));
#5759 = PCURVE('',#2179,#5760);
#5760 = DEFINITIONAL_REPRESENTATION('',(#5761),#5765);
#5761 = LINE('',#5762,#5763);
#5762 = CARTESIAN_POINT('',(0.,-1.59));
#5763 = VECTOR('',#5764,1.);
#5764 = DIRECTION('',(1.,0.));
#5765 = ( GEOMETRIC_REPRESENTATION_CONTEXT(2) 
PARAMETRIC_REPRESENTATION_CONTEXT() REPRESENTATION_CONTEXT('2D SPACE',''
  ) );
#5766 = PCURVE('',#2151,#5767);
#5767 = DEFINITIONAL_REPRESENTATION('',(#5768),#5772);
#5768 = LINE('',#5769,#5770);
#5769 = CARTESIAN_POINT('',(0.,264.));
#5770 = VECTOR('',#5771,1.);
#5771 = DIRECTION('',(1.,0.));
#5772 = ( GEOMETRIC_REPRESENTATION_CONTEXT(2) 
PARAMETRIC_REPRESENTATION_CONTEXT() REPRESENTATION_CONTEXT('2D SPACE',''
  ) );
#5773 = ORIENTED_EDGE('',*,*,#2163,.F.);
#5774 = ADVANCED_FACE('',(#5775),#2151,.T.);
#5775 = FACE_BOUND('',#5776,.T.);
#5776 = EDGE_LOOP('',(#5777,#5798,#5799,#5800));
#5777 = ORIENTED_EDGE('',*,*,#5778,.F.);
#5778 = EDGE_CURVE('',#5628,#5731,#5779,.T.);
#5779 = SURFACE_CURVE('',#5780,(#5784,#5791),.PCURVE_S1.);
#5780 = LINE('',#5781,#5782);
#5781 = CARTESIAN_POINT('',(-132.,17.345,1.5));
#5782 = VECTOR('',#5783,1.);
#5783 = DIRECTION('',(1.,0.,-0.));
#5784 = PCURVE('',#2151,#5785);
#5785 = DEFINITIONAL_REPRESENTATION('',(#5786),#5790);
#5786 = LINE('',#5787,#5788);
#5787 = CARTESIAN_POINT('',(0.,0.));
#5788 = VECTOR('',#5789,1.);
#5789 = DIRECTION('',(0.,1.));
#5790 = ( GEOMETRIC_REPRESENTATION_CONTEXT(2) 
PARAMETRIC_REPRESENTATION_CONTEXT() REPRESENTATION_CONTEXT('2D SPACE',''
  ) );
#5791 = PCURVE('',#5643,#5792);
#5792 = DEFINITIONAL_REPRESENTATION('',(#5793),#5797);
#5793 = LINE('',#5794,#5795);
#5794 = CARTESIAN_POINT('',(0.,1.59));
#5795 = VECTOR('',#5796,1.);
#5796 = DIRECTION('',(1.,0.));
#5797 = ( GEOMETRIC_REPRESENTATION_CONTEXT(2) 
PARAMETRIC_REPRESENTATION_CONTEXT() REPRESENTATION_CONTEXT('2D SPACE',''
  ) );
#5798 = ORIENTED_EDGE('',*,*,#5655,.T.);
#5799 = ORIENTED_EDGE('',*,*,#2135,.T.);
#5800 = ORIENTED_EDGE('',*,*,#5753,.F.);
#5801 = ADVANCED_FACE('',(#5802),#2237,.F.);
#5802 = FACE_BOUND('',#5803,.F.);
#5803 = EDGE_LOOP('',(#5804,#5827,#5855,#5876));
#5804 = ORIENTED_EDGE('',*,*,#5805,.F.);
#5805 = EDGE_CURVE('',#5806,#2220,#5808,.T.);
#5806 = VERTEX_POINT('',#5807);
#5807 = CARTESIAN_POINT('',(-132.,32.305,1.5));
#5808 = SURFACE_CURVE('',#5809,(#5813,#5820),.PCURVE_S1.);
#5809 = LINE('',#5810,#5811);
#5810 = CARTESIAN_POINT('',(-132.,32.305,1.5));
#5811 = VECTOR('',#5812,1.);
#5812 = DIRECTION('',(0.,0.,1.));
#5813 = PCURVE('',#2237,#5814);
#5814 = DEFINITIONAL_REPRESENTATION('',(#5815),#5819);
#5815 = LINE('',#5816,#5817);
#5816 = CARTESIAN_POINT('',(0.,0.));
#5817 = VECTOR('',#5818,1.);
#5818 = DIRECTION('',(1.,0.));
#5819 = ( GEOMETRIC_REPRESENTATION_CONTEXT(2) 
PARAMETRIC_REPRESENTATION_CONTEXT() REPRESENTATION_CONTEXT('2D SPACE',''
  ) );
#5820 = PCURVE('',#2319,#5821);
#5821 = DEFINITIONAL_REPRESENTATION('',(#5822),#5826);
#5822 = LINE('',#5823,#5824);
#5823 = CARTESIAN_POINT('',(0.,0.));
#5824 = VECTOR('',#5825,1.);
#5825 = DIRECTION('',(1.,0.));
#5826 = ( GEOMETRIC_REPRESENTATION_CONTEXT(2) 
PARAMETRIC_REPRESENTATION_CONTEXT() REPRESENTATION_CONTEXT('2D SPACE',''
  ) );
#5827 = ORIENTED_EDGE('',*,*,#5828,.T.);
#5828 = EDGE_CURVE('',#5806,#5829,#5831,.T.);
#5829 = VERTEX_POINT('',#5830);
#5830 = CARTESIAN_POINT('',(-132.,33.895,1.5));
#5831 = SURFACE_CURVE('',#5832,(#5836,#5843),.PCURVE_S1.);
#5832 = LINE('',#5833,#5834);
#5833 = CARTESIAN_POINT('',(-132.,32.305,1.5));
#5834 = VECTOR('',#5835,1.);
#5835 = DIRECTION('',(-0.,1.,0.));
#5836 = PCURVE('',#2237,#5837);
#5837 = DEFINITIONAL_REPRESENTATION('',(#5838),#5842);
#5838 = LINE('',#5839,#5840);
#5839 = CARTESIAN_POINT('',(0.,0.));
#5840 = VECTOR('',#5841,1.);
#5841 = DIRECTION('',(0.,-1.));
#5842 = ( GEOMETRIC_REPRESENTATION_CONTEXT(2) 
PARAMETRIC_REPRESENTATION_CONTEXT() REPRESENTATION_CONTEXT('2D SPACE',''
  ) );
#5843 = PCURVE('',#5844,#5849);
#5844 = PLANE('',#5845);
#5845 = AXIS2_PLACEMENT_3D('',#5846,#5847,#5848);
#5846 = CARTESIAN_POINT('',(-132.,32.305,1.5));
#5847 = DIRECTION('',(0.,0.,1.));
#5848 = DIRECTION('',(1.,0.,-0.));
#5849 = DEFINITIONAL_REPRESENTATION('',(#5850),#5854);
#5850 = LINE('',#5851,#5852);
#5851 = CARTESIAN_POINT('',(0.,0.));
#5852 = VECTOR('',#5853,1.);
#5853 = DIRECTION('',(0.,1.));
#5854 = ( GEOMETRIC_REPRESENTATION_CONTEXT(2) 
PARAMETRIC_REPRESENTATION_CONTEXT() REPRESENTATION_CONTEXT('2D SPACE',''
  ) );
#5855 = ORIENTED_EDGE('',*,*,#5856,.T.);
#5856 = EDGE_CURVE('',#5829,#2222,#5857,.T.);
#5857 = SURFACE_CURVE('',#5858,(#5862,#5869),.PCURVE_S1.);
#5858 = LINE('',#5859,#5860);
#5859 = CARTESIAN_POINT('',(-132.,33.895,1.5));
#5860 = VECTOR('',#5861,1.);
#5861 = DIRECTION('',(0.,0.,1.));
#5862 = PCURVE('',#2237,#5863);
#5863 = DEFINITIONAL_REPRESENTATION('',(#5864),#5868);
#5864 = LINE('',#5865,#5866);
#5865 = CARTESIAN_POINT('',(0.,-1.59));
#5866 = VECTOR('',#5867,1.);
#5867 = DIRECTION('',(1.,0.));
#5868 = ( GEOMETRIC_REPRESENTATION_CONTEXT(2) 
PARAMETRIC_REPRESENTATION_CONTEXT() REPRESENTATION_CONTEXT('2D SPACE',''
  ) );
#5869 = PCURVE('',#2265,#5870);
#5870 = DEFINITIONAL_REPRESENTATION('',(#5871),#5875);
#5871 = LINE('',#5872,#5873);
#5872 = CARTESIAN_POINT('',(0.,0.));
#5873 = VECTOR('',#5874,1.);
#5874 = DIRECTION('',(1.,0.));
#5875 = ( GEOMETRIC_REPRESENTATION_CONTEXT(2) 
PARAMETRIC_REPRESENTATION_CONTEXT() REPRESENTATION_CONTEXT('2D SPACE',''
  ) );
#5876 = ORIENTED_EDGE('',*,*,#2219,.F.);
#5877 = ADVANCED_FACE('',(#5878),#2319,.F.);
#5878 = FACE_BOUND('',#5879,.F.);
#5879 = EDGE_LOOP('',(#5880,#5903,#5904,#5905));
#5880 = ORIENTED_EDGE('',*,*,#5881,.F.);
#5881 = EDGE_CURVE('',#5806,#5882,#5884,.T.);
#5882 = VERTEX_POINT('',#5883);
#5883 = CARTESIAN_POINT('',(132.,32.305,1.5));
#5884 = SURFACE_CURVE('',#5885,(#5889,#5896),.PCURVE_S1.);
#5885 = LINE('',#5886,#5887);
#5886 = CARTESIAN_POINT('',(-132.,32.305,1.5));
#5887 = VECTOR('',#5888,1.);
#5888 = DIRECTION('',(1.,0.,-0.));
#5889 = PCURVE('',#2319,#5890);
#5890 = DEFINITIONAL_REPRESENTATION('',(#5891),#5895);
#5891 = LINE('',#5892,#5893);
#5892 = CARTESIAN_POINT('',(0.,0.));
#5893 = VECTOR('',#5894,1.);
#5894 = DIRECTION('',(0.,1.));
#5895 = ( GEOMETRIC_REPRESENTATION_CONTEXT(2) 
PARAMETRIC_REPRESENTATION_CONTEXT() REPRESENTATION_CONTEXT('2D SPACE',''
  ) );
#5896 = PCURVE('',#5844,#5897);
#5897 = DEFINITIONAL_REPRESENTATION('',(#5898),#5902);
#5898 = LINE('',#5899,#5900);
#5899 = CARTESIAN_POINT('',(0.,0.));
#5900 = VECTOR('',#5901,1.);
#5901 = DIRECTION('',(1.,0.));
#5902 = ( GEOMETRIC_REPRESENTATION_CONTEXT(2) 
PARAMETRIC_REPRESENTATION_CONTEXT() REPRESENTATION_CONTEXT('2D SPACE',''
  ) );
#5903 = ORIENTED_EDGE('',*,*,#5805,.T.);
#5904 = ORIENTED_EDGE('',*,*,#2305,.T.);
#5905 = ORIENTED_EDGE('',*,*,#5906,.F.);
#5906 = EDGE_CURVE('',#5882,#2278,#5907,.T.);
#5907 = SURFACE_CURVE('',#5908,(#5912,#5919),.PCURVE_S1.);
#5908 = LINE('',#5909,#5910);
#5909 = CARTESIAN_POINT('',(132.,32.305,1.5));
#5910 = VECTOR('',#5911,1.);
#5911 = DIRECTION('',(0.,0.,1.));
#5912 = PCURVE('',#2319,#5913);
#5913 = DEFINITIONAL_REPRESENTATION('',(#5914),#5918);
#5914 = LINE('',#5915,#5916);
#5915 = CARTESIAN_POINT('',(0.,264.));
#5916 = VECTOR('',#5917,1.);
#5917 = DIRECTION('',(1.,0.));
#5918 = ( GEOMETRIC_REPRESENTATION_CONTEXT(2) 
PARAMETRIC_REPRESENTATION_CONTEXT() REPRESENTATION_CONTEXT('2D SPACE',''
  ) );
#5919 = PCURVE('',#2293,#5920);
#5920 = DEFINITIONAL_REPRESENTATION('',(#5921),#5925);
#5921 = LINE('',#5922,#5923);
#5922 = CARTESIAN_POINT('',(0.,0.));
#5923 = VECTOR('',#5924,1.);
#5924 = DIRECTION('',(1.,0.));
#5925 = ( GEOMETRIC_REPRESENTATION_CONTEXT(2) 
PARAMETRIC_REPRESENTATION_CONTEXT() REPRESENTATION_CONTEXT('2D SPACE',''
  ) );
#5926 = ADVANCED_FACE('',(#5927),#2293,.T.);
#5927 = FACE_BOUND('',#5928,.T.);
#5928 = EDGE_LOOP('',(#5929,#5930,#5953,#5974));
#5929 = ORIENTED_EDGE('',*,*,#5906,.F.);
#5930 = ORIENTED_EDGE('',*,*,#5931,.T.);
#5931 = EDGE_CURVE('',#5882,#5932,#5934,.T.);
#5932 = VERTEX_POINT('',#5933);
#5933 = CARTESIAN_POINT('',(132.,33.895,1.5));
#5934 = SURFACE_CURVE('',#5935,(#5939,#5946),.PCURVE_S1.);
#5935 = LINE('',#5936,#5937);
#5936 = CARTESIAN_POINT('',(132.,32.305,1.5));
#5937 = VECTOR('',#5938,1.);
#5938 = DIRECTION('',(-0.,1.,0.));
#5939 = PCURVE('',#2293,#5940);
#5940 = DEFINITIONAL_REPRESENTATION('',(#5941),#5945);
#5941 = LINE('',#5942,#5943);
#5942 = CARTESIAN_POINT('',(0.,0.));
#5943 = VECTOR('',#5944,1.);
#5944 = DIRECTION('',(0.,-1.));
#5945 = ( GEOMETRIC_REPRESENTATION_CONTEXT(2) 
PARAMETRIC_REPRESENTATION_CONTEXT() REPRESENTATION_CONTEXT('2D SPACE',''
  ) );
#5946 = PCURVE('',#5844,#5947);
#5947 = DEFINITIONAL_REPRESENTATION('',(#5948),#5952);
#5948 = LINE('',#5949,#5950);
#5949 = CARTESIAN_POINT('',(264.,0.));
#5950 = VECTOR('',#5951,1.);
#5951 = DIRECTION('',(0.,1.));
#5952 = ( GEOMETRIC_REPRESENTATION_CONTEXT(2) 
PARAMETRIC_REPRESENTATION_CONTEXT() REPRESENTATION_CONTEXT('2D SPACE',''
  ) );
#5953 = ORIENTED_EDGE('',*,*,#5954,.T.);
#5954 = EDGE_CURVE('',#5932,#2250,#5955,.T.);
#5955 = SURFACE_CURVE('',#5956,(#5960,#5967),.PCURVE_S1.);
#5956 = LINE('',#5957,#5958);
#5957 = CARTESIAN_POINT('',(132.,33.895,1.5));
#5958 = VECTOR('',#5959,1.);
#5959 = DIRECTION('',(0.,0.,1.));
#5960 = PCURVE('',#2293,#5961);
#5961 = DEFINITIONAL_REPRESENTATION('',(#5962),#5966);
#5962 = LINE('',#5963,#5964);
#5963 = CARTESIAN_POINT('',(0.,-1.59));
#5964 = VECTOR('',#5965,1.);
#5965 = DIRECTION('',(1.,0.));
#5966 = ( GEOMETRIC_REPRESENTATION_CONTEXT(2) 
PARAMETRIC_REPRESENTATION_CONTEXT() REPRESENTATION_CONTEXT('2D SPACE',''
  ) );
#5967 = PCURVE('',#2265,#5968);
#5968 = DEFINITIONAL_REPRESENTATION('',(#5969),#5973);
#5969 = LINE('',#5970,#5971);
#5970 = CARTESIAN_POINT('',(0.,264.));
#5971 = VECTOR('',#5972,1.);
#5972 = DIRECTION('',(1.,0.));
#5973 = ( GEOMETRIC_REPRESENTATION_CONTEXT(2) 
PARAMETRIC_REPRESENTATION_CONTEXT() REPRESENTATION_CONTEXT('2D SPACE',''
  ) );
#5974 = ORIENTED_EDGE('',*,*,#2277,.F.);
#5975 = ADVANCED_FACE('',(#5976),#2265,.T.);
#5976 = FACE_BOUND('',#5977,.T.);
#5977 = EDGE_LOOP('',(#5978,#5999,#6000,#6001));
#5978 = ORIENTED_EDGE('',*,*,#5979,.F.);
#5979 = EDGE_CURVE('',#5829,#5932,#5980,.T.);
#5980 = SURFACE_CURVE('',#5981,(#5985,#5992),.PCURVE_S1.);
#5981 = LINE('',#5982,#5983);
#5982 = CARTESIAN_POINT('',(-132.,33.895,1.5));
#5983 = VECTOR('',#5984,1.);
#5984 = DIRECTION('',(1.,0.,-0.));
#5985 = PCURVE('',#2265,#5986);
#5986 = DEFINITIONAL_REPRESENTATION('',(#5987),#5991);
#5987 = LINE('',#5988,#5989);
#5988 = CARTESIAN_POINT('',(0.,0.));
#5989 = VECTOR('',#5990,1.);
#5990 = DIRECTION('',(0.,1.));
#5991 = ( GEOMETRIC_REPRESENTATION_CONTEXT(2) 
PARAMETRIC_REPRESENTATION_CONTEXT() REPRESENTATION_CONTEXT('2D SPACE',''
  ) );
#5992 = PCURVE('',#5844,#5993);
#5993 = DEFINITIONAL_REPRESENTATION('',(#5994),#5998);
#5994 = LINE('',#5995,#5996);
#5995 = CARTESIAN_POINT('',(0.,1.59));
#5996 = VECTOR('',#5997,1.);
#5997 = DIRECTION('',(1.,0.));
#5998 = ( GEOMETRIC_REPRESENTATION_CONTEXT(2) 
PARAMETRIC_REPRESENTATION_CONTEXT() REPRESENTATION_CONTEXT('2D SPACE',''
  ) );
#5999 = ORIENTED_EDGE('',*,*,#5856,.T.);
#6000 = ORIENTED_EDGE('',*,*,#2249,.T.);
#6001 = ORIENTED_EDGE('',*,*,#5954,.F.);
#6002 = ADVANCED_FACE('',(#6003),#2351,.F.);
#6003 = FACE_BOUND('',#6004,.F.);
#6004 = EDGE_LOOP('',(#6005,#6028,#6056,#6077));
#6005 = ORIENTED_EDGE('',*,*,#6006,.F.);
#6006 = EDGE_CURVE('',#6007,#2334,#6009,.T.);
#6007 = VERTEX_POINT('',#6008);
#6008 = CARTESIAN_POINT('',(-132.,48.855,1.5));
#6009 = SURFACE_CURVE('',#6010,(#6014,#6021),.PCURVE_S1.);
#6010 = LINE('',#6011,#6012);
#6011 = CARTESIAN_POINT('',(-132.,48.855,1.5));
#6012 = VECTOR('',#6013,1.);
#6013 = DIRECTION('',(0.,0.,1.));
#6014 = PCURVE('',#2351,#6015);
#6015 = DEFINITIONAL_REPRESENTATION('',(#6016),#6020);
#6016 = LINE('',#6017,#6018);
#6017 = CARTESIAN_POINT('',(0.,0.));
#6018 = VECTOR('',#6019,1.);
#6019 = DIRECTION('',(1.,0.));
#6020 = ( GEOMETRIC_REPRESENTATION_CONTEXT(2) 
PARAMETRIC_REPRESENTATION_CONTEXT() REPRESENTATION_CONTEXT('2D SPACE',''
  ) );
#6021 = PCURVE('',#2433,#6022);
#6022 = DEFINITIONAL_REPRESENTATION('',(#6023),#6027);
#6023 = LINE('',#6024,#6025);
#6024 = CARTESIAN_POINT('',(0.,0.));
#6025 = VECTOR('',#6026,1.);
#6026 = DIRECTION('',(1.,0.));
#6027 = ( GEOMETRIC_REPRESENTATION_CONTEXT(2) 
PARAMETRIC_REPRESENTATION_CONTEXT() REPRESENTATION_CONTEXT('2D SPACE',''
  ) );
#6028 = ORIENTED_EDGE('',*,*,#6029,.T.);
#6029 = EDGE_CURVE('',#6007,#6030,#6032,.T.);
#6030 = VERTEX_POINT('',#6031);
#6031 = CARTESIAN_POINT('',(-132.,50.445,1.5));
#6032 = SURFACE_CURVE('',#6033,(#6037,#6044),.PCURVE_S1.);
#6033 = LINE('',#6034,#6035);
#6034 = CARTESIAN_POINT('',(-132.,48.855,1.5));
#6035 = VECTOR('',#6036,1.);
#6036 = DIRECTION('',(-0.,1.,0.));
#6037 = PCURVE('',#2351,#6038);
#6038 = DEFINITIONAL_REPRESENTATION('',(#6039),#6043);
#6039 = LINE('',#6040,#6041);
#6040 = CARTESIAN_POINT('',(0.,0.));
#6041 = VECTOR('',#6042,1.);
#6042 = DIRECTION('',(0.,-1.));
#6043 = ( GEOMETRIC_REPRESENTATION_CONTEXT(2) 
PARAMETRIC_REPRESENTATION_CONTEXT() REPRESENTATION_CONTEXT('2D SPACE',''
  ) );
#6044 = PCURVE('',#6045,#6050);
#6045 = PLANE('',#6046);
#6046 = AXIS2_PLACEMENT_3D('',#6047,#6048,#6049);
#6047 = CARTESIAN_POINT('',(-132.,48.855,1.5));
#6048 = DIRECTION('',(0.,0.,1.));
#6049 = DIRECTION('',(1.,0.,-0.));
#6050 = DEFINITIONAL_REPRESENTATION('',(#6051),#6055);
#6051 = LINE('',#6052,#6053);
#6052 = CARTESIAN_POINT('',(0.,0.));
#6053 = VECTOR('',#6054,1.);
#6054 = DIRECTION('',(0.,1.));
#6055 = ( GEOMETRIC_REPRESENTATION_CONTEXT(2) 
PARAMETRIC_REPRESENTATION_CONTEXT() REPRESENTATION_CONTEXT('2D SPACE',''
  ) );
#6056 = ORIENTED_EDGE('',*,*,#6057,.T.);
#6057 = EDGE_CURVE('',#6030,#2336,#6058,.T.);
#6058 = SURFACE_CURVE('',#6059,(#6063,#6070),.PCURVE_S1.);
#6059 = LINE('',#6060,#6061);
#6060 = CARTESIAN_POINT('',(-132.,50.445,1.5));
#6061 = VECTOR('',#6062,1.);
#6062 = DIRECTION('',(0.,0.,1.));
#6063 = PCURVE('',#2351,#6064);
#6064 = DEFINITIONAL_REPRESENTATION('',(#6065),#6069);
#6065 = LINE('',#6066,#6067);
#6066 = CARTESIAN_POINT('',(0.,-1.59));
#6067 = VECTOR('',#6068,1.);
#6068 = DIRECTION('',(1.,0.));
#6069 = ( GEOMETRIC_REPRESENTATION_CONTEXT(2) 
PARAMETRIC_REPRESENTATION_CONTEXT() REPRESENTATION_CONTEXT('2D SPACE',''
  ) );
#6070 = PCURVE('',#2379,#6071);
#6071 = DEFINITIONAL_REPRESENTATION('',(#6072),#6076);
#6072 = LINE('',#6073,#6074);
#6073 = CARTESIAN_POINT('',(0.,0.));
#6074 = VECTOR('',#6075,1.);
#6075 = DIRECTION('',(1.,0.));
#6076 = ( GEOMETRIC_REPRESENTATION_CONTEXT(2) 
PARAMETRIC_REPRESENTATION_CONTEXT() REPRESENTATION_CONTEXT('2D SPACE',''
  ) );
#6077 = ORIENTED_EDGE('',*,*,#2333,.F.);
#6078 = ADVANCED_FACE('',(#6079),#2433,.F.);
#6079 = FACE_BOUND('',#6080,.F.);
#6080 = EDGE_LOOP('',(#6081,#6104,#6105,#6106));
#6081 = ORIENTED_EDGE('',*,*,#6082,.F.);
#6082 = EDGE_CURVE('',#6007,#6083,#6085,.T.);
#6083 = VERTEX_POINT('',#6084);
#6084 = CARTESIAN_POINT('',(132.,48.855,1.5));
#6085 = SURFACE_CURVE('',#6086,(#6090,#6097),.PCURVE_S1.);
#6086 = LINE('',#6087,#6088);
#6087 = CARTESIAN_POINT('',(-132.,48.855,1.5));
#6088 = VECTOR('',#6089,1.);
#6089 = DIRECTION('',(1.,0.,-0.));
#6090 = PCURVE('',#2433,#6091);
#6091 = DEFINITIONAL_REPRESENTATION('',(#6092),#6096);
#6092 = LINE('',#6093,#6094);
#6093 = CARTESIAN_POINT('',(0.,0.));
#6094 = VECTOR('',#6095,1.);
#6095 = DIRECTION('',(0.,1.));
#6096 = ( GEOMETRIC_REPRESENTATION_CONTEXT(2) 
PARAMETRIC_REPRESENTATION_CONTEXT() REPRESENTATION_CONTEXT('2D SPACE',''
  ) );
#6097 = PCURVE('',#6045,#6098);
#6098 = DEFINITIONAL_REPRESENTATION('',(#6099),#6103);
#6099 = LINE('',#6100,#6101);
#6100 = CARTESIAN_POINT('',(0.,0.));
#6101 = VECTOR('',#6102,1.);
#6102 = DIRECTION('',(1.,0.));
#6103 = ( GEOMETRIC_REPRESENTATION_CONTEXT(2) 
PARAMETRIC_REPRESENTATION_CONTEXT() REPRESENTATION_CONTEXT('2D SPACE',''
  ) );
#6104 = ORIENTED_EDGE('',*,*,#6006,.T.);
#6105 = ORIENTED_EDGE('',*,*,#2419,.T.);
#6106 = ORIENTED_EDGE('',*,*,#6107,.F.);
#6107 = EDGE_CURVE('',#6083,#2392,#6108,.T.);
#6108 = SURFACE_CURVE('',#6109,(#6113,#6120),.PCURVE_S1.);
#6109 = LINE('',#6110,#6111);
#6110 = CARTESIAN_POINT('',(132.,48.855,1.5));
#6111 = VECTOR('',#6112,1.);
#6112 = DIRECTION('',(0.,0.,1.));
#6113 = PCURVE('',#2433,#6114);
#6114 = DEFINITIONAL_REPRESENTATION('',(#6115),#6119);
#6115 = LINE('',#6116,#6117);
#6116 = CARTESIAN_POINT('',(0.,264.));
#6117 = VECTOR('',#6118,1.);
#6118 = DIRECTION('',(1.,0.));
#6119 = ( GEOMETRIC_REPRESENTATION_CONTEXT(2) 
PARAMETRIC_REPRESENTATION_CONTEXT() REPRESENTATION_CONTEXT('2D SPACE',''
  ) );
#6120 = PCURVE('',#2407,#6121);
#6121 = DEFINITIONAL_REPRESENTATION('',(#6122),#6126);
#6122 = LINE('',#6123,#6124);
#6123 = CARTESIAN_POINT('',(0.,0.));
#6124 = VECTOR('',#6125,1.);
#6125 = DIRECTION('',(1.,0.));
#6126 = ( GEOMETRIC_REPRESENTATION_CONTEXT(2) 
PARAMETRIC_REPRESENTATION_CONTEXT() REPRESENTATION_CONTEXT('2D SPACE',''
  ) );
#6127 = ADVANCED_FACE('',(#6128),#2407,.T.);
#6128 = FACE_BOUND('',#6129,.T.);
#6129 = EDGE_LOOP('',(#6130,#6131,#6154,#6175));
#6130 = ORIENTED_EDGE('',*,*,#6107,.F.);
#6131 = ORIENTED_EDGE('',*,*,#6132,.T.);
#6132 = EDGE_CURVE('',#6083,#6133,#6135,.T.);
#6133 = VERTEX_POINT('',#6134);
#6134 = CARTESIAN_POINT('',(132.,50.445,1.5));
#6135 = SURFACE_CURVE('',#6136,(#6140,#6147),.PCURVE_S1.);
#6136 = LINE('',#6137,#6138);
#6137 = CARTESIAN_POINT('',(132.,48.855,1.5));
#6138 = VECTOR('',#6139,1.);
#6139 = DIRECTION('',(-0.,1.,0.));
#6140 = PCURVE('',#2407,#6141);
#6141 = DEFINITIONAL_REPRESENTATION('',(#6142),#6146);
#6142 = LINE('',#6143,#6144);
#6143 = CARTESIAN_POINT('',(0.,0.));
#6144 = VECTOR('',#6145,1.);
#6145 = DIRECTION('',(0.,-1.));
#6146 = ( GEOMETRIC_REPRESENTATION_CONTEXT(2) 
PARAMETRIC_REPRESENTATION_CONTEXT() REPRESENTATION_CONTEXT('2D SPACE',''
  ) );
#6147 = PCURVE('',#6045,#6148);
#6148 = DEFINITIONAL_REPRESENTATION('',(#6149),#6153);
#6149 = LINE('',#6150,#6151);
#6150 = CARTESIAN_POINT('',(264.,0.));
#6151 = VECTOR('',#6152,1.);
#6152 = DIRECTION('',(0.,1.));
#6153 = ( GEOMETRIC_REPRESENTATION_CONTEXT(2) 
PARAMETRIC_REPRESENTATION_CONTEXT() REPRESENTATION_CONTEXT('2D SPACE',''
  ) );
#6154 = ORIENTED_EDGE('',*,*,#6155,.T.);
#6155 = EDGE_CURVE('',#6133,#2364,#6156,.T.);
#6156 = SURFACE_CURVE('',#6157,(#6161,#6168),.PCURVE_S1.);
#6157 = LINE('',#6158,#6159);
#6158 = CARTESIAN_POINT('',(132.,50.445,1.5));
#6159 = VECTOR('',#6160,1.);
#6160 = DIRECTION('',(0.,0.,1.));
#6161 = PCURVE('',#2407,#6162);
#6162 = DEFINITIONAL_REPRESENTATION('',(#6163),#6167);
#6163 = LINE('',#6164,#6165);
#6164 = CARTESIAN_POINT('',(0.,-1.59));
#6165 = VECTOR('',#6166,1.);
#6166 = DIRECTION('',(1.,0.));
#6167 = ( GEOMETRIC_REPRESENTATION_CONTEXT(2) 
PARAMETRIC_REPRESENTATION_CONTEXT() REPRESENTATION_CONTEXT('2D SPACE',''
  ) );
#6168 = PCURVE('',#2379,#6169);
#6169 = DEFINITIONAL_REPRESENTATION('',(#6170),#6174);
#6170 = LINE('',#6171,#6172);
#6171 = CARTESIAN_POINT('',(0.,264.));
#6172 = VECTOR('',#6173,1.);
#6173 = DIRECTION('',(1.,0.));
#6174 = ( GEOMETRIC_REPRESENTATION_CONTEXT(2) 
PARAMETRIC_REPRESENTATION_CONTEXT() REPRESENTATION_CONTEXT('2D SPACE',''
  ) );
#6175 = ORIENTED_EDGE('',*,*,#2391,.F.);
#6176 = ADVANCED_FACE('',(#6177),#2379,.T.);
#6177 = FACE_BOUND('',#6178,.T.);
#6178 = EDGE_LOOP('',(#6179,#6200,#6201,#6202));
#6179 = ORIENTED_EDGE('',*,*,#6180,.F.);
#6180 = EDGE_CURVE('',#6030,#6133,#6181,.T.);
#6181 = SURFACE_CURVE('',#6182,(#6186,#6193),.PCURVE_S1.);
#6182 = LINE('',#6183,#6184);
#6183 = CARTESIAN_POINT('',(-132.,50.445,1.5));
#6184 = VECTOR('',#6185,1.);
#6185 = DIRECTION('',(1.,0.,-0.));
#6186 = PCURVE('',#2379,#6187);
#6187 = DEFINITIONAL_REPRESENTATION('',(#6188),#6192);
#6188 = LINE('',#6189,#6190);
#6189 = CARTESIAN_POINT('',(0.,0.));
#6190 = VECTOR('',#6191,1.);
#6191 = DIRECTION('',(0.,1.));
#6192 = ( GEOMETRIC_REPRESENTATION_CONTEXT(2) 
PARAMETRIC_REPRESENTATION_CONTEXT() REPRESENTATION_CONTEXT('2D SPACE',''
  ) );
#6193 = PCURVE('',#6045,#6194);
#6194 = DEFINITIONAL_REPRESENTATION('',(#6195),#6199);
#6195 = LINE('',#6196,#6197);
#6196 = CARTESIAN_POINT('',(0.,1.59));
#6197 = VECTOR('',#6198,1.);
#6198 = DIRECTION('',(1.,0.));
#6199 = ( GEOMETRIC_REPRESENTATION_CONTEXT(2) 
PARAMETRIC_REPRESENTATION_CONTEXT() REPRESENTATION_CONTEXT('2D SPACE',''
  ) );
#6200 = ORIENTED_EDGE('',*,*,#6057,.T.);
#6201 = ORIENTED_EDGE('',*,*,#2363,.T.);
#6202 = ORIENTED_EDGE('',*,*,#6155,.F.);
#6203 = ADVANCED_FACE('',(#6204),#2465,.F.);
#6204 = FACE_BOUND('',#6205,.F.);
#6205 = EDGE_LOOP('',(#6206,#6229,#6257,#6278));
#6206 = ORIENTED_EDGE('',*,*,#6207,.F.);
#6207 = EDGE_CURVE('',#6208,#2448,#6210,.T.);
#6208 = VERTEX_POINT('',#6209);
#6209 = CARTESIAN_POINT('',(-132.,65.405,1.5));
#6210 = SURFACE_CURVE('',#6211,(#6215,#6222),.PCURVE_S1.);
#6211 = LINE('',#6212,#6213);
#6212 = CARTESIAN_POINT('',(-132.,65.405,1.5));
#6213 = VECTOR('',#6214,1.);
#6214 = DIRECTION('',(0.,0.,1.));
#6215 = PCURVE('',#2465,#6216);
#6216 = DEFINITIONAL_REPRESENTATION('',(#6217),#6221);
#6217 = LINE('',#6218,#6219);
#6218 = CARTESIAN_POINT('',(0.,0.));
#6219 = VECTOR('',#6220,1.);
#6220 = DIRECTION('',(1.,0.));
#6221 = ( GEOMETRIC_REPRESENTATION_CONTEXT(2) 
PARAMETRIC_REPRESENTATION_CONTEXT() REPRESENTATION_CONTEXT('2D SPACE',''
  ) );
#6222 = PCURVE('',#2547,#6223);
#6223 = DEFINITIONAL_REPRESENTATION('',(#6224),#6228);
#6224 = LINE('',#6225,#6226);
#6225 = CARTESIAN_POINT('',(0.,0.));
#6226 = VECTOR('',#6227,1.);
#6227 = DIRECTION('',(1.,0.));
#6228 = ( GEOMETRIC_REPRESENTATION_CONTEXT(2) 
PARAMETRIC_REPRESENTATION_CONTEXT() REPRESENTATION_CONTEXT('2D SPACE',''
  ) );
#6229 = ORIENTED_EDGE('',*,*,#6230,.T.);
#6230 = EDGE_CURVE('',#6208,#6231,#6233,.T.);
#6231 = VERTEX_POINT('',#6232);
#6232 = CARTESIAN_POINT('',(-132.,66.995,1.5));
#6233 = SURFACE_CURVE('',#6234,(#6238,#6245),.PCURVE_S1.);
#6234 = LINE('',#6235,#6236);
#6235 = CARTESIAN_POINT('',(-132.,65.405,1.5));
#6236 = VECTOR('',#6237,1.);
#6237 = DIRECTION('',(-0.,1.,0.));
#6238 = PCURVE('',#2465,#6239);
#6239 = DEFINITIONAL_REPRESENTATION('',(#6240),#6244);
#6240 = LINE('',#6241,#6242);
#6241 = CARTESIAN_POINT('',(0.,0.));
#6242 = VECTOR('',#6243,1.);
#6243 = DIRECTION('',(0.,-1.));
#6244 = ( GEOMETRIC_REPRESENTATION_CONTEXT(2) 
PARAMETRIC_REPRESENTATION_CONTEXT() REPRESENTATION_CONTEXT('2D SPACE',''
  ) );
#6245 = PCURVE('',#6246,#6251);
#6246 = PLANE('',#6247);
#6247 = AXIS2_PLACEMENT_3D('',#6248,#6249,#6250);
#6248 = CARTESIAN_POINT('',(-132.,65.405,1.5));
#6249 = DIRECTION('',(0.,0.,1.));
#6250 = DIRECTION('',(1.,0.,-0.));
#6251 = DEFINITIONAL_REPRESENTATION('',(#6252),#6256);
#6252 = LINE('',#6253,#6254);
#6253 = CARTESIAN_POINT('',(0.,0.));
#6254 = VECTOR('',#6255,1.);
#6255 = DIRECTION('',(0.,1.));
#6256 = ( GEOMETRIC_REPRESENTATION_CONTEXT(2) 
PARAMETRIC_REPRESENTATION_CONTEXT() REPRESENTATION_CONTEXT('2D SPACE',''
  ) );
#6257 = ORIENTED_EDGE('',*,*,#6258,.T.);
#6258 = EDGE_CURVE('',#6231,#2450,#6259,.T.);
#6259 = SURFACE_CURVE('',#6260,(#6264,#6271),.PCURVE_S1.);
#6260 = LINE('',#6261,#6262);
#6261 = CARTESIAN_POINT('',(-132.,66.995,1.5));
#6262 = VECTOR('',#6263,1.);
#6263 = DIRECTION('',(0.,0.,1.));
#6264 = PCURVE('',#2465,#6265);
#6265 = DEFINITIONAL_REPRESENTATION('',(#6266),#6270);
#6266 = LINE('',#6267,#6268);
#6267 = CARTESIAN_POINT('',(0.,-1.59));
#6268 = VECTOR('',#6269,1.);
#6269 = DIRECTION('',(1.,0.));
#6270 = ( GEOMETRIC_REPRESENTATION_CONTEXT(2) 
PARAMETRIC_REPRESENTATION_CONTEXT() REPRESENTATION_CONTEXT('2D SPACE',''
  ) );
#6271 = PCURVE('',#2493,#6272);
#6272 = DEFINITIONAL_REPRESENTATION('',(#6273),#6277);
#6273 = LINE('',#6274,#6275);
#6274 = CARTESIAN_POINT('',(0.,0.));
#6275 = VECTOR('',#6276,1.);
#6276 = DIRECTION('',(1.,0.));
#6277 = ( GEOMETRIC_REPRESENTATION_CONTEXT(2) 
PARAMETRIC_REPRESENTATION_CONTEXT() REPRESENTATION_CONTEXT('2D SPACE',''
  ) );
#6278 = ORIENTED_EDGE('',*,*,#2447,.F.);
#6279 = ADVANCED_FACE('',(#6280),#2547,.F.);
#6280 = FACE_BOUND('',#6281,.F.);
#6281 = EDGE_LOOP('',(#6282,#6305,#6306,#6307));
#6282 = ORIENTED_EDGE('',*,*,#6283,.F.);
#6283 = EDGE_CURVE('',#6208,#6284,#6286,.T.);
#6284 = VERTEX_POINT('',#6285);
#6285 = CARTESIAN_POINT('',(132.,65.405,1.5));
#6286 = SURFACE_CURVE('',#6287,(#6291,#6298),.PCURVE_S1.);
#6287 = LINE('',#6288,#6289);
#6288 = CARTESIAN_POINT('',(-132.,65.405,1.5));
#6289 = VECTOR('',#6290,1.);
#6290 = DIRECTION('',(1.,0.,-0.));
#6291 = PCURVE('',#2547,#6292);
#6292 = DEFINITIONAL_REPRESENTATION('',(#6293),#6297);
#6293 = LINE('',#6294,#6295);
#6294 = CARTESIAN_POINT('',(0.,0.));
#6295 = VECTOR('',#6296,1.);
#6296 = DIRECTION('',(0.,1.));
#6297 = ( GEOMETRIC_REPRESENTATION_CONTEXT(2) 
PARAMETRIC_REPRESENTATION_CONTEXT() REPRESENTATION_CONTEXT('2D SPACE',''
  ) );
#6298 = PCURVE('',#6246,#6299);
#6299 = DEFINITIONAL_REPRESENTATION('',(#6300),#6304);
#6300 = LINE('',#6301,#6302);
#6301 = CARTESIAN_POINT('',(0.,0.));
#6302 = VECTOR('',#6303,1.);
#6303 = DIRECTION('',(1.,0.));
#6304 = ( GEOMETRIC_REPRESENTATION_CONTEXT(2) 
PARAMETRIC_REPRESENTATION_CONTEXT() REPRESENTATION_CONTEXT('2D SPACE',''
  ) );
#6305 = ORIENTED_EDGE('',*,*,#6207,.T.);
#6306 = ORIENTED_EDGE('',*,*,#2533,.T.);
#6307 = ORIENTED_EDGE('',*,*,#6308,.F.);
#6308 = EDGE_CURVE('',#6284,#2506,#6309,.T.);
#6309 = SURFACE_CURVE('',#6310,(#6314,#6321),.PCURVE_S1.);
#6310 = LINE('',#6311,#6312);
#6311 = CARTESIAN_POINT('',(132.,65.405,1.5));
#6312 = VECTOR('',#6313,1.);
#6313 = DIRECTION('',(0.,0.,1.));
#6314 = PCURVE('',#2547,#6315);
#6315 = DEFINITIONAL_REPRESENTATION('',(#6316),#6320);
#6316 = LINE('',#6317,#6318);
#6317 = CARTESIAN_POINT('',(0.,264.));
#6318 = VECTOR('',#6319,1.);
#6319 = DIRECTION('',(1.,0.));
#6320 = ( GEOMETRIC_REPRESENTATION_CONTEXT(2) 
PARAMETRIC_REPRESENTATION_CONTEXT() REPRESENTATION_CONTEXT('2D SPACE',''
  ) );
#6321 = PCURVE('',#2521,#6322);
#6322 = DEFINITIONAL_REPRESENTATION('',(#6323),#6327);
#6323 = LINE('',#6324,#6325);
#6324 = CARTESIAN_POINT('',(0.,0.));
#6325 = VECTOR('',#6326,1.);
#6326 = DIRECTION('',(1.,0.));
#6327 = ( GEOMETRIC_REPRESENTATION_CONTEXT(2) 
PARAMETRIC_REPRESENTATION_CONTEXT() REPRESENTATION_CONTEXT('2D SPACE',''
  ) );
#6328 = ADVANCED_FACE('',(#6329),#2521,.T.);
#6329 = FACE_BOUND('',#6330,.T.);
#6330 = EDGE_LOOP('',(#6331,#6332,#6355,#6376));
#6331 = ORIENTED_EDGE('',*,*,#6308,.F.);
#6332 = ORIENTED_EDGE('',*,*,#6333,.T.);
#6333 = EDGE_CURVE('',#6284,#6334,#6336,.T.);
#6334 = VERTEX_POINT('',#6335);
#6335 = CARTESIAN_POINT('',(132.,66.995,1.5));
#6336 = SURFACE_CURVE('',#6337,(#6341,#6348),.PCURVE_S1.);
#6337 = LINE('',#6338,#6339);
#6338 = CARTESIAN_POINT('',(132.,65.405,1.5));
#6339 = VECTOR('',#6340,1.);
#6340 = DIRECTION('',(-0.,1.,0.));
#6341 = PCURVE('',#2521,#6342);
#6342 = DEFINITIONAL_REPRESENTATION('',(#6343),#6347);
#6343 = LINE('',#6344,#6345);
#6344 = CARTESIAN_POINT('',(0.,0.));
#6345 = VECTOR('',#6346,1.);
#6346 = DIRECTION('',(0.,-1.));
#6347 = ( GEOMETRIC_REPRESENTATION_CONTEXT(2) 
PARAMETRIC_REPRESENTATION_CONTEXT() REPRESENTATION_CONTEXT('2D SPACE',''
  ) );
#6348 = PCURVE('',#6246,#6349);
#6349 = DEFINITIONAL_REPRESENTATION('',(#6350),#6354);
#6350 = LINE('',#6351,#6352);
#6351 = CARTESIAN_POINT('',(264.,0.));
#6352 = VECTOR('',#6353,1.);
#6353 = DIRECTION('',(0.,1.));
#6354 = ( GEOMETRIC_REPRESENTATION_CONTEXT(2) 
PARAMETRIC_REPRESENTATION_CONTEXT() REPRESENTATION_CONTEXT('2D SPACE',''
  ) );
#6355 = ORIENTED_EDGE('',*,*,#6356,.T.);
#6356 = EDGE_CURVE('',#6334,#2478,#6357,.T.);
#6357 = SURFACE_CURVE('',#6358,(#6362,#6369),.PCURVE_S1.);
#6358 = LINE('',#6359,#6360);
#6359 = CARTESIAN_POINT('',(132.,66.995,1.5));
#6360 = VECTOR('',#6361,1.);
#6361 = DIRECTION('',(0.,0.,1.));
#6362 = PCURVE('',#2521,#6363);
#6363 = DEFINITIONAL_REPRESENTATION('',(#6364),#6368);
#6364 = LINE('',#6365,#6366);
#6365 = CARTESIAN_POINT('',(0.,-1.59));
#6366 = VECTOR('',#6367,1.);
#6367 = DIRECTION('',(1.,0.));
#6368 = ( GEOMETRIC_REPRESENTATION_CONTEXT(2) 
PARAMETRIC_REPRESENTATION_CONTEXT() REPRESENTATION_CONTEXT('2D SPACE',''
  ) );
#6369 = PCURVE('',#2493,#6370);
#6370 = DEFINITIONAL_REPRESENTATION('',(#6371),#6375);
#6371 = LINE('',#6372,#6373);
#6372 = CARTESIAN_POINT('',(0.,264.));
#6373 = VECTOR('',#6374,1.);
#6374 = DIRECTION('',(1.,0.));
#6375 = ( GEOMETRIC_REPRESENTATION_CONTEXT(2) 
PARAMETRIC_REPRESENTATION_CONTEXT() REPRESENTATION_CONTEXT('2D SPACE',''
  ) );
#6376 = ORIENTED_EDGE('',*,*,#2505,.F.);
#6377 = ADVANCED_FACE('',(#6378),#2493,.T.);
#6378 = FACE_BOUND('',#6379,.T.);
#6379 = EDGE_LOOP('',(#6380,#6401,#6402,#6403));
#6380 = ORIENTED_EDGE('',*,*,#6381,.F.);
#6381 = EDGE_CURVE('',#6231,#6334,#6382,.T.);
#6382 = SURFACE_CURVE('',#6383,(#6387,#6394),.PCURVE_S1.);
#6383 = LINE('',#6384,#6385);
#6384 = CARTESIAN_POINT('',(-132.,66.995,1.5));
#6385 = VECTOR('',#6386,1.);
#6386 = DIRECTION('',(1.,0.,-0.));
#6387 = PCURVE('',#2493,#6388);
#6388 = DEFINITIONAL_REPRESENTATION('',(#6389),#6393);
#6389 = LINE('',#6390,#6391);
#6390 = CARTESIAN_POINT('',(0.,0.));
#6391 = VECTOR('',#6392,1.);
#6392 = DIRECTION('',(0.,1.));
#6393 = ( GEOMETRIC_REPRESENTATION_CONTEXT(2) 
PARAMETRIC_REPRESENTATION_CONTEXT() REPRESENTATION_CONTEXT('2D SPACE',''
  ) );
#6394 = PCURVE('',#6246,#6395);
#6395 = DEFINITIONAL_REPRESENTATION('',(#6396),#6400);
#6396 = LINE('',#6397,#6398);
#6397 = CARTESIAN_POINT('',(0.,1.59));
#6398 = VECTOR('',#6399,1.);
#6399 = DIRECTION('',(1.,0.));
#6400 = ( GEOMETRIC_REPRESENTATION_CONTEXT(2) 
PARAMETRIC_REPRESENTATION_CONTEXT() REPRESENTATION_CONTEXT('2D SPACE',''
  ) );
#6401 = ORIENTED_EDGE('',*,*,#6258,.T.);
#6402 = ORIENTED_EDGE('',*,*,#2477,.T.);
#6403 = ORIENTED_EDGE('',*,*,#6356,.F.);
#6404 = ADVANCED_FACE('',(#6405),#2851,.T.);
#6405 = FACE_BOUND('',#6406,.T.);
#6406 = EDGE_LOOP('',(#6407,#6408,#6409,#6410));
#6407 = ORIENTED_EDGE('',*,*,#2837,.F.);
#6408 = ORIENTED_EDGE('',*,*,#2868,.T.);
#6409 = ORIENTED_EDGE('',*,*,#2940,.T.);
#6410 = ORIENTED_EDGE('',*,*,#2966,.F.);
#6411 = ADVANCED_FACE('',(#6412),#3052,.T.);
#6412 = FACE_BOUND('',#6413,.T.);
#6413 = EDGE_LOOP('',(#6414,#6415,#6416,#6417));
#6414 = ORIENTED_EDGE('',*,*,#3038,.F.);
#6415 = ORIENTED_EDGE('',*,*,#3069,.T.);
#6416 = ORIENTED_EDGE('',*,*,#3141,.T.);
#6417 = ORIENTED_EDGE('',*,*,#3167,.F.);
#6418 = ADVANCED_FACE('',(#6419),#3253,.T.);
#6419 = FACE_BOUND('',#6420,.T.);
#6420 = EDGE_LOOP('',(#6421,#6422,#6423,#6424));
#6421 = ORIENTED_EDGE('',*,*,#3239,.F.);
#6422 = ORIENTED_EDGE('',*,*,#3270,.T.);
#6423 = ORIENTED_EDGE('',*,*,#3342,.T.);
#6424 = ORIENTED_EDGE('',*,*,#3368,.F.);
#6425 = ADVANCED_FACE('',(#6426),#3454,.T.);
#6426 = FACE_BOUND('',#6427,.T.);
#6427 = EDGE_LOOP('',(#6428,#6429,#6430,#6431));
#6428 = ORIENTED_EDGE('',*,*,#3440,.F.);
#6429 = ORIENTED_EDGE('',*,*,#3471,.T.);
#6430 = ORIENTED_EDGE('',*,*,#3543,.T.);
#6431 = ORIENTED_EDGE('',*,*,#3569,.F.);
#6432 = ADVANCED_FACE('',(#6433),#3655,.T.);
#6433 = FACE_BOUND('',#6434,.T.);
#6434 = EDGE_LOOP('',(#6435,#6436,#6437,#6438));
#6435 = ORIENTED_EDGE('',*,*,#3641,.F.);
#6436 = ORIENTED_EDGE('',*,*,#3672,.T.);
#6437 = ORIENTED_EDGE('',*,*,#3744,.T.);
#6438 = ORIENTED_EDGE('',*,*,#3770,.F.);
#6439 = ADVANCED_FACE('',(#6440),#3856,.T.);
#6440 = FACE_BOUND('',#6441,.T.);
#6441 = EDGE_LOOP('',(#6442,#6443,#6444,#6445));
#6442 = ORIENTED_EDGE('',*,*,#3842,.F.);
#6443 = ORIENTED_EDGE('',*,*,#3873,.T.);
#6444 = ORIENTED_EDGE('',*,*,#3945,.T.);
#6445 = ORIENTED_EDGE('',*,*,#3971,.F.);
#6446 = ADVANCED_FACE('',(#6447),#4057,.T.);
#6447 = FACE_BOUND('',#6448,.T.);
#6448 = EDGE_LOOP('',(#6449,#6450,#6451,#6452));
#6449 = ORIENTED_EDGE('',*,*,#4043,.F.);
#6450 = ORIENTED_EDGE('',*,*,#4074,.T.);
#6451 = ORIENTED_EDGE('',*,*,#4146,.T.);
#6452 = ORIENTED_EDGE('',*,*,#4172,.F.);
#6453 = ADVANCED_FACE('',(#6454),#4258,.T.);
#6454 = FACE_BOUND('',#6455,.T.);
#6455 = EDGE_LOOP('',(#6456,#6457,#6458,#6459));
#6456 = ORIENTED_EDGE('',*,*,#4244,.F.);
#6457 = ORIENTED_EDGE('',*,*,#4275,.T.);
#6458 = ORIENTED_EDGE('',*,*,#4347,.T.);
#6459 = ORIENTED_EDGE('',*,*,#4373,.F.);
#6460 = ADVANCED_FACE('',(#6461),#4459,.T.);
#6461 = FACE_BOUND('',#6462,.T.);
#6462 = EDGE_LOOP('',(#6463,#6464,#6465,#6466));
#6463 = ORIENTED_EDGE('',*,*,#4445,.F.);
#6464 = ORIENTED_EDGE('',*,*,#4476,.T.);
#6465 = ORIENTED_EDGE('',*,*,#4548,.T.);
#6466 = ORIENTED_EDGE('',*,*,#4574,.F.);
#6467 = ADVANCED_FACE('',(#6468),#4638,.F.);
#6468 = FACE_BOUND('',#6469,.F.);
#6469 = EDGE_LOOP('',(#6470,#6471,#6472,#6473));
#6470 = ORIENTED_EDGE('',*,*,#4622,.F.);
#6471 = ORIENTED_EDGE('',*,*,#4675,.T.);
#6472 = ORIENTED_EDGE('',*,*,#4725,.T.);
#6473 = ORIENTED_EDGE('',*,*,#4773,.F.);
#6474 = ADVANCED_FACE('',(#6475),#4839,.F.);
#6475 = FACE_BOUND('',#6476,.F.);
#6476 = EDGE_LOOP('',(#6477,#6478,#6479,#6480));
#6477 = ORIENTED_EDGE('',*,*,#4823,.F.);
#6478 = ORIENTED_EDGE('',*,*,#4876,.T.);
#6479 = ORIENTED_EDGE('',*,*,#4926,.T.);
#6480 = ORIENTED_EDGE('',*,*,#4974,.F.);
#6481 = ADVANCED_FACE('',(#6482),#5040,.F.);
#6482 = FACE_BOUND('',#6483,.F.);
#6483 = EDGE_LOOP('',(#6484,#6485,#6486,#6487));
#6484 = ORIENTED_EDGE('',*,*,#5024,.F.);
#6485 = ORIENTED_EDGE('',*,*,#5077,.T.);
#6486 = ORIENTED_EDGE('',*,*,#5127,.T.);
#6487 = ORIENTED_EDGE('',*,*,#5175,.F.);
#6488 = ADVANCED_FACE('',(#6489),#5241,.F.);
#6489 = FACE_BOUND('',#6490,.F.);
#6490 = EDGE_LOOP('',(#6491,#6492,#6493,#6494));
#6491 = ORIENTED_EDGE('',*,*,#5225,.F.);
#6492 = ORIENTED_EDGE('',*,*,#5278,.T.);
#6493 = ORIENTED_EDGE('',*,*,#5328,.T.);
#6494 = ORIENTED_EDGE('',*,*,#5376,.F.);
#6495 = ADVANCED_FACE('',(#6496),#5442,.F.);
#6496 = FACE_BOUND('',#6497,.F.);
#6497 = EDGE_LOOP('',(#6498,#6499,#6500,#6501));
#6498 = ORIENTED_EDGE('',*,*,#5426,.F.);
#6499 = ORIENTED_EDGE('',*,*,#5479,.T.);
#6500 = ORIENTED_EDGE('',*,*,#5529,.T.);
#6501 = ORIENTED_EDGE('',*,*,#5577,.F.);
#6502 = ADVANCED_FACE('',(#6503),#5643,.F.);
#6503 = FACE_BOUND('',#6504,.F.);
#6504 = EDGE_LOOP('',(#6505,#6506,#6507,#6508));
#6505 = ORIENTED_EDGE('',*,*,#5627,.F.);
#6506 = ORIENTED_EDGE('',*,*,#5680,.T.);
#6507 = ORIENTED_EDGE('',*,*,#5730,.T.);
#6508 = ORIENTED_EDGE('',*,*,#5778,.F.);
#6509 = ADVANCED_FACE('',(#6510),#5844,.F.);
#6510 = FACE_BOUND('',#6511,.F.);
#6511 = EDGE_LOOP('',(#6512,#6513,#6514,#6515));
#6512 = ORIENTED_EDGE('',*,*,#5828,.F.);
#6513 = ORIENTED_EDGE('',*,*,#5881,.T.);
#6514 = ORIENTED_EDGE('',*,*,#5931,.T.);
#6515 = ORIENTED_EDGE('',*,*,#5979,.F.);
#6516 = ADVANCED_FACE('',(#6517),#6045,.F.);
#6517 = FACE_BOUND('',#6518,.F.);
#6518 = EDGE_LOOP('',(#6519,#6520,#6521,#6522));
#6519 = ORIENTED_EDGE('',*,*,#6029,.F.);
#6520 = ORIENTED_EDGE('',*,*,#6082,.T.);
#6521 = ORIENTED_EDGE('',*,*,#6132,.T.);
#6522 = ORIENTED_EDGE('',*,*,#6180,.F.);
#6523 = ADVANCED_FACE('',(#6524),#6246,.F.);
#6524 = FACE_BOUND('',#6525,.F.);
#6525 = EDGE_LOOP('',(#6526,#6527,#6528,#6529));
#6526 = ORIENTED_EDGE('',*,*,#6230,.F.);
#6527 = ORIENTED_EDGE('',*,*,#6283,.T.);
#6528 = ORIENTED_EDGE('',*,*,#6333,.T.);
#6529 = ORIENTED_EDGE('',*,*,#6381,.F.);
#6530 = ( GEOMETRIC_REPRESENTATION_CONTEXT(3) 
GLOBAL_UNCERTAINTY_ASSIGNED_CONTEXT((#6534)) 
GLOBAL_UNIT_ASSIGNED_CONTEXT((#6531,#6532,#6533)) REPRESENTATION_CONTEXT
('Context #1','3D Context with UNIT and UNCERTAINTY') );
#6531 = ( LENGTH_UNIT() NAMED_UNIT(*) SI_UNIT(.MILLI.,.METRE.) );
#6532 = ( NAMED_UNIT(*) PLANE_ANGLE_UNIT() SI_UNIT($,.RADIAN.) );
#6533 = ( NAMED_UNIT(*) SI_UNIT($,.STERADIAN.) SOLID_ANGLE_UNIT() );
#6534 = UNCERTAINTY_MEASURE_WITH_UNIT(LENGTH_MEASURE(1.E-07),#6531,
  'distance_accuracy_value','confusion accuracy');
#6535 = CONTEXT_DEPENDENT_SHAPE_REPRESENTATION(#6536,#6538);
#6536 = ( REPRESENTATION_RELATIONSHIP('','',#103,#36) 
REPRESENTATION_RELATIONSHIP_WITH_TRANSFORMATION(#6537) 
SHAPE_REPRESENTATION_RELATIONSHIP() );
#6537 = ITEM_DEFINED_TRANSFORMATION('','',#11,#37);
#6538 = PRODUCT_DEFINITION_SHAPE('Placement','Placement of an item',
  #6539);
#6539 = NEXT_ASSEMBLY_USAGE_OCCURRENCE('1','=>[0:1:1:3]','',#31,#98,$);
#6540 = PRODUCT_RELATED_PRODUCT_CATEGORY('part',$,(#100));
#6541 = SHAPE_DEFINITION_REPRESENTATION(#6542,#6548);
#6542 = PRODUCT_DEFINITION_SHAPE('','',#6543);
#6543 = PRODUCT_DEFINITION('design','',#6544,#6547);
#6544 = PRODUCT_DEFINITION_FORMATION('','',#6545);
#6545 = PRODUCT('COMPOUND','COMPOUND','',(#6546));
#6546 = PRODUCT_CONTEXT('',#2,'mechanical');
#6547 = PRODUCT_DEFINITION_CONTEXT('part definition',#2,'design');
#6548 = ADVANCED_BREP_SHAPE_REPRESENTATION('',(#11,#6549),#6879);
#6549 = MANIFOLD_SOLID_BREP('',#6550);
#6550 = CLOSED_SHELL('',(#6551,#6671,#6771,#6818,#6865,#6872));
#6551 = ADVANCED_FACE('',(#6552),#6566,.F.);
#6552 = FACE_BOUND('',#6553,.F.);
#6553 = EDGE_LOOP('',(#6554,#6589,#6617,#6645));
#6554 = ORIENTED_EDGE('',*,*,#6555,.F.);
#6555 = EDGE_CURVE('',#6556,#6558,#6560,.T.);
#6556 = VERTEX_POINT('',#6557);
#6557 = CARTESIAN_POINT('',(-127.175,-72.725,-19.8525));
#6558 = VERTEX_POINT('',#6559);
#6559 = CARTESIAN_POINT('',(-127.175,-72.725,19.8525));
#6560 = SURFACE_CURVE('',#6561,(#6565,#6577),.PCURVE_S1.);
#6561 = LINE('',#6562,#6563);
#6562 = CARTESIAN_POINT('',(-127.175,-72.725,-19.8525));
#6563 = VECTOR('',#6564,1.);
#6564 = DIRECTION('',(0.,0.,1.));
#6565 = PCURVE('',#6566,#6571);
#6566 = PLANE('',#6567);
#6567 = AXIS2_PLACEMENT_3D('',#6568,#6569,#6570);
#6568 = CARTESIAN_POINT('',(-127.175,-72.725,-19.8525));
#6569 = DIRECTION('',(1.,0.,-0.));
#6570 = DIRECTION('',(0.,0.,1.));
#6571 = DEFINITIONAL_REPRESENTATION('',(#6572),#6576);
#6572 = LINE('',#6573,#6574);
#6573 = CARTESIAN_POINT('',(0.,0.));
#6574 = VECTOR('',#6575,1.);
#6575 = DIRECTION('',(1.,0.));
#6576 = ( GEOMETRIC_REPRESENTATION_CONTEXT(2) 
PARAMETRIC_REPRESENTATION_CONTEXT() REPRESENTATION_CONTEXT('2D SPACE',''
  ) );
#6577 = PCURVE('',#6578,#6583);
#6578 = PLANE('',#6579);
#6579 = AXIS2_PLACEMENT_3D('',#6580,#6581,#6582);
#6580 = CARTESIAN_POINT('',(-127.175,-72.725,-19.8525));
#6581 = DIRECTION('',(-0.,1.,0.));
#6582 = DIRECTION('',(0.,0.,1.));
#6583 = DEFINITIONAL_REPRESENTATION('',(#6584),#6588);
#6584 = LINE('',#6585,#6586);
#6585 = CARTESIAN_POINT('',(0.,0.));
#6586 = VECTOR('',#6587,1.);
#6587 = DIRECTION('',(1.,0.));
#6588 = ( GEOMETRIC_REPRESENTATION_CONTEXT(2) 
PARAMETRIC_REPRESENTATION_CONTEXT() REPRESENTATION_CONTEXT('2D SPACE',''
  ) );
#6589 = ORIENTED_EDGE('',*,*,#6590,.T.);
#6590 = EDGE_CURVE('',#6556,#6591,#6593,.T.);
#6591 = VERTEX_POINT('',#6592);
#6592 = CARTESIAN_POINT('',(-127.175,72.725,-19.8525));
#6593 = SURFACE_CURVE('',#6594,(#6598,#6605),.PCURVE_S1.);
#6594 = LINE('',#6595,#6596);
#6595 = CARTESIAN_POINT('',(-127.175,-72.725,-19.8525));
#6596 = VECTOR('',#6597,1.);
#6597 = DIRECTION('',(-0.,1.,0.));
#6598 = PCURVE('',#6566,#6599);
#6599 = DEFINITIONAL_REPRESENTATION('',(#6600),#6604);
#6600 = LINE('',#6601,#6602);
#6601 = CARTESIAN_POINT('',(0.,0.));
#6602 = VECTOR('',#6603,1.);
#6603 = DIRECTION('',(0.,-1.));
#6604 = ( GEOMETRIC_REPRESENTATION_CONTEXT(2) 
PARAMETRIC_REPRESENTATION_CONTEXT() REPRESENTATION_CONTEXT('2D SPACE',''
  ) );
#6605 = PCURVE('',#6606,#6611);
#6606 = PLANE('',#6607);
#6607 = AXIS2_PLACEMENT_3D('',#6608,#6609,#6610);
#6608 = CARTESIAN_POINT('',(-127.175,-72.725,-19.8525));
#6609 = DIRECTION('',(0.,0.,1.));
#6610 = DIRECTION('',(1.,0.,-0.));
#6611 = DEFINITIONAL_REPRESENTATION('',(#6612),#6616);
#6612 = LINE('',#6613,#6614);
#6613 = CARTESIAN_POINT('',(0.,0.));
#6614 = VECTOR('',#6615,1.);
#6615 = DIRECTION('',(0.,1.));
#6616 = ( GEOMETRIC_REPRESENTATION_CONTEXT(2) 
PARAMETRIC_REPRESENTATION_CONTEXT() REPRESENTATION_CONTEXT('2D SPACE',''
  ) );
#6617 = ORIENTED_EDGE('',*,*,#6618,.T.);
#6618 = EDGE_CURVE('',#6591,#6619,#6621,.T.);
#6619 = VERTEX_POINT('',#6620);
#6620 = CARTESIAN_POINT('',(-127.175,72.725,19.8525));
#6621 = SURFACE_CURVE('',#6622,(#6626,#6633),.PCURVE_S1.);
#6622 = LINE('',#6623,#6624);
#6623 = CARTESIAN_POINT('',(-127.175,72.725,-19.8525));
#6624 = VECTOR('',#6625,1.);
#6625 = DIRECTION('',(0.,0.,1.));
#6626 = PCURVE('',#6566,#6627);
#6627 = DEFINITIONAL_REPRESENTATION('',(#6628),#6632);
#6628 = LINE('',#6629,#6630);
#6629 = CARTESIAN_POINT('',(0.,-145.45));
#6630 = VECTOR('',#6631,1.);
#6631 = DIRECTION('',(1.,0.));
#6632 = ( GEOMETRIC_REPRESENTATION_CONTEXT(2) 
PARAMETRIC_REPRESENTATION_CONTEXT() REPRESENTATION_CONTEXT('2D SPACE',''
  ) );
#6633 = PCURVE('',#6634,#6639);
#6634 = PLANE('',#6635);
#6635 = AXIS2_PLACEMENT_3D('',#6636,#6637,#6638);
#6636 = CARTESIAN_POINT('',(-127.175,72.725,-19.8525));
#6637 = DIRECTION('',(-0.,1.,0.));
#6638 = DIRECTION('',(0.,0.,1.));
#6639 = DEFINITIONAL_REPRESENTATION('',(#6640),#6644);
#6640 = LINE('',#6641,#6642);
#6641 = CARTESIAN_POINT('',(0.,0.));
#6642 = VECTOR('',#6643,1.);
#6643 = DIRECTION('',(1.,0.));
#6644 = ( GEOMETRIC_REPRESENTATION_CONTEXT(2) 
PARAMETRIC_REPRESENTATION_CONTEXT() REPRESENTATION_CONTEXT('2D SPACE',''
  ) );
#6645 = ORIENTED_EDGE('',*,*,#6646,.F.);
#6646 = EDGE_CURVE('',#6558,#6619,#6647,.T.);
#6647 = SURFACE_CURVE('',#6648,(#6652,#6659),.PCURVE_S1.);
#6648 = LINE('',#6649,#6650);
#6649 = CARTESIAN_POINT('',(-127.175,-72.725,19.8525));
#6650 = VECTOR('',#6651,1.);
#6651 = DIRECTION('',(-0.,1.,0.));
#6652 = PCURVE('',#6566,#6653);
#6653 = DEFINITIONAL_REPRESENTATION('',(#6654),#6658);
#6654 = LINE('',#6655,#6656);
#6655 = CARTESIAN_POINT('',(39.705,0.));
#6656 = VECTOR('',#6657,1.);
#6657 = DIRECTION('',(0.,-1.));
#6658 = ( GEOMETRIC_REPRESENTATION_CONTEXT(2) 
PARAMETRIC_REPRESENTATION_CONTEXT() REPRESENTATION_CONTEXT('2D SPACE',''
  ) );
#6659 = PCURVE('',#6660,#6665);
#6660 = PLANE('',#6661);
#6661 = AXIS2_PLACEMENT_3D('',#6662,#6663,#6664);
#6662 = CARTESIAN_POINT('',(-127.175,-72.725,19.8525));
#6663 = DIRECTION('',(0.,0.,1.));
#6664 = DIRECTION('',(1.,0.,-0.));
#6665 = DEFINITIONAL_REPRESENTATION('',(#6666),#6670);
#6666 = LINE('',#6667,#6668);
#6667 = CARTESIAN_POINT('',(0.,0.));
#6668 = VECTOR('',#6669,1.);
#6669 = DIRECTION('',(0.,1.));
#6670 = ( GEOMETRIC_REPRESENTATION_CONTEXT(2) 
PARAMETRIC_REPRESENTATION_CONTEXT() REPRESENTATION_CONTEXT('2D SPACE',''
  ) );
#6671 = ADVANCED_FACE('',(#6672),#6686,.T.);
#6672 = FACE_BOUND('',#6673,.T.);
#6673 = EDGE_LOOP('',(#6674,#6704,#6727,#6750));
#6674 = ORIENTED_EDGE('',*,*,#6675,.F.);
#6675 = EDGE_CURVE('',#6676,#6678,#6680,.T.);
#6676 = VERTEX_POINT('',#6677);
#6677 = CARTESIAN_POINT('',(127.175,-72.725,-19.8525));
#6678 = VERTEX_POINT('',#6679);
#6679 = CARTESIAN_POINT('',(127.175,-72.725,19.8525));
#6680 = SURFACE_CURVE('',#6681,(#6685,#6697),.PCURVE_S1.);
#6681 = LINE('',#6682,#6683);
#6682 = CARTESIAN_POINT('',(127.175,-72.725,-19.8525));
#6683 = VECTOR('',#6684,1.);
#6684 = DIRECTION('',(0.,0.,1.));
#6685 = PCURVE('',#6686,#6691);
#6686 = PLANE('',#6687);
#6687 = AXIS2_PLACEMENT_3D('',#6688,#6689,#6690);
#6688 = CARTESIAN_POINT('',(127.175,-72.725,-19.8525));
#6689 = DIRECTION('',(1.,0.,-0.));
#6690 = DIRECTION('',(0.,0.,1.));
#6691 = DEFINITIONAL_REPRESENTATION('',(#6692),#6696);
#6692 = LINE('',#6693,#6694);
#6693 = CARTESIAN_POINT('',(0.,0.));
#6694 = VECTOR('',#6695,1.);
#6695 = DIRECTION('',(1.,0.));
#6696 = ( GEOMETRIC_REPRESENTATION_CONTEXT(2) 
PARAMETRIC_REPRESENTATION_CONTEXT() REPRESENTATION_CONTEXT('2D SPACE',''
  ) );
#6697 = PCURVE('',#6578,#6698);
#6698 = DEFINITIONAL_REPRESENTATION('',(#6699),#6703);
#6699 = LINE('',#6700,#6701);
#6700 = CARTESIAN_POINT('',(0.,254.35));
#6701 = VECTOR('',#6702,1.);
#6702 = DIRECTION('',(1.,0.));
#6703 = ( GEOMETRIC_REPRESENTATION_CONTEXT(2) 
PARAMETRIC_REPRESENTATION_CONTEXT() REPRESENTATION_CONTEXT('2D SPACE',''
  ) );
#6704 = ORIENTED_EDGE('',*,*,#6705,.T.);
#6705 = EDGE_CURVE('',#6676,#6706,#6708,.T.);
#6706 = VERTEX_POINT('',#6707);
#6707 = CARTESIAN_POINT('',(127.175,72.725,-19.8525));
#6708 = SURFACE_CURVE('',#6709,(#6713,#6720),.PCURVE_S1.);
#6709 = LINE('',#6710,#6711);
#6710 = CARTESIAN_POINT('',(127.175,-72.725,-19.8525));
#6711 = VECTOR('',#6712,1.);
#6712 = DIRECTION('',(-0.,1.,0.));
#6713 = PCURVE('',#6686,#6714);
#6714 = DEFINITIONAL_REPRESENTATION('',(#6715),#6719);
#6715 = LINE('',#6716,#6717);
#6716 = CARTESIAN_POINT('',(0.,0.));
#6717 = VECTOR('',#6718,1.);
#6718 = DIRECTION('',(0.,-1.));
#6719 = ( GEOMETRIC_REPRESENTATION_CONTEXT(2) 
PARAMETRIC_REPRESENTATION_CONTEXT() REPRESENTATION_CONTEXT('2D SPACE',''
  ) );
#6720 = PCURVE('',#6606,#6721);
#6721 = DEFINITIONAL_REPRESENTATION('',(#6722),#6726);
#6722 = LINE('',#6723,#6724);
#6723 = CARTESIAN_POINT('',(254.35,0.));
#6724 = VECTOR('',#6725,1.);
#6725 = DIRECTION('',(0.,1.));
#6726 = ( GEOMETRIC_REPRESENTATION_CONTEXT(2) 
PARAMETRIC_REPRESENTATION_CONTEXT() REPRESENTATION_CONTEXT('2D SPACE',''
  ) );
#6727 = ORIENTED_EDGE('',*,*,#6728,.T.);
#6728 = EDGE_CURVE('',#6706,#6729,#6731,.T.);
#6729 = VERTEX_POINT('',#6730);
#6730 = CARTESIAN_POINT('',(127.175,72.725,19.8525));
#6731 = SURFACE_CURVE('',#6732,(#6736,#6743),.PCURVE_S1.);
#6732 = LINE('',#6733,#6734);
#6733 = CARTESIAN_POINT('',(127.175,72.725,-19.8525));
#6734 = VECTOR('',#6735,1.);
#6735 = DIRECTION('',(0.,0.,1.));
#6736 = PCURVE('',#6686,#6737);
#6737 = DEFINITIONAL_REPRESENTATION('',(#6738),#6742);
#6738 = LINE('',#6739,#6740);
#6739 = CARTESIAN_POINT('',(0.,-145.45));
#6740 = VECTOR('',#6741,1.);
#6741 = DIRECTION('',(1.,0.));
#6742 = ( GEOMETRIC_REPRESENTATION_CONTEXT(2) 
PARAMETRIC_REPRESENTATION_CONTEXT() REPRESENTATION_CONTEXT('2D SPACE',''
  ) );
#6743 = PCURVE('',#6634,#6744);
#6744 = DEFINITIONAL_REPRESENTATION('',(#6745),#6749);
#6745 = LINE('',#6746,#6747);
#6746 = CARTESIAN_POINT('',(0.,254.35));
#6747 = VECTOR('',#6748,1.);
#6748 = DIRECTION('',(1.,0.));
#6749 = ( GEOMETRIC_REPRESENTATION_CONTEXT(2) 
PARAMETRIC_REPRESENTATION_CONTEXT() REPRESENTATION_CONTEXT('2D SPACE',''
  ) );
#6750 = ORIENTED_EDGE('',*,*,#6751,.F.);
#6751 = EDGE_CURVE('',#6678,#6729,#6752,.T.);
#6752 = SURFACE_CURVE('',#6753,(#6757,#6764),.PCURVE_S1.);
#6753 = LINE('',#6754,#6755);
#6754 = CARTESIAN_POINT('',(127.175,-72.725,19.8525));
#6755 = VECTOR('',#6756,1.);
#6756 = DIRECTION('',(-0.,1.,0.));
#6757 = PCURVE('',#6686,#6758);
#6758 = DEFINITIONAL_REPRESENTATION('',(#6759),#6763);
#6759 = LINE('',#6760,#6761);
#6760 = CARTESIAN_POINT('',(39.705,0.));
#6761 = VECTOR('',#6762,1.);
#6762 = DIRECTION('',(0.,-1.));
#6763 = ( GEOMETRIC_REPRESENTATION_CONTEXT(2) 
PARAMETRIC_REPRESENTATION_CONTEXT() REPRESENTATION_CONTEXT('2D SPACE',''
  ) );
#6764 = PCURVE('',#6660,#6765);
#6765 = DEFINITIONAL_REPRESENTATION('',(#6766),#6770);
#6766 = LINE('',#6767,#6768);
#6767 = CARTESIAN_POINT('',(254.35,0.));
#6768 = VECTOR('',#6769,1.);
#6769 = DIRECTION('',(0.,1.));
#6770 = ( GEOMETRIC_REPRESENTATION_CONTEXT(2) 
PARAMETRIC_REPRESENTATION_CONTEXT() REPRESENTATION_CONTEXT('2D SPACE',''
  ) );
#6771 = ADVANCED_FACE('',(#6772),#6578,.F.);
#6772 = FACE_BOUND('',#6773,.F.);
#6773 = EDGE_LOOP('',(#6774,#6795,#6796,#6817));
#6774 = ORIENTED_EDGE('',*,*,#6775,.F.);
#6775 = EDGE_CURVE('',#6556,#6676,#6776,.T.);
#6776 = SURFACE_CURVE('',#6777,(#6781,#6788),.PCURVE_S1.);
#6777 = LINE('',#6778,#6779);
#6778 = CARTESIAN_POINT('',(-127.175,-72.725,-19.8525));
#6779 = VECTOR('',#6780,1.);
#6780 = DIRECTION('',(1.,0.,-0.));
#6781 = PCURVE('',#6578,#6782);
#6782 = DEFINITIONAL_REPRESENTATION('',(#6783),#6787);
#6783 = LINE('',#6784,#6785);
#6784 = CARTESIAN_POINT('',(0.,0.));
#6785 = VECTOR('',#6786,1.);
#6786 = DIRECTION('',(0.,1.));
#6787 = ( GEOMETRIC_REPRESENTATION_CONTEXT(2) 
PARAMETRIC_REPRESENTATION_CONTEXT() REPRESENTATION_CONTEXT('2D SPACE',''
  ) );
#6788 = PCURVE('',#6606,#6789);
#6789 = DEFINITIONAL_REPRESENTATION('',(#6790),#6794);
#6790 = LINE('',#6791,#6792);
#6791 = CARTESIAN_POINT('',(0.,0.));
#6792 = VECTOR('',#6793,1.);
#6793 = DIRECTION('',(1.,0.));
#6794 = ( GEOMETRIC_REPRESENTATION_CONTEXT(2) 
PARAMETRIC_REPRESENTATION_CONTEXT() REPRESENTATION_CONTEXT('2D SPACE',''
  ) );
#6795 = ORIENTED_EDGE('',*,*,#6555,.T.);
#6796 = ORIENTED_EDGE('',*,*,#6797,.T.);
#6797 = EDGE_CURVE('',#6558,#6678,#6798,.T.);
#6798 = SURFACE_CURVE('',#6799,(#6803,#6810),.PCURVE_S1.);
#6799 = LINE('',#6800,#6801);
#6800 = CARTESIAN_POINT('',(-127.175,-72.725,19.8525));
#6801 = VECTOR('',#6802,1.);
#6802 = DIRECTION('',(1.,0.,-0.));
#6803 = PCURVE('',#6578,#6804);
#6804 = DEFINITIONAL_REPRESENTATION('',(#6805),#6809);
#6805 = LINE('',#6806,#6807);
#6806 = CARTESIAN_POINT('',(39.705,0.));
#6807 = VECTOR('',#6808,1.);
#6808 = DIRECTION('',(0.,1.));
#6809 = ( GEOMETRIC_REPRESENTATION_CONTEXT(2) 
PARAMETRIC_REPRESENTATION_CONTEXT() REPRESENTATION_CONTEXT('2D SPACE',''
  ) );
#6810 = PCURVE('',#6660,#6811);
#6811 = DEFINITIONAL_REPRESENTATION('',(#6812),#6816);
#6812 = LINE('',#6813,#6814);
#6813 = CARTESIAN_POINT('',(0.,0.));
#6814 = VECTOR('',#6815,1.);
#6815 = DIRECTION('',(1.,0.));
#6816 = ( GEOMETRIC_REPRESENTATION_CONTEXT(2) 
PARAMETRIC_REPRESENTATION_CONTEXT() REPRESENTATION_CONTEXT('2D SPACE',''
  ) );
#6817 = ORIENTED_EDGE('',*,*,#6675,.F.);
#6818 = ADVANCED_FACE('',(#6819),#6634,.T.);
#6819 = FACE_BOUND('',#6820,.T.);
#6820 = EDGE_LOOP('',(#6821,#6842,#6843,#6864));
#6821 = ORIENTED_EDGE('',*,*,#6822,.F.);
#6822 = EDGE_CURVE('',#6591,#6706,#6823,.T.);
#6823 = SURFACE_CURVE('',#6824,(#6828,#6835),.PCURVE_S1.);
#6824 = LINE('',#6825,#6826);
#6825 = CARTESIAN_POINT('',(-127.175,72.725,-19.8525));
#6826 = VECTOR('',#6827,1.);
#6827 = DIRECTION('',(1.,0.,-0.));
#6828 = PCURVE('',#6634,#6829);
#6829 = DEFINITIONAL_REPRESENTATION('',(#6830),#6834);
#6830 = LINE('',#6831,#6832);
#6831 = CARTESIAN_POINT('',(0.,0.));
#6832 = VECTOR('',#6833,1.);
#6833 = DIRECTION('',(0.,1.));
#6834 = ( GEOMETRIC_REPRESENTATION_CONTEXT(2) 
PARAMETRIC_REPRESENTATION_CONTEXT() REPRESENTATION_CONTEXT('2D SPACE',''
  ) );
#6835 = PCURVE('',#6606,#6836);
#6836 = DEFINITIONAL_REPRESENTATION('',(#6837),#6841);
#6837 = LINE('',#6838,#6839);
#6838 = CARTESIAN_POINT('',(0.,145.45));
#6839 = VECTOR('',#6840,1.);
#6840 = DIRECTION('',(1.,0.));
#6841 = ( GEOMETRIC_REPRESENTATION_CONTEXT(2) 
PARAMETRIC_REPRESENTATION_CONTEXT() REPRESENTATION_CONTEXT('2D SPACE',''
  ) );
#6842 = ORIENTED_EDGE('',*,*,#6618,.T.);
#6843 = ORIENTED_EDGE('',*,*,#6844,.T.);
#6844 = EDGE_CURVE('',#6619,#6729,#6845,.T.);
#6845 = SURFACE_CURVE('',#6846,(#6850,#6857),.PCURVE_S1.);
#6846 = LINE('',#6847,#6848);
#6847 = CARTESIAN_POINT('',(-127.175,72.725,19.8525));
#6848 = VECTOR('',#6849,1.);
#6849 = DIRECTION('',(1.,0.,-0.));
#6850 = PCURVE('',#6634,#6851);
#6851 = DEFINITIONAL_REPRESENTATION('',(#6852),#6856);
#6852 = LINE('',#6853,#6854);
#6853 = CARTESIAN_POINT('',(39.705,0.));
#6854 = VECTOR('',#6855,1.);
#6855 = DIRECTION('',(0.,1.));
#6856 = ( GEOMETRIC_REPRESENTATION_CONTEXT(2) 
PARAMETRIC_REPRESENTATION_CONTEXT() REPRESENTATION_CONTEXT('2D SPACE',''
  ) );
#6857 = PCURVE('',#6660,#6858);
#6858 = DEFINITIONAL_REPRESENTATION('',(#6859),#6863);
#6859 = LINE('',#6860,#6861);
#6860 = CARTESIAN_POINT('',(0.,145.45));
#6861 = VECTOR('',#6862,1.);
#6862 = DIRECTION('',(1.,0.));
#6863 = ( GEOMETRIC_REPRESENTATION_CONTEXT(2) 
PARAMETRIC_REPRESENTATION_CONTEXT() REPRESENTATION_CONTEXT('2D SPACE',''
  ) );
#6864 = ORIENTED_EDGE('',*,*,#6728,.F.);
#6865 = ADVANCED_FACE('',(#6866),#6606,.F.);
#6866 = FACE_BOUND('',#6867,.F.);
#6867 = EDGE_LOOP('',(#6868,#6869,#6870,#6871));
#6868 = ORIENTED_EDGE('',*,*,#6590,.F.);
#6869 = ORIENTED_EDGE('',*,*,#6775,.T.);
#6870 = ORIENTED_EDGE('',*,*,#6705,.T.);
#6871 = ORIENTED_EDGE('',*,*,#6822,.F.);
#6872 = ADVANCED_FACE('',(#6873),#6660,.T.);
#6873 = FACE_BOUND('',#6874,.T.);
#6874 = EDGE_LOOP('',(#6875,#6876,#6877,#6878));
#6875 = ORIENTED_EDGE('',*,*,#6646,.F.);
#6876 = ORIENTED_EDGE('',*,*,#6797,.T.);
#6877 = ORIENTED_EDGE('',*,*,#6751,.T.);
#6878 = ORIENTED_EDGE('',*,*,#6844,.F.);
#6879 = ( GEOMETRIC_REPRESENTATION_CONTEXT(3) 
GLOBAL_UNCERTAINTY_ASSIGNED_CONTEXT((#6883)) 
GLOBAL_UNIT_ASSIGNED_CONTEXT((#6880,#6881,#6882)) REPRESENTATION_CONTEXT
('Context #1','3D Context with UNIT and UNCERTAINTY') );
#6880 = ( LENGTH_UNIT() NAMED_UNIT(*) SI_UNIT(.MILLI.,.METRE.) );
#6881 = ( NAMED_UNIT(*) PLANE_ANGLE_UNIT() SI_UNIT($,.RADIAN.) );
#6882 = ( NAMED_UNIT(*) SI_UNIT($,.STERADIAN.) SOLID_ANGLE_UNIT() );
#6883 = UNCERTAINTY_MEASURE_WITH_UNIT(LENGTH_MEASURE(1.E-07),#6880,
  'distance_accuracy_value','confusion accuracy');
#6884 = CONTEXT_DEPENDENT_SHAPE_REPRESENTATION(#6885,#6887);
#6885 = ( REPRESENTATION_RELATIONSHIP('','',#6548,#36) 
REPRESENTATION_RELATIONSHIP_WITH_TRANSFORMATION(#6886) 
SHAPE_REPRESENTATION_RELATIONSHIP() );
#6886 = ITEM_DEFINED_TRANSFORMATION('','',#11,#41);
#6887 = PRODUCT_DEFINITION_SHAPE('Placement','Placement of an item',
  #6888);
#6888 = NEXT_ASSEMBLY_USAGE_OCCURRENCE('2','=>[0:1:1:4]','',#31,#6543,$
  );
#6889 = PRODUCT_RELATED_PRODUCT_CATEGORY('part',$,(#6545));
#6890 = SHAPE_DEFINITION_REPRESENTATION(#6891,#6897);
#6891 = PRODUCT_DEFINITION_SHAPE('','',#6892);
#6892 = PRODUCT_DEFINITION('design','',#6893,#6896);
#6893 = PRODUCT_DEFINITION_FORMATION('','',#6894);
#6894 = PRODUCT('COMPOUND','COMPOUND','',(#6895));
#6895 = PRODUCT_CONTEXT('',#2,'mechanical');
#6896 = PRODUCT_DEFINITION_CONTEXT('part definition',#2,'design');
#6897 = ADVANCED_BREP_SHAPE_REPRESENTATION('',(#11,#6898),#8104);
#6898 = MANIFOLD_SOLID_BREP('',#6899);
#6899 = CLOSED_SHELL('',(#6900,#7051,#7127,#7176,#7225,#7252,#7414,#7552
    ,#7670,#7719,#7908,#7935,#7982,#7989,#7996,#8043,#8070,#8097));
#6900 = ADVANCED_FACE('',(#6901,#7020),#6915,.F.);
#6901 = FACE_BOUND('',#6902,.F.);
#6902 = EDGE_LOOP('',(#6903,#6938,#6966,#6994));
#6903 = ORIENTED_EDGE('',*,*,#6904,.F.);
#6904 = EDGE_CURVE('',#6905,#6907,#6909,.T.);
#6905 = VERTEX_POINT('',#6906);
#6906 = CARTESIAN_POINT('',(127.475,-72.825,11.225));
#6907 = VERTEX_POINT('',#6908);
#6908 = CARTESIAN_POINT('',(127.475,-72.825,55.275));
#6909 = SURFACE_CURVE('',#6910,(#6914,#6926),.PCURVE_S1.);
#6910 = LINE('',#6911,#6912);
#6911 = CARTESIAN_POINT('',(127.475,-72.825,11.225));
#6912 = VECTOR('',#6913,1.);
#6913 = DIRECTION('',(0.,0.,1.));
#6914 = PCURVE('',#6915,#6920);
#6915 = PLANE('',#6916);
#6916 = AXIS2_PLACEMENT_3D('',#6917,#6918,#6919);
#6917 = CARTESIAN_POINT('',(127.475,-72.825,11.225));
#6918 = DIRECTION('',(1.,0.,-0.));
#6919 = DIRECTION('',(0.,0.,1.));
#6920 = DEFINITIONAL_REPRESENTATION('',(#6921),#6925);
#6921 = LINE('',#6922,#6923);
#6922 = CARTESIAN_POINT('',(0.,0.));
#6923 = VECTOR('',#6924,1.);
#6924 = DIRECTION('',(1.,0.));
#6925 = ( GEOMETRIC_REPRESENTATION_CONTEXT(2) 
PARAMETRIC_REPRESENTATION_CONTEXT() REPRESENTATION_CONTEXT('2D SPACE',''
  ) );
#6926 = PCURVE('',#6927,#6932);
#6927 = PLANE('',#6928);
#6928 = AXIS2_PLACEMENT_3D('',#6929,#6930,#6931);
#6929 = CARTESIAN_POINT('',(127.475,-72.825,11.225));
#6930 = DIRECTION('',(-0.,1.,0.));
#6931 = DIRECTION('',(0.,0.,1.));
#6932 = DEFINITIONAL_REPRESENTATION('',(#6933),#6937);
#6933 = LINE('',#6934,#6935);
#6934 = CARTESIAN_POINT('',(0.,0.));
#6935 = VECTOR('',#6936,1.);
#6936 = DIRECTION('',(1.,0.));
#6937 = ( GEOMETRIC_REPRESENTATION_CONTEXT(2) 
PARAMETRIC_REPRESENTATION_CONTEXT() REPRESENTATION_CONTEXT('2D SPACE',''
  ) );
#6938 = ORIENTED_EDGE('',*,*,#6939,.T.);
#6939 = EDGE_CURVE('',#6905,#6940,#6942,.T.);
#6940 = VERTEX_POINT('',#6941);
#6941 = CARTESIAN_POINT('',(127.475,72.825,11.225));
#6942 = SURFACE_CURVE('',#6943,(#6947,#6954),.PCURVE_S1.);
#6943 = LINE('',#6944,#6945);
#6944 = CARTESIAN_POINT('',(127.475,-72.825,11.225));
#6945 = VECTOR('',#6946,1.);
#6946 = DIRECTION('',(-0.,1.,0.));
#6947 = PCURVE('',#6915,#6948);
#6948 = DEFINITIONAL_REPRESENTATION('',(#6949),#6953);
#6949 = LINE('',#6950,#6951);
#6950 = CARTESIAN_POINT('',(0.,0.));
#6951 = VECTOR('',#6952,1.);
#6952 = DIRECTION('',(0.,-1.));
#6953 = ( GEOMETRIC_REPRESENTATION_CONTEXT(2) 
PARAMETRIC_REPRESENTATION_CONTEXT() REPRESENTATION_CONTEXT('2D SPACE',''
  ) );
#6954 = PCURVE('',#6955,#6960);
#6955 = PLANE('',#6956);
#6956 = AXIS2_PLACEMENT_3D('',#6957,#6958,#6959);
#6957 = CARTESIAN_POINT('',(127.475,-72.825,11.225));
#6958 = DIRECTION('',(0.,0.,1.));
#6959 = DIRECTION('',(1.,0.,-0.));
#6960 = DEFINITIONAL_REPRESENTATION('',(#6961),#6965);
#6961 = LINE('',#6962,#6963);
#6962 = CARTESIAN_POINT('',(0.,0.));
#6963 = VECTOR('',#6964,1.);
#6964 = DIRECTION('',(0.,1.));
#6965 = ( GEOMETRIC_REPRESENTATION_CONTEXT(2) 
PARAMETRIC_REPRESENTATION_CONTEXT() REPRESENTATION_CONTEXT('2D SPACE',''
  ) );
#6966 = ORIENTED_EDGE('',*,*,#6967,.T.);
#6967 = EDGE_CURVE('',#6940,#6968,#6970,.T.);
#6968 = VERTEX_POINT('',#6969);
#6969 = CARTESIAN_POINT('',(127.475,72.825,55.275));
#6970 = SURFACE_CURVE('',#6971,(#6975,#6982),.PCURVE_S1.);
#6971 = LINE('',#6972,#6973);
#6972 = CARTESIAN_POINT('',(127.475,72.825,11.225));
#6973 = VECTOR('',#6974,1.);
#6974 = DIRECTION('',(0.,0.,1.));
#6975 = PCURVE('',#6915,#6976);
#6976 = DEFINITIONAL_REPRESENTATION('',(#6977),#6981);
#6977 = LINE('',#6978,#6979);
#6978 = CARTESIAN_POINT('',(0.,-145.65));
#6979 = VECTOR('',#6980,1.);
#6980 = DIRECTION('',(1.,0.));
#6981 = ( GEOMETRIC_REPRESENTATION_CONTEXT(2) 
PARAMETRIC_REPRESENTATION_CONTEXT() REPRESENTATION_CONTEXT('2D SPACE',''
  ) );
#6982 = PCURVE('',#6983,#6988);
#6983 = PLANE('',#6984);
#6984 = AXIS2_PLACEMENT_3D('',#6985,#6986,#6987);
#6985 = CARTESIAN_POINT('',(127.475,72.825,11.225));
#6986 = DIRECTION('',(-0.,1.,0.));
#6987 = DIRECTION('',(0.,0.,1.));
#6988 = DEFINITIONAL_REPRESENTATION('',(#6989),#6993);
#6989 = LINE('',#6990,#6991);
#6990 = CARTESIAN_POINT('',(0.,0.));
#6991 = VECTOR('',#6992,1.);
#6992 = DIRECTION('',(1.,0.));
#6993 = ( GEOMETRIC_REPRESENTATION_CONTEXT(2) 
PARAMETRIC_REPRESENTATION_CONTEXT() REPRESENTATION_CONTEXT('2D SPACE',''
  ) );
#6994 = ORIENTED_EDGE('',*,*,#6995,.F.);
#6995 = EDGE_CURVE('',#6907,#6968,#6996,.T.);
#6996 = SURFACE_CURVE('',#6997,(#7001,#7008),.PCURVE_S1.);
#6997 = LINE('',#6998,#6999);
#6998 = CARTESIAN_POINT('',(127.475,-72.825,55.275));
#6999 = VECTOR('',#7000,1.);
#7000 = DIRECTION('',(-0.,1.,0.));
#7001 = PCURVE('',#6915,#7002);
#7002 = DEFINITIONAL_REPRESENTATION('',(#7003),#7007);
#7003 = LINE('',#7004,#7005);
#7004 = CARTESIAN_POINT('',(44.05,0.));
#7005 = VECTOR('',#7006,1.);
#7006 = DIRECTION('',(0.,-1.));
#7007 = ( GEOMETRIC_REPRESENTATION_CONTEXT(2) 
PARAMETRIC_REPRESENTATION_CONTEXT() REPRESENTATION_CONTEXT('2D SPACE',''
  ) );
#7008 = PCURVE('',#7009,#7014);
#7009 = PLANE('',#7010);
#7010 = AXIS2_PLACEMENT_3D('',#7011,#7012,#7013);
#7011 = CARTESIAN_POINT('',(127.475,-72.825,55.275));
#7012 = DIRECTION('',(0.,0.,1.));
#7013 = DIRECTION('',(1.,0.,-0.));
#7014 = DEFINITIONAL_REPRESENTATION('',(#7015),#7019);
#7015 = LINE('',#7016,#7017);
#7016 = CARTESIAN_POINT('',(0.,0.));
#7017 = VECTOR('',#7018,1.);
#7018 = DIRECTION('',(0.,1.));
#7019 = ( GEOMETRIC_REPRESENTATION_CONTEXT(2) 
PARAMETRIC_REPRESENTATION_CONTEXT() REPRESENTATION_CONTEXT('2D SPACE',''
  ) );
#7020 = FACE_BOUND('',#7021,.F.);
#7021 = EDGE_LOOP('',(#7022));
#7022 = ORIENTED_EDGE('',*,*,#7023,.F.);
#7023 = EDGE_CURVE('',#7024,#7024,#7026,.T.);
#7024 = VERTEX_POINT('',#7025);
#7025 = CARTESIAN_POINT('',(127.475,60.,21.55));
#7026 = SURFACE_CURVE('',#7027,(#7032,#7039),.PCURVE_S1.);
#7027 = CIRCLE('',#7028,11.7);
#7028 = AXIS2_PLACEMENT_3D('',#7029,#7030,#7031);
#7029 = CARTESIAN_POINT('',(127.475,60.,33.25));
#7030 = DIRECTION('',(1.,0.,2.22044604925E-16));
#7031 = DIRECTION('',(2.22044604925E-16,0.,-1.));
#7032 = PCURVE('',#6915,#7033);
#7033 = DEFINITIONAL_REPRESENTATION('',(#7034),#7038);
#7034 = CIRCLE('',#7035,11.7);
#7035 = AXIS2_PLACEMENT_2D('',#7036,#7037);
#7036 = CARTESIAN_POINT('',(22.025,-132.825));
#7037 = DIRECTION('',(-1.,0.));
#7038 = ( GEOMETRIC_REPRESENTATION_CONTEXT(2) 
PARAMETRIC_REPRESENTATION_CONTEXT() REPRESENTATION_CONTEXT('2D SPACE',''
  ) );
#7039 = PCURVE('',#7040,#7045);
#7040 = CYLINDRICAL_SURFACE('',#7041,11.7);
#7041 = AXIS2_PLACEMENT_3D('',#7042,#7043,#7044);
#7042 = CARTESIAN_POINT('',(110.,60.,33.25));
#7043 = DIRECTION('',(1.,0.,2.22044604925E-16));
#7044 = DIRECTION('',(2.22044604925E-16,0.,-1.));
#7045 = DEFINITIONAL_REPRESENTATION('',(#7046),#7050);
#7046 = LINE('',#7047,#7048);
#7047 = CARTESIAN_POINT('',(0.,17.475));
#7048 = VECTOR('',#7049,1.);
#7049 = DIRECTION('',(1.,0.));
#7050 = ( GEOMETRIC_REPRESENTATION_CONTEXT(2) 
PARAMETRIC_REPRESENTATION_CONTEXT() REPRESENTATION_CONTEXT('2D SPACE',''
  ) );
#7051 = ADVANCED_FACE('',(#7052),#6927,.F.);
#7052 = FACE_BOUND('',#7053,.F.);
#7053 = EDGE_LOOP('',(#7054,#7077,#7078,#7101));
#7054 = ORIENTED_EDGE('',*,*,#7055,.F.);
#7055 = EDGE_CURVE('',#6905,#7056,#7058,.T.);
#7056 = VERTEX_POINT('',#7057);
#7057 = CARTESIAN_POINT('',(137.,-72.825,11.225));
#7058 = SURFACE_CURVE('',#7059,(#7063,#7070),.PCURVE_S1.);
#7059 = LINE('',#7060,#7061);
#7060 = CARTESIAN_POINT('',(127.475,-72.825,11.225));
#7061 = VECTOR('',#7062,1.);
#7062 = DIRECTION('',(1.,0.,-0.));
#7063 = PCURVE('',#6927,#7064);
#7064 = DEFINITIONAL_REPRESENTATION('',(#7065),#7069);
#7065 = LINE('',#7066,#7067);
#7066 = CARTESIAN_POINT('',(0.,0.));
#7067 = VECTOR('',#7068,1.);
#7068 = DIRECTION('',(0.,1.));
#7069 = ( GEOMETRIC_REPRESENTATION_CONTEXT(2) 
PARAMETRIC_REPRESENTATION_CONTEXT() REPRESENTATION_CONTEXT('2D SPACE',''
  ) );
#7070 = PCURVE('',#6955,#7071);
#7071 = DEFINITIONAL_REPRESENTATION('',(#7072),#7076);
#7072 = LINE('',#7073,#7074);
#7073 = CARTESIAN_POINT('',(0.,0.));
#7074 = VECTOR('',#7075,1.);
#7075 = DIRECTION('',(1.,0.));
#7076 = ( GEOMETRIC_REPRESENTATION_CONTEXT(2) 
PARAMETRIC_REPRESENTATION_CONTEXT() REPRESENTATION_CONTEXT('2D SPACE',''
  ) );
#7077 = ORIENTED_EDGE('',*,*,#6904,.T.);
#7078 = ORIENTED_EDGE('',*,*,#7079,.T.);
#7079 = EDGE_CURVE('',#6907,#7080,#7082,.T.);
#7080 = VERTEX_POINT('',#7081);
#7081 = CARTESIAN_POINT('',(137.,-72.825,55.275));
#7082 = SURFACE_CURVE('',#7083,(#7087,#7094),.PCURVE_S1.);
#7083 = LINE('',#7084,#7085);
#7084 = CARTESIAN_POINT('',(127.475,-72.825,55.275));
#7085 = VECTOR('',#7086,1.);
#7086 = DIRECTION('',(1.,0.,-0.));
#7087 = PCURVE('',#6927,#7088);
#7088 = DEFINITIONAL_REPRESENTATION('',(#7089),#7093);
#7089 = LINE('',#7090,#7091);
#7090 = CARTESIAN_POINT('',(44.05,0.));
#7091 = VECTOR('',#7092,1.);
#7092 = DIRECTION('',(0.,1.));
#7093 = ( GEOMETRIC_REPRESENTATION_CONTEXT(2) 
PARAMETRIC_REPRESENTATION_CONTEXT() REPRESENTATION_CONTEXT('2D SPACE',''
  ) );
#7094 = PCURVE('',#7009,#7095);
#7095 = DEFINITIONAL_REPRESENTATION('',(#7096),#7100);
#7096 = LINE('',#7097,#7098);
#7097 = CARTESIAN_POINT('',(0.,0.));
#7098 = VECTOR('',#7099,1.);
#7099 = DIRECTION('',(1.,0.));
#7100 = ( GEOMETRIC_REPRESENTATION_CONTEXT(2) 
PARAMETRIC_REPRESENTATION_CONTEXT() REPRESENTATION_CONTEXT('2D SPACE',''
  ) );
#7101 = ORIENTED_EDGE('',*,*,#7102,.F.);
#7102 = EDGE_CURVE('',#7056,#7080,#7103,.T.);
#7103 = SURFACE_CURVE('',#7104,(#7108,#7115),.PCURVE_S1.);
#7104 = LINE('',#7105,#7106);
#7105 = CARTESIAN_POINT('',(137.,-72.825,11.225));
#7106 = VECTOR('',#7107,1.);
#7107 = DIRECTION('',(0.,0.,1.));
#7108 = PCURVE('',#6927,#7109);
#7109 = DEFINITIONAL_REPRESENTATION('',(#7110),#7114);
#7110 = LINE('',#7111,#7112);
#7111 = CARTESIAN_POINT('',(0.,9.525));
#7112 = VECTOR('',#7113,1.);
#7113 = DIRECTION('',(1.,0.));
#7114 = ( GEOMETRIC_REPRESENTATION_CONTEXT(2) 
PARAMETRIC_REPRESENTATION_CONTEXT() REPRESENTATION_CONTEXT('2D SPACE',''
  ) );
#7115 = PCURVE('',#7116,#7121);
#7116 = PLANE('',#7117);
#7117 = AXIS2_PLACEMENT_3D('',#7118,#7119,#7120);
#7118 = CARTESIAN_POINT('',(137.,-72.825,11.225));
#7119 = DIRECTION('',(1.,0.,-0.));
#7120 = DIRECTION('',(0.,0.,1.));
#7121 = DEFINITIONAL_REPRESENTATION('',(#7122),#7126);
#7122 = LINE('',#7123,#7124);
#7123 = CARTESIAN_POINT('',(0.,0.));
#7124 = VECTOR('',#7125,1.);
#7125 = DIRECTION('',(1.,0.));
#7126 = ( GEOMETRIC_REPRESENTATION_CONTEXT(2) 
PARAMETRIC_REPRESENTATION_CONTEXT() REPRESENTATION_CONTEXT('2D SPACE',''
  ) );
#7127 = ADVANCED_FACE('',(#7128),#7009,.T.);
#7128 = FACE_BOUND('',#7129,.T.);
#7129 = EDGE_LOOP('',(#7130,#7131,#7132,#7155));
#7130 = ORIENTED_EDGE('',*,*,#6995,.F.);
#7131 = ORIENTED_EDGE('',*,*,#7079,.T.);
#7132 = ORIENTED_EDGE('',*,*,#7133,.T.);
#7133 = EDGE_CURVE('',#7080,#7134,#7136,.T.);
#7134 = VERTEX_POINT('',#7135);
#7135 = CARTESIAN_POINT('',(137.,72.825,55.275));
#7136 = SURFACE_CURVE('',#7137,(#7141,#7148),.PCURVE_S1.);
#7137 = LINE('',#7138,#7139);
#7138 = CARTESIAN_POINT('',(137.,-72.825,55.275));
#7139 = VECTOR('',#7140,1.);
#7140 = DIRECTION('',(-0.,1.,0.));
#7141 = PCURVE('',#7009,#7142);
#7142 = DEFINITIONAL_REPRESENTATION('',(#7143),#7147);
#7143 = LINE('',#7144,#7145);
#7144 = CARTESIAN_POINT('',(9.525,0.));
#7145 = VECTOR('',#7146,1.);
#7146 = DIRECTION('',(0.,1.));
#7147 = ( GEOMETRIC_REPRESENTATION_CONTEXT(2) 
PARAMETRIC_REPRESENTATION_CONTEXT() REPRESENTATION_CONTEXT('2D SPACE',''
  ) );
#7148 = PCURVE('',#7116,#7149);
#7149 = DEFINITIONAL_REPRESENTATION('',(#7150),#7154);
#7150 = LINE('',#7151,#7152);
#7151 = CARTESIAN_POINT('',(44.05,0.));
#7152 = VECTOR('',#7153,1.);
#7153 = DIRECTION('',(0.,-1.));
#7154 = ( GEOMETRIC_REPRESENTATION_CONTEXT(2) 
PARAMETRIC_REPRESENTATION_CONTEXT() REPRESENTATION_CONTEXT('2D SPACE',''
  ) );
#7155 = ORIENTED_EDGE('',*,*,#7156,.F.);
#7156 = EDGE_CURVE('',#6968,#7134,#7157,.T.);
#7157 = SURFACE_CURVE('',#7158,(#7162,#7169),.PCURVE_S1.);
#7158 = LINE('',#7159,#7160);
#7159 = CARTESIAN_POINT('',(127.475,72.825,55.275));
#7160 = VECTOR('',#7161,1.);
#7161 = DIRECTION('',(1.,0.,-0.));
#7162 = PCURVE('',#7009,#7163);
#7163 = DEFINITIONAL_REPRESENTATION('',(#7164),#7168);
#7164 = LINE('',#7165,#7166);
#7165 = CARTESIAN_POINT('',(0.,145.65));
#7166 = VECTOR('',#7167,1.);
#7167 = DIRECTION('',(1.,0.));
#7168 = ( GEOMETRIC_REPRESENTATION_CONTEXT(2) 
PARAMETRIC_REPRESENTATION_CONTEXT() REPRESENTATION_CONTEXT('2D SPACE',''
  ) );
#7169 = PCURVE('',#6983,#7170);
#7170 = DEFINITIONAL_REPRESENTATION('',(#7171),#7175);
#7171 = LINE('',#7172,#7173);
#7172 = CARTESIAN_POINT('',(44.05,0.));
#7173 = VECTOR('',#7174,1.);
#7174 = DIRECTION('',(0.,1.));
#7175 = ( GEOMETRIC_REPRESENTATION_CONTEXT(2) 
PARAMETRIC_REPRESENTATION_CONTEXT() REPRESENTATION_CONTEXT('2D SPACE',''
  ) );
#7176 = ADVANCED_FACE('',(#7177),#6955,.F.);
#7177 = FACE_BOUND('',#7178,.F.);
#7178 = EDGE_LOOP('',(#7179,#7180,#7181,#7204));
#7179 = ORIENTED_EDGE('',*,*,#6939,.F.);
#7180 = ORIENTED_EDGE('',*,*,#7055,.T.);
#7181 = ORIENTED_EDGE('',*,*,#7182,.T.);
#7182 = EDGE_CURVE('',#7056,#7183,#7185,.T.);
#7183 = VERTEX_POINT('',#7184);
#7184 = CARTESIAN_POINT('',(137.,72.825,11.225));
#7185 = SURFACE_CURVE('',#7186,(#7190,#7197),.PCURVE_S1.);
#7186 = LINE('',#7187,#7188);
#7187 = CARTESIAN_POINT('',(137.,-72.825,11.225));
#7188 = VECTOR('',#7189,1.);
#7189 = DIRECTION('',(-0.,1.,0.));
#7190 = PCURVE('',#6955,#7191);
#7191 = DEFINITIONAL_REPRESENTATION('',(#7192),#7196);
#7192 = LINE('',#7193,#7194);
#7193 = CARTESIAN_POINT('',(9.525,0.));
#7194 = VECTOR('',#7195,1.);
#7195 = DIRECTION('',(0.,1.));
#7196 = ( GEOMETRIC_REPRESENTATION_CONTEXT(2) 
PARAMETRIC_REPRESENTATION_CONTEXT() REPRESENTATION_CONTEXT('2D SPACE',''
  ) );
#7197 = PCURVE('',#7116,#7198);
#7198 = DEFINITIONAL_REPRESENTATION('',(#7199),#7203);
#7199 = LINE('',#7200,#7201);
#7200 = CARTESIAN_POINT('',(0.,0.));
#7201 = VECTOR('',#7202,1.);
#7202 = DIRECTION('',(0.,-1.));
#7203 = ( GEOMETRIC_REPRESENTATION_CONTEXT(2) 
PARAMETRIC_REPRESENTATION_CONTEXT() REPRESENTATION_CONTEXT('2D SPACE',''
  ) );
#7204 = ORIENTED_EDGE('',*,*,#7205,.F.);
#7205 = EDGE_CURVE('',#6940,#7183,#7206,.T.);
#7206 = SURFACE_CURVE('',#7207,(#7211,#7218),.PCURVE_S1.);
#7207 = LINE('',#7208,#7209);
#7208 = CARTESIAN_POINT('',(127.475,72.825,11.225));
#7209 = VECTOR('',#7210,1.);
#7210 = DIRECTION('',(1.,0.,-0.));
#7211 = PCURVE('',#6955,#7212);
#7212 = DEFINITIONAL_REPRESENTATION('',(#7213),#7217);
#7213 = LINE('',#7214,#7215);
#7214 = CARTESIAN_POINT('',(0.,145.65));
#7215 = VECTOR('',#7216,1.);
#7216 = DIRECTION('',(1.,0.));
#7217 = ( GEOMETRIC_REPRESENTATION_CONTEXT(2) 
PARAMETRIC_REPRESENTATION_CONTEXT() REPRESENTATION_CONTEXT('2D SPACE',''
  ) );
#7218 = PCURVE('',#6983,#7219);
#7219 = DEFINITIONAL_REPRESENTATION('',(#7220),#7224);
#7220 = LINE('',#7221,#7222);
#7221 = CARTESIAN_POINT('',(0.,0.));
#7222 = VECTOR('',#7223,1.);
#7223 = DIRECTION('',(0.,1.));
#7224 = ( GEOMETRIC_REPRESENTATION_CONTEXT(2) 
PARAMETRIC_REPRESENTATION_CONTEXT() REPRESENTATION_CONTEXT('2D SPACE',''
  ) );
#7225 = ADVANCED_FACE('',(#7226),#6983,.T.);
#7226 = FACE_BOUND('',#7227,.T.);
#7227 = EDGE_LOOP('',(#7228,#7229,#7230,#7231));
#7228 = ORIENTED_EDGE('',*,*,#7205,.F.);
#7229 = ORIENTED_EDGE('',*,*,#6967,.T.);
#7230 = ORIENTED_EDGE('',*,*,#7156,.T.);
#7231 = ORIENTED_EDGE('',*,*,#7232,.F.);
#7232 = EDGE_CURVE('',#7183,#7134,#7233,.T.);
#7233 = SURFACE_CURVE('',#7234,(#7238,#7245),.PCURVE_S1.);
#7234 = LINE('',#7235,#7236);
#7235 = CARTESIAN_POINT('',(137.,72.825,11.225));
#7236 = VECTOR('',#7237,1.);
#7237 = DIRECTION('',(0.,0.,1.));
#7238 = PCURVE('',#6983,#7239);
#7239 = DEFINITIONAL_REPRESENTATION('',(#7240),#7244);
#7240 = LINE('',#7241,#7242);
#7241 = CARTESIAN_POINT('',(0.,9.525));
#7242 = VECTOR('',#7243,1.);
#7243 = DIRECTION('',(1.,0.));
#7244 = ( GEOMETRIC_REPRESENTATION_CONTEXT(2) 
PARAMETRIC_REPRESENTATION_CONTEXT() REPRESENTATION_CONTEXT('2D SPACE',''
  ) );
#7245 = PCURVE('',#7116,#7246);
#7246 = DEFINITIONAL_REPRESENTATION('',(#7247),#7251);
#7247 = LINE('',#7248,#7249);
#7248 = CARTESIAN_POINT('',(0.,-145.65));
#7249 = VECTOR('',#7250,1.);
#7250 = DIRECTION('',(1.,0.));
#7251 = ( GEOMETRIC_REPRESENTATION_CONTEXT(2) 
PARAMETRIC_REPRESENTATION_CONTEXT() REPRESENTATION_CONTEXT('2D SPACE',''
  ) );
#7252 = ADVANCED_FACE('',(#7253,#7307),#7040,.F.);
#7253 = FACE_BOUND('',#7254,.F.);
#7254 = EDGE_LOOP('',(#7255,#7284,#7305,#7306));
#7255 = ORIENTED_EDGE('',*,*,#7256,.F.);
#7256 = EDGE_CURVE('',#7257,#7257,#7259,.T.);
#7257 = VERTEX_POINT('',#7258);
#7258 = CARTESIAN_POINT('',(143.175,60.,21.55));
#7259 = SURFACE_CURVE('',#7260,(#7265,#7272),.PCURVE_S1.);
#7260 = CIRCLE('',#7261,11.7);
#7261 = AXIS2_PLACEMENT_3D('',#7262,#7263,#7264);
#7262 = CARTESIAN_POINT('',(143.175,60.,33.25));
#7263 = DIRECTION('',(1.,0.,2.22044604925E-16));
#7264 = DIRECTION('',(2.22044604925E-16,0.,-1.));
#7265 = PCURVE('',#7040,#7266);
#7266 = DEFINITIONAL_REPRESENTATION('',(#7267),#7271);
#7267 = LINE('',#7268,#7269);
#7268 = CARTESIAN_POINT('',(0.,33.175));
#7269 = VECTOR('',#7270,1.);
#7270 = DIRECTION('',(1.,0.));
#7271 = ( GEOMETRIC_REPRESENTATION_CONTEXT(2) 
PARAMETRIC_REPRESENTATION_CONTEXT() REPRESENTATION_CONTEXT('2D SPACE',''
  ) );
#7272 = PCURVE('',#7273,#7278);
#7273 = PLANE('',#7274);
#7274 = AXIS2_PLACEMENT_3D('',#7275,#7276,#7277);
#7275 = CARTESIAN_POINT('',(143.175,-76.2,7.85));
#7276 = DIRECTION('',(1.,0.,-0.));
#7277 = DIRECTION('',(0.,0.,1.));
#7278 = DEFINITIONAL_REPRESENTATION('',(#7279),#7283);
#7279 = CIRCLE('',#7280,11.7);
#7280 = AXIS2_PLACEMENT_2D('',#7281,#7282);
#7281 = CARTESIAN_POINT('',(25.4,-136.2));
#7282 = DIRECTION('',(-1.,0.));
#7283 = ( GEOMETRIC_REPRESENTATION_CONTEXT(2) 
PARAMETRIC_REPRESENTATION_CONTEXT() REPRESENTATION_CONTEXT('2D SPACE',''
  ) );
#7284 = ORIENTED_EDGE('',*,*,#7285,.F.);
#7285 = EDGE_CURVE('',#7024,#7257,#7286,.T.);
#7286 = SEAM_CURVE('',#7287,(#7291,#7298),.PCURVE_S1.);
#7287 = LINE('',#7288,#7289);
#7288 = CARTESIAN_POINT('',(110.,60.,21.55));
#7289 = VECTOR('',#7290,1.);
#7290 = DIRECTION('',(1.,0.,2.22044604925E-16));
#7291 = PCURVE('',#7040,#7292);
#7292 = DEFINITIONAL_REPRESENTATION('',(#7293),#7297);
#7293 = LINE('',#7294,#7295);
#7294 = CARTESIAN_POINT('',(6.28318530718,-0.));
#7295 = VECTOR('',#7296,1.);
#7296 = DIRECTION('',(0.,1.));
#7297 = ( GEOMETRIC_REPRESENTATION_CONTEXT(2) 
PARAMETRIC_REPRESENTATION_CONTEXT() REPRESENTATION_CONTEXT('2D SPACE',''
  ) );
#7298 = PCURVE('',#7040,#7299);
#7299 = DEFINITIONAL_REPRESENTATION('',(#7300),#7304);
#7300 = LINE('',#7301,#7302);
#7301 = CARTESIAN_POINT('',(0.,-0.));
#7302 = VECTOR('',#7303,1.);
#7303 = DIRECTION('',(0.,1.));
#7304 = ( GEOMETRIC_REPRESENTATION_CONTEXT(2) 
PARAMETRIC_REPRESENTATION_CONTEXT() REPRESENTATION_CONTEXT('2D SPACE',''
  ) );
#7305 = ORIENTED_EDGE('',*,*,#7023,.T.);
#7306 = ORIENTED_EDGE('',*,*,#7285,.T.);
#7307 = FACE_BOUND('',#7308,.F.);
#7308 = EDGE_LOOP('',(#7309,#7335,#7361,#7390));
#7309 = ORIENTED_EDGE('',*,*,#7310,.F.);
#7310 = EDGE_CURVE('',#7311,#7313,#7315,.T.);
#7311 = VERTEX_POINT('',#7312);
#7312 = CARTESIAN_POINT('',(137.,70.525,28.139777402109));
#7313 = VERTEX_POINT('',#7314);
#7314 = CARTESIAN_POINT('',(137.,70.525,38.360222597891));
#7315 = SURFACE_CURVE('',#7316,(#7321,#7328),.PCURVE_S1.);
#7316 = CIRCLE('',#7317,11.7);
#7317 = AXIS2_PLACEMENT_3D('',#7318,#7319,#7320);
#7318 = CARTESIAN_POINT('',(137.,60.,33.25));
#7319 = DIRECTION('',(1.,0.,2.22044604925E-16));
#7320 = DIRECTION('',(2.22044604925E-16,0.,-1.));
#7321 = PCURVE('',#7040,#7322);
#7322 = DEFINITIONAL_REPRESENTATION('',(#7323),#7327);
#7323 = LINE('',#7324,#7325);
#7324 = CARTESIAN_POINT('',(0.,27.));
#7325 = VECTOR('',#7326,1.);
#7326 = DIRECTION('',(1.,0.));
#7327 = ( GEOMETRIC_REPRESENTATION_CONTEXT(2) 
PARAMETRIC_REPRESENTATION_CONTEXT() REPRESENTATION_CONTEXT('2D SPACE',''
  ) );
#7328 = PCURVE('',#7116,#7329);
#7329 = DEFINITIONAL_REPRESENTATION('',(#7330),#7334);
#7330 = CIRCLE('',#7331,11.7);
#7331 = AXIS2_PLACEMENT_2D('',#7332,#7333);
#7332 = CARTESIAN_POINT('',(22.025,-132.825));
#7333 = DIRECTION('',(-1.,0.));
#7334 = ( GEOMETRIC_REPRESENTATION_CONTEXT(2) 
PARAMETRIC_REPRESENTATION_CONTEXT() REPRESENTATION_CONTEXT('2D SPACE',''
  ) );
#7335 = ORIENTED_EDGE('',*,*,#7336,.T.);
#7336 = EDGE_CURVE('',#7311,#7337,#7339,.T.);
#7337 = VERTEX_POINT('',#7338);
#7338 = CARTESIAN_POINT('',(140.,70.525,28.139777402109));
#7339 = SURFACE_CURVE('',#7340,(#7344,#7350),.PCURVE_S1.);
#7340 = LINE('',#7341,#7342);
#7341 = CARTESIAN_POINT('',(110.,70.525,28.139777402109));
#7342 = VECTOR('',#7343,1.);
#7343 = DIRECTION('',(1.,0.,2.22044604925E-16));
#7344 = PCURVE('',#7040,#7345);
#7345 = DEFINITIONAL_REPRESENTATION('',(#7346),#7349);
#7346 = B_SPLINE_CURVE_WITH_KNOTS('',1,(#7347,#7348),.UNSPECIFIED.,.F.,
  .F.,(2,2),(26.7,30.3),.PIECEWISE_BEZIER_KNOTS.);
#7347 = CARTESIAN_POINT('',(1.118790096036,26.7));
#7348 = CARTESIAN_POINT('',(1.118790096036,30.3));
#7349 = ( GEOMETRIC_REPRESENTATION_CONTEXT(2) 
PARAMETRIC_REPRESENTATION_CONTEXT() REPRESENTATION_CONTEXT('2D SPACE',''
  ) );
#7350 = PCURVE('',#7351,#7356);
#7351 = PLANE('',#7352);
#7352 = AXIS2_PLACEMENT_3D('',#7353,#7354,#7355);
#7353 = CARTESIAN_POINT('',(137.,70.525,13.525));
#7354 = DIRECTION('',(-0.,1.,0.));
#7355 = DIRECTION('',(0.,0.,1.));
#7356 = DEFINITIONAL_REPRESENTATION('',(#7357),#7360);
#7357 = B_SPLINE_CURVE_WITH_KNOTS('',1,(#7358,#7359),.UNSPECIFIED.,.F.,
  .F.,(2,2),(26.7,30.3),.PIECEWISE_BEZIER_KNOTS.);
#7358 = CARTESIAN_POINT('',(14.614777402109,-0.3));
#7359 = CARTESIAN_POINT('',(14.614777402109,3.3));
#7360 = ( GEOMETRIC_REPRESENTATION_CONTEXT(2) 
PARAMETRIC_REPRESENTATION_CONTEXT() REPRESENTATION_CONTEXT('2D SPACE',''
  ) );
#7361 = ORIENTED_EDGE('',*,*,#7362,.T.);
#7362 = EDGE_CURVE('',#7337,#7363,#7365,.T.);
#7363 = VERTEX_POINT('',#7364);
#7364 = CARTESIAN_POINT('',(140.,70.525,38.360222597891));
#7365 = SURFACE_CURVE('',#7366,(#7371,#7378),.PCURVE_S1.);
#7366 = CIRCLE('',#7367,11.7);
#7367 = AXIS2_PLACEMENT_3D('',#7368,#7369,#7370);
#7368 = CARTESIAN_POINT('',(140.,60.,33.25));
#7369 = DIRECTION('',(1.,0.,2.22044604925E-16));
#7370 = DIRECTION('',(2.22044604925E-16,0.,-1.));
#7371 = PCURVE('',#7040,#7372);
#7372 = DEFINITIONAL_REPRESENTATION('',(#7373),#7377);
#7373 = LINE('',#7374,#7375);
#7374 = CARTESIAN_POINT('',(0.,30.));
#7375 = VECTOR('',#7376,1.);
#7376 = DIRECTION('',(1.,0.));
#7377 = ( GEOMETRIC_REPRESENTATION_CONTEXT(2) 
PARAMETRIC_REPRESENTATION_CONTEXT() REPRESENTATION_CONTEXT('2D SPACE',''
  ) );
#7378 = PCURVE('',#7379,#7384);
#7379 = PLANE('',#7380);
#7380 = AXIS2_PLACEMENT_3D('',#7381,#7382,#7383);
#7381 = CARTESIAN_POINT('',(140.,-76.2,7.85));
#7382 = DIRECTION('',(1.,0.,-0.));
#7383 = DIRECTION('',(0.,0.,1.));
#7384 = DEFINITIONAL_REPRESENTATION('',(#7385),#7389);
#7385 = CIRCLE('',#7386,11.7);
#7386 = AXIS2_PLACEMENT_2D('',#7387,#7388);
#7387 = CARTESIAN_POINT('',(25.4,-136.2));
#7388 = DIRECTION('',(-1.,0.));
#7389 = ( GEOMETRIC_REPRESENTATION_CONTEXT(2) 
PARAMETRIC_REPRESENTATION_CONTEXT() REPRESENTATION_CONTEXT('2D SPACE',''
  ) );
#7390 = ORIENTED_EDGE('',*,*,#7391,.F.);
#7391 = EDGE_CURVE('',#7313,#7363,#7392,.T.);
#7392 = SURFACE_CURVE('',#7393,(#7397,#7403),.PCURVE_S1.);
#7393 = LINE('',#7394,#7395);
#7394 = CARTESIAN_POINT('',(110.,70.525,38.360222597891));
#7395 = VECTOR('',#7396,1.);
#7396 = DIRECTION('',(1.,0.,2.22044604925E-16));
#7397 = PCURVE('',#7040,#7398);
#7398 = DEFINITIONAL_REPRESENTATION('',(#7399),#7402);
#7399 = B_SPLINE_CURVE_WITH_KNOTS('',1,(#7400,#7401),.UNSPECIFIED.,.F.,
  .F.,(2,2),(26.7,30.3),.PIECEWISE_BEZIER_KNOTS.);
#7400 = CARTESIAN_POINT('',(2.022802557553,26.7));
#7401 = CARTESIAN_POINT('',(2.022802557553,30.3));
#7402 = ( GEOMETRIC_REPRESENTATION_CONTEXT(2) 
PARAMETRIC_REPRESENTATION_CONTEXT() REPRESENTATION_CONTEXT('2D SPACE',''
  ) );
#7403 = PCURVE('',#7404,#7409);
#7404 = PLANE('',#7405);
#7405 = AXIS2_PLACEMENT_3D('',#7406,#7407,#7408);
#7406 = CARTESIAN_POINT('',(137.,70.525,13.525));
#7407 = DIRECTION('',(-0.,1.,0.));
#7408 = DIRECTION('',(0.,0.,1.));
#7409 = DEFINITIONAL_REPRESENTATION('',(#7410),#7413);
#7410 = B_SPLINE_CURVE_WITH_KNOTS('',1,(#7411,#7412),.UNSPECIFIED.,.F.,
  .F.,(2,2),(26.7,30.3),.PIECEWISE_BEZIER_KNOTS.);
#7411 = CARTESIAN_POINT('',(24.835222597891,-0.3));
#7412 = CARTESIAN_POINT('',(24.835222597891,3.3));
#7413 = ( GEOMETRIC_REPRESENTATION_CONTEXT(2) 
PARAMETRIC_REPRESENTATION_CONTEXT() REPRESENTATION_CONTEXT('2D SPACE',''
  ) );
#7414 = ADVANCED_FACE('',(#7415,#7421),#7116,.T.);
#7415 = FACE_BOUND('',#7416,.T.);
#7416 = EDGE_LOOP('',(#7417,#7418,#7419,#7420));
#7417 = ORIENTED_EDGE('',*,*,#7102,.F.);
#7418 = ORIENTED_EDGE('',*,*,#7182,.T.);
#7419 = ORIENTED_EDGE('',*,*,#7232,.T.);
#7420 = ORIENTED_EDGE('',*,*,#7133,.F.);
#7421 = FACE_BOUND('',#7422,.T.);
#7422 = EDGE_LOOP('',(#7423,#7453,#7481,#7502,#7503,#7526));
#7423 = ORIENTED_EDGE('',*,*,#7424,.T.);
#7424 = EDGE_CURVE('',#7425,#7427,#7429,.T.);
#7425 = VERTEX_POINT('',#7426);
#7426 = CARTESIAN_POINT('',(137.,-70.525,13.525));
#7427 = VERTEX_POINT('',#7428);
#7428 = CARTESIAN_POINT('',(137.,-70.525,52.975));
#7429 = SURFACE_CURVE('',#7430,(#7434,#7441),.PCURVE_S1.);
#7430 = LINE('',#7431,#7432);
#7431 = CARTESIAN_POINT('',(137.,-70.525,13.525));
#7432 = VECTOR('',#7433,1.);
#7433 = DIRECTION('',(0.,0.,1.));
#7434 = PCURVE('',#7116,#7435);
#7435 = DEFINITIONAL_REPRESENTATION('',(#7436),#7440);
#7436 = LINE('',#7437,#7438);
#7437 = CARTESIAN_POINT('',(2.3,-2.3));
#7438 = VECTOR('',#7439,1.);
#7439 = DIRECTION('',(1.,0.));
#7440 = ( GEOMETRIC_REPRESENTATION_CONTEXT(2) 
PARAMETRIC_REPRESENTATION_CONTEXT() REPRESENTATION_CONTEXT('2D SPACE',''
  ) );
#7441 = PCURVE('',#7442,#7447);
#7442 = PLANE('',#7443);
#7443 = AXIS2_PLACEMENT_3D('',#7444,#7445,#7446);
#7444 = CARTESIAN_POINT('',(137.,-70.525,13.525));
#7445 = DIRECTION('',(-0.,1.,0.));
#7446 = DIRECTION('',(0.,0.,1.));
#7447 = DEFINITIONAL_REPRESENTATION('',(#7448),#7452);
#7448 = LINE('',#7449,#7450);
#7449 = CARTESIAN_POINT('',(0.,0.));
#7450 = VECTOR('',#7451,1.);
#7451 = DIRECTION('',(1.,0.));
#7452 = ( GEOMETRIC_REPRESENTATION_CONTEXT(2) 
PARAMETRIC_REPRESENTATION_CONTEXT() REPRESENTATION_CONTEXT('2D SPACE',''
  ) );
#7453 = ORIENTED_EDGE('',*,*,#7454,.T.);
#7454 = EDGE_CURVE('',#7427,#7455,#7457,.T.);
#7455 = VERTEX_POINT('',#7456);
#7456 = CARTESIAN_POINT('',(137.,70.525,52.975));
#7457 = SURFACE_CURVE('',#7458,(#7462,#7469),.PCURVE_S1.);
#7458 = LINE('',#7459,#7460);
#7459 = CARTESIAN_POINT('',(137.,-70.525,52.975));
#7460 = VECTOR('',#7461,1.);
#7461 = DIRECTION('',(-0.,1.,0.));
#7462 = PCURVE('',#7116,#7463);
#7463 = DEFINITIONAL_REPRESENTATION('',(#7464),#7468);
#7464 = LINE('',#7465,#7466);
#7465 = CARTESIAN_POINT('',(41.75,-2.3));
#7466 = VECTOR('',#7467,1.);
#7467 = DIRECTION('',(0.,-1.));
#7468 = ( GEOMETRIC_REPRESENTATION_CONTEXT(2) 
PARAMETRIC_REPRESENTATION_CONTEXT() REPRESENTATION_CONTEXT('2D SPACE',''
  ) );
#7469 = PCURVE('',#7470,#7475);
#7470 = PLANE('',#7471);
#7471 = AXIS2_PLACEMENT_3D('',#7472,#7473,#7474);
#7472 = CARTESIAN_POINT('',(137.,-70.525,52.975));
#7473 = DIRECTION('',(0.,0.,1.));
#7474 = DIRECTION('',(1.,0.,-0.));
#7475 = DEFINITIONAL_REPRESENTATION('',(#7476),#7480);
#7476 = LINE('',#7477,#7478);
#7477 = CARTESIAN_POINT('',(0.,0.));
#7478 = VECTOR('',#7479,1.);
#7479 = DIRECTION('',(0.,1.));
#7480 = ( GEOMETRIC_REPRESENTATION_CONTEXT(2) 
PARAMETRIC_REPRESENTATION_CONTEXT() REPRESENTATION_CONTEXT('2D SPACE',''
  ) );
#7481 = ORIENTED_EDGE('',*,*,#7482,.F.);
#7482 = EDGE_CURVE('',#7313,#7455,#7483,.T.);
#7483 = SURFACE_CURVE('',#7484,(#7488,#7495),.PCURVE_S1.);
#7484 = LINE('',#7485,#7486);
#7485 = CARTESIAN_POINT('',(137.,70.525,13.525));
#7486 = VECTOR('',#7487,1.);
#7487 = DIRECTION('',(0.,0.,1.));
#7488 = PCURVE('',#7116,#7489);
#7489 = DEFINITIONAL_REPRESENTATION('',(#7490),#7494);
#7490 = LINE('',#7491,#7492);
#7491 = CARTESIAN_POINT('',(2.3,-143.35));
#7492 = VECTOR('',#7493,1.);
#7493 = DIRECTION('',(1.,0.));
#7494 = ( GEOMETRIC_REPRESENTATION_CONTEXT(2) 
PARAMETRIC_REPRESENTATION_CONTEXT() REPRESENTATION_CONTEXT('2D SPACE',''
  ) );
#7495 = PCURVE('',#7404,#7496);
#7496 = DEFINITIONAL_REPRESENTATION('',(#7497),#7501);
#7497 = LINE('',#7498,#7499);
#7498 = CARTESIAN_POINT('',(0.,0.));
#7499 = VECTOR('',#7500,1.);
#7500 = DIRECTION('',(1.,0.));
#7501 = ( GEOMETRIC_REPRESENTATION_CONTEXT(2) 
PARAMETRIC_REPRESENTATION_CONTEXT() REPRESENTATION_CONTEXT('2D SPACE',''
  ) );
#7502 = ORIENTED_EDGE('',*,*,#7310,.F.);
#7503 = ORIENTED_EDGE('',*,*,#7504,.F.);
#7504 = EDGE_CURVE('',#7505,#7311,#7507,.T.);
#7505 = VERTEX_POINT('',#7506);
#7506 = CARTESIAN_POINT('',(137.,70.525,13.525));
#7507 = SURFACE_CURVE('',#7508,(#7512,#7519),.PCURVE_S1.);
#7508 = LINE('',#7509,#7510);
#7509 = CARTESIAN_POINT('',(137.,70.525,13.525));
#7510 = VECTOR('',#7511,1.);
#7511 = DIRECTION('',(0.,0.,1.));
#7512 = PCURVE('',#7116,#7513);
#7513 = DEFINITIONAL_REPRESENTATION('',(#7514),#7518);
#7514 = LINE('',#7515,#7516);
#7515 = CARTESIAN_POINT('',(2.3,-143.35));
#7516 = VECTOR('',#7517,1.);
#7517 = DIRECTION('',(1.,0.));
#7518 = ( GEOMETRIC_REPRESENTATION_CONTEXT(2) 
PARAMETRIC_REPRESENTATION_CONTEXT() REPRESENTATION_CONTEXT('2D SPACE',''
  ) );
#7519 = PCURVE('',#7351,#7520);
#7520 = DEFINITIONAL_REPRESENTATION('',(#7521),#7525);
#7521 = LINE('',#7522,#7523);
#7522 = CARTESIAN_POINT('',(0.,0.));
#7523 = VECTOR('',#7524,1.);
#7524 = DIRECTION('',(1.,0.));
#7525 = ( GEOMETRIC_REPRESENTATION_CONTEXT(2) 
PARAMETRIC_REPRESENTATION_CONTEXT() REPRESENTATION_CONTEXT('2D SPACE',''
  ) );
#7526 = ORIENTED_EDGE('',*,*,#7527,.F.);
#7527 = EDGE_CURVE('',#7425,#7505,#7528,.T.);
#7528 = SURFACE_CURVE('',#7529,(#7533,#7540),.PCURVE_S1.);
#7529 = LINE('',#7530,#7531);
#7530 = CARTESIAN_POINT('',(137.,-70.525,13.525));
#7531 = VECTOR('',#7532,1.);
#7532 = DIRECTION('',(-0.,1.,0.));
#7533 = PCURVE('',#7116,#7534);
#7534 = DEFINITIONAL_REPRESENTATION('',(#7535),#7539);
#7535 = LINE('',#7536,#7537);
#7536 = CARTESIAN_POINT('',(2.3,-2.3));
#7537 = VECTOR('',#7538,1.);
#7538 = DIRECTION('',(0.,-1.));
#7539 = ( GEOMETRIC_REPRESENTATION_CONTEXT(2) 
PARAMETRIC_REPRESENTATION_CONTEXT() REPRESENTATION_CONTEXT('2D SPACE',''
  ) );
#7540 = PCURVE('',#7541,#7546);
#7541 = PLANE('',#7542);
#7542 = AXIS2_PLACEMENT_3D('',#7543,#7544,#7545);
#7543 = CARTESIAN_POINT('',(137.,-70.525,13.525));
#7544 = DIRECTION('',(0.,0.,1.));
#7545 = DIRECTION('',(1.,0.,-0.));
#7546 = DEFINITIONAL_REPRESENTATION('',(#7547),#7551);
#7547 = LINE('',#7548,#7549);
#7548 = CARTESIAN_POINT('',(0.,0.));
#7549 = VECTOR('',#7550,1.);
#7550 = DIRECTION('',(0.,1.));
#7551 = ( GEOMETRIC_REPRESENTATION_CONTEXT(2) 
PARAMETRIC_REPRESENTATION_CONTEXT() REPRESENTATION_CONTEXT('2D SPACE',''
  ) );
#7552 = ADVANCED_FACE('',(#7553,#7667),#7273,.T.);
#7553 = FACE_BOUND('',#7554,.T.);
#7554 = EDGE_LOOP('',(#7555,#7585,#7613,#7641));
#7555 = ORIENTED_EDGE('',*,*,#7556,.F.);
#7556 = EDGE_CURVE('',#7557,#7559,#7561,.T.);
#7557 = VERTEX_POINT('',#7558);
#7558 = CARTESIAN_POINT('',(143.175,-76.2,7.85));
#7559 = VERTEX_POINT('',#7560);
#7560 = CARTESIAN_POINT('',(143.175,-76.2,58.65));
#7561 = SURFACE_CURVE('',#7562,(#7566,#7573),.PCURVE_S1.);
#7562 = LINE('',#7563,#7564);
#7563 = CARTESIAN_POINT('',(143.175,-76.2,7.85));
#7564 = VECTOR('',#7565,1.);
#7565 = DIRECTION('',(0.,0.,1.));
#7566 = PCURVE('',#7273,#7567);
#7567 = DEFINITIONAL_REPRESENTATION('',(#7568),#7572);
#7568 = LINE('',#7569,#7570);
#7569 = CARTESIAN_POINT('',(0.,0.));
#7570 = VECTOR('',#7571,1.);
#7571 = DIRECTION('',(1.,0.));
#7572 = ( GEOMETRIC_REPRESENTATION_CONTEXT(2) 
PARAMETRIC_REPRESENTATION_CONTEXT() REPRESENTATION_CONTEXT('2D SPACE',''
  ) );
#7573 = PCURVE('',#7574,#7579);
#7574 = PLANE('',#7575);
#7575 = AXIS2_PLACEMENT_3D('',#7576,#7577,#7578);
#7576 = CARTESIAN_POINT('',(140.,-76.2,7.85));
#7577 = DIRECTION('',(-0.,1.,0.));
#7578 = DIRECTION('',(0.,0.,1.));
#7579 = DEFINITIONAL_REPRESENTATION('',(#7580),#7584);
#7580 = LINE('',#7581,#7582);
#7581 = CARTESIAN_POINT('',(0.,3.175));
#7582 = VECTOR('',#7583,1.);
#7583 = DIRECTION('',(1.,0.));
#7584 = ( GEOMETRIC_REPRESENTATION_CONTEXT(2) 
PARAMETRIC_REPRESENTATION_CONTEXT() REPRESENTATION_CONTEXT('2D SPACE',''
  ) );
#7585 = ORIENTED_EDGE('',*,*,#7586,.T.);
#7586 = EDGE_CURVE('',#7557,#7587,#7589,.T.);
#7587 = VERTEX_POINT('',#7588);
#7588 = CARTESIAN_POINT('',(143.175,76.2,7.85));
#7589 = SURFACE_CURVE('',#7590,(#7594,#7601),.PCURVE_S1.);
#7590 = LINE('',#7591,#7592);
#7591 = CARTESIAN_POINT('',(143.175,-76.2,7.85));
#7592 = VECTOR('',#7593,1.);
#7593 = DIRECTION('',(-0.,1.,0.));
#7594 = PCURVE('',#7273,#7595);
#7595 = DEFINITIONAL_REPRESENTATION('',(#7596),#7600);
#7596 = LINE('',#7597,#7598);
#7597 = CARTESIAN_POINT('',(0.,0.));
#7598 = VECTOR('',#7599,1.);
#7599 = DIRECTION('',(0.,-1.));
#7600 = ( GEOMETRIC_REPRESENTATION_CONTEXT(2) 
PARAMETRIC_REPRESENTATION_CONTEXT() REPRESENTATION_CONTEXT('2D SPACE',''
  ) );
#7601 = PCURVE('',#7602,#7607);
#7602 = PLANE('',#7603);
#7603 = AXIS2_PLACEMENT_3D('',#7604,#7605,#7606);
#7604 = CARTESIAN_POINT('',(140.,-76.2,7.85));
#7605 = DIRECTION('',(0.,0.,1.));
#7606 = DIRECTION('',(1.,0.,-0.));
#7607 = DEFINITIONAL_REPRESENTATION('',(#7608),#7612);
#7608 = LINE('',#7609,#7610);
#7609 = CARTESIAN_POINT('',(3.175,0.));
#7610 = VECTOR('',#7611,1.);
#7611 = DIRECTION('',(0.,1.));
#7612 = ( GEOMETRIC_REPRESENTATION_CONTEXT(2) 
PARAMETRIC_REPRESENTATION_CONTEXT() REPRESENTATION_CONTEXT('2D SPACE',''
  ) );
#7613 = ORIENTED_EDGE('',*,*,#7614,.T.);
#7614 = EDGE_CURVE('',#7587,#7615,#7617,.T.);
#7615 = VERTEX_POINT('',#7616);
#7616 = CARTESIAN_POINT('',(143.175,76.2,58.65));
#7617 = SURFACE_CURVE('',#7618,(#7622,#7629),.PCURVE_S1.);
#7618 = LINE('',#7619,#7620);
#7619 = CARTESIAN_POINT('',(143.175,76.2,7.85));
#7620 = VECTOR('',#7621,1.);
#7621 = DIRECTION('',(0.,0.,1.));
#7622 = PCURVE('',#7273,#7623);
#7623 = DEFINITIONAL_REPRESENTATION('',(#7624),#7628);
#7624 = LINE('',#7625,#7626);
#7625 = CARTESIAN_POINT('',(0.,-152.4));
#7626 = VECTOR('',#7627,1.);
#7627 = DIRECTION('',(1.,0.));
#7628 = ( GEOMETRIC_REPRESENTATION_CONTEXT(2) 
PARAMETRIC_REPRESENTATION_CONTEXT() REPRESENTATION_CONTEXT('2D SPACE',''
  ) );
#7629 = PCURVE('',#7630,#7635);
#7630 = PLANE('',#7631);
#7631 = AXIS2_PLACEMENT_3D('',#7632,#7633,#7634);
#7632 = CARTESIAN_POINT('',(140.,76.2,7.85));
#7633 = DIRECTION('',(-0.,1.,0.));
#7634 = DIRECTION('',(0.,0.,1.));
#7635 = DEFINITIONAL_REPRESENTATION('',(#7636),#7640);
#7636 = LINE('',#7637,#7638);
#7637 = CARTESIAN_POINT('',(0.,3.175));
#7638 = VECTOR('',#7639,1.);
#7639 = DIRECTION('',(1.,0.));
#7640 = ( GEOMETRIC_REPRESENTATION_CONTEXT(2) 
PARAMETRIC_REPRESENTATION_CONTEXT() REPRESENTATION_CONTEXT('2D SPACE',''
  ) );
#7641 = ORIENTED_EDGE('',*,*,#7642,.F.);
#7642 = EDGE_CURVE('',#7559,#7615,#7643,.T.);
#7643 = SURFACE_CURVE('',#7644,(#7648,#7655),.PCURVE_S1.);
#7644 = LINE('',#7645,#7646);
#7645 = CARTESIAN_POINT('',(143.175,-76.2,58.65));
#7646 = VECTOR('',#7647,1.);
#7647 = DIRECTION('',(-0.,1.,0.));
#7648 = PCURVE('',#7273,#7649);
#7649 = DEFINITIONAL_REPRESENTATION('',(#7650),#7654);
#7650 = LINE('',#7651,#7652);
#7651 = CARTESIAN_POINT('',(50.8,0.));
#7652 = VECTOR('',#7653,1.);
#7653 = DIRECTION('',(0.,-1.));
#7654 = ( GEOMETRIC_REPRESENTATION_CONTEXT(2) 
PARAMETRIC_REPRESENTATION_CONTEXT() REPRESENTATION_CONTEXT('2D SPACE',''
  ) );
#7655 = PCURVE('',#7656,#7661);
#7656 = PLANE('',#7657);
#7657 = AXIS2_PLACEMENT_3D('',#7658,#7659,#7660);
#7658 = CARTESIAN_POINT('',(140.,-76.2,58.65));
#7659 = DIRECTION('',(0.,0.,1.));
#7660 = DIRECTION('',(1.,0.,-0.));
#7661 = DEFINITIONAL_REPRESENTATION('',(#7662),#7666);
#7662 = LINE('',#7663,#7664);
#7663 = CARTESIAN_POINT('',(3.175,0.));
#7664 = VECTOR('',#7665,1.);
#7665 = DIRECTION('',(0.,1.));
#7666 = ( GEOMETRIC_REPRESENTATION_CONTEXT(2) 
PARAMETRIC_REPRESENTATION_CONTEXT() REPRESENTATION_CONTEXT('2D SPACE',''
  ) );
#7667 = FACE_BOUND('',#7668,.T.);
#7668 = EDGE_LOOP('',(#7669));
#7669 = ORIENTED_EDGE('',*,*,#7256,.F.);
#7670 = ADVANCED_FACE('',(#7671),#7404,.T.);
#7671 = FACE_BOUND('',#7672,.T.);
#7672 = EDGE_LOOP('',(#7673,#7696,#7697,#7698));
#7673 = ORIENTED_EDGE('',*,*,#7674,.F.);
#7674 = EDGE_CURVE('',#7363,#7675,#7677,.T.);
#7675 = VERTEX_POINT('',#7676);
#7676 = CARTESIAN_POINT('',(140.,70.525,52.975));
#7677 = SURFACE_CURVE('',#7678,(#7682,#7689),.PCURVE_S1.);
#7678 = LINE('',#7679,#7680);
#7679 = CARTESIAN_POINT('',(140.,70.525,13.525));
#7680 = VECTOR('',#7681,1.);
#7681 = DIRECTION('',(0.,0.,1.));
#7682 = PCURVE('',#7404,#7683);
#7683 = DEFINITIONAL_REPRESENTATION('',(#7684),#7688);
#7684 = LINE('',#7685,#7686);
#7685 = CARTESIAN_POINT('',(0.,3.));
#7686 = VECTOR('',#7687,1.);
#7687 = DIRECTION('',(1.,0.));
#7688 = ( GEOMETRIC_REPRESENTATION_CONTEXT(2) 
PARAMETRIC_REPRESENTATION_CONTEXT() REPRESENTATION_CONTEXT('2D SPACE',''
  ) );
#7689 = PCURVE('',#7379,#7690);
#7690 = DEFINITIONAL_REPRESENTATION('',(#7691),#7695);
#7691 = LINE('',#7692,#7693);
#7692 = CARTESIAN_POINT('',(5.675,-146.725));
#7693 = VECTOR('',#7694,1.);
#7694 = DIRECTION('',(1.,0.));
#7695 = ( GEOMETRIC_REPRESENTATION_CONTEXT(2) 
PARAMETRIC_REPRESENTATION_CONTEXT() REPRESENTATION_CONTEXT('2D SPACE',''
  ) );
#7696 = ORIENTED_EDGE('',*,*,#7391,.F.);
#7697 = ORIENTED_EDGE('',*,*,#7482,.T.);
#7698 = ORIENTED_EDGE('',*,*,#7699,.T.);
#7699 = EDGE_CURVE('',#7455,#7675,#7700,.T.);
#7700 = SURFACE_CURVE('',#7701,(#7705,#7712),.PCURVE_S1.);
#7701 = LINE('',#7702,#7703);
#7702 = CARTESIAN_POINT('',(137.,70.525,52.975));
#7703 = VECTOR('',#7704,1.);
#7704 = DIRECTION('',(1.,0.,-0.));
#7705 = PCURVE('',#7404,#7706);
#7706 = DEFINITIONAL_REPRESENTATION('',(#7707),#7711);
#7707 = LINE('',#7708,#7709);
#7708 = CARTESIAN_POINT('',(39.45,0.));
#7709 = VECTOR('',#7710,1.);
#7710 = DIRECTION('',(0.,1.));
#7711 = ( GEOMETRIC_REPRESENTATION_CONTEXT(2) 
PARAMETRIC_REPRESENTATION_CONTEXT() REPRESENTATION_CONTEXT('2D SPACE',''
  ) );
#7712 = PCURVE('',#7470,#7713);
#7713 = DEFINITIONAL_REPRESENTATION('',(#7714),#7718);
#7714 = LINE('',#7715,#7716);
#7715 = CARTESIAN_POINT('',(0.,141.05));
#7716 = VECTOR('',#7717,1.);
#7717 = DIRECTION('',(1.,0.));
#7718 = ( GEOMETRIC_REPRESENTATION_CONTEXT(2) 
PARAMETRIC_REPRESENTATION_CONTEXT() REPRESENTATION_CONTEXT('2D SPACE',''
  ) );
#7719 = ADVANCED_FACE('',(#7720,#7814),#7379,.F.);
#7720 = FACE_BOUND('',#7721,.F.);
#7721 = EDGE_LOOP('',(#7722,#7747,#7770,#7793));
#7722 = ORIENTED_EDGE('',*,*,#7723,.F.);
#7723 = EDGE_CURVE('',#7724,#7726,#7728,.T.);
#7724 = VERTEX_POINT('',#7725);
#7725 = CARTESIAN_POINT('',(140.,-76.2,7.85));
#7726 = VERTEX_POINT('',#7727);
#7727 = CARTESIAN_POINT('',(140.,-76.2,58.65));
#7728 = SURFACE_CURVE('',#7729,(#7733,#7740),.PCURVE_S1.);
#7729 = LINE('',#7730,#7731);
#7730 = CARTESIAN_POINT('',(140.,-76.2,7.85));
#7731 = VECTOR('',#7732,1.);
#7732 = DIRECTION('',(0.,0.,1.));
#7733 = PCURVE('',#7379,#7734);
#7734 = DEFINITIONAL_REPRESENTATION('',(#7735),#7739);
#7735 = LINE('',#7736,#7737);
#7736 = CARTESIAN_POINT('',(0.,0.));
#7737 = VECTOR('',#7738,1.);
#7738 = DIRECTION('',(1.,0.));
#7739 = ( GEOMETRIC_REPRESENTATION_CONTEXT(2) 
PARAMETRIC_REPRESENTATION_CONTEXT() REPRESENTATION_CONTEXT('2D SPACE',''
  ) );
#7740 = PCURVE('',#7574,#7741);
#7741 = DEFINITIONAL_REPRESENTATION('',(#7742),#7746);
#7742 = LINE('',#7743,#7744);
#7743 = CARTESIAN_POINT('',(0.,0.));
#7744 = VECTOR('',#7745,1.);
#7745 = DIRECTION('',(1.,0.));
#7746 = ( GEOMETRIC_REPRESENTATION_CONTEXT(2) 
PARAMETRIC_REPRESENTATION_CONTEXT() REPRESENTATION_CONTEXT('2D SPACE',''
  ) );
#7747 = ORIENTED_EDGE('',*,*,#7748,.T.);
#7748 = EDGE_CURVE('',#7724,#7749,#7751,.T.);
#7749 = VERTEX_POINT('',#7750);
#7750 = CARTESIAN_POINT('',(140.,76.2,7.85));
#7751 = SURFACE_CURVE('',#7752,(#7756,#7763),.PCURVE_S1.);
#7752 = LINE('',#7753,#7754);
#7753 = CARTESIAN_POINT('',(140.,-76.2,7.85));
#7754 = VECTOR('',#7755,1.);
#7755 = DIRECTION('',(-0.,1.,0.));
#7756 = PCURVE('',#7379,#7757);
#7757 = DEFINITIONAL_REPRESENTATION('',(#7758),#7762);
#7758 = LINE('',#7759,#7760);
#7759 = CARTESIAN_POINT('',(0.,0.));
#7760 = VECTOR('',#7761,1.);
#7761 = DIRECTION('',(0.,-1.));
#7762 = ( GEOMETRIC_REPRESENTATION_CONTEXT(2) 
PARAMETRIC_REPRESENTATION_CONTEXT() REPRESENTATION_CONTEXT('2D SPACE',''
  ) );
#7763 = PCURVE('',#7602,#7764);
#7764 = DEFINITIONAL_REPRESENTATION('',(#7765),#7769);
#7765 = LINE('',#7766,#7767);
#7766 = CARTESIAN_POINT('',(0.,0.));
#7767 = VECTOR('',#7768,1.);
#7768 = DIRECTION('',(0.,1.));
#7769 = ( GEOMETRIC_REPRESENTATION_CONTEXT(2) 
PARAMETRIC_REPRESENTATION_CONTEXT() REPRESENTATION_CONTEXT('2D SPACE',''
  ) );
#7770 = ORIENTED_EDGE('',*,*,#7771,.T.);
#7771 = EDGE_CURVE('',#7749,#7772,#7774,.T.);
#7772 = VERTEX_POINT('',#7773);
#7773 = CARTESIAN_POINT('',(140.,76.2,58.65));
#7774 = SURFACE_CURVE('',#7775,(#7779,#7786),.PCURVE_S1.);
#7775 = LINE('',#7776,#7777);
#7776 = CARTESIAN_POINT('',(140.,76.2,7.85));
#7777 = VECTOR('',#7778,1.);
#7778 = DIRECTION('',(0.,0.,1.));
#7779 = PCURVE('',#7379,#7780);
#7780 = DEFINITIONAL_REPRESENTATION('',(#7781),#7785);
#7781 = LINE('',#7782,#7783);
#7782 = CARTESIAN_POINT('',(0.,-152.4));
#7783 = VECTOR('',#7784,1.);
#7784 = DIRECTION('',(1.,0.));
#7785 = ( GEOMETRIC_REPRESENTATION_CONTEXT(2) 
PARAMETRIC_REPRESENTATION_CONTEXT() REPRESENTATION_CONTEXT('2D SPACE',''
  ) );
#7786 = PCURVE('',#7630,#7787);
#7787 = DEFINITIONAL_REPRESENTATION('',(#7788),#7792);
#7788 = LINE('',#7789,#7790);
#7789 = CARTESIAN_POINT('',(0.,0.));
#7790 = VECTOR('',#7791,1.);
#7791 = DIRECTION('',(1.,0.));
#7792 = ( GEOMETRIC_REPRESENTATION_CONTEXT(2) 
PARAMETRIC_REPRESENTATION_CONTEXT() REPRESENTATION_CONTEXT('2D SPACE',''
  ) );
#7793 = ORIENTED_EDGE('',*,*,#7794,.F.);
#7794 = EDGE_CURVE('',#7726,#7772,#7795,.T.);
#7795 = SURFACE_CURVE('',#7796,(#7800,#7807),.PCURVE_S1.);
#7796 = LINE('',#7797,#7798);
#7797 = CARTESIAN_POINT('',(140.,-76.2,58.65));
#7798 = VECTOR('',#7799,1.);
#7799 = DIRECTION('',(-0.,1.,0.));
#7800 = PCURVE('',#7379,#7801);
#7801 = DEFINITIONAL_REPRESENTATION('',(#7802),#7806);
#7802 = LINE('',#7803,#7804);
#7803 = CARTESIAN_POINT('',(50.8,0.));
#7804 = VECTOR('',#7805,1.);
#7805 = DIRECTION('',(0.,-1.));
#7806 = ( GEOMETRIC_REPRESENTATION_CONTEXT(2) 
PARAMETRIC_REPRESENTATION_CONTEXT() REPRESENTATION_CONTEXT('2D SPACE',''
  ) );
#7807 = PCURVE('',#7656,#7808);
#7808 = DEFINITIONAL_REPRESENTATION('',(#7809),#7813);
#7809 = LINE('',#7810,#7811);
#7810 = CARTESIAN_POINT('',(0.,0.));
#7811 = VECTOR('',#7812,1.);
#7812 = DIRECTION('',(0.,1.));
#7813 = ( GEOMETRIC_REPRESENTATION_CONTEXT(2) 
PARAMETRIC_REPRESENTATION_CONTEXT() REPRESENTATION_CONTEXT('2D SPACE',''
  ) );
#7814 = FACE_BOUND('',#7815,.F.);
#7815 = EDGE_LOOP('',(#7816,#7841,#7862,#7863,#7864,#7887));
#7816 = ORIENTED_EDGE('',*,*,#7817,.T.);
#7817 = EDGE_CURVE('',#7818,#7820,#7822,.T.);
#7818 = VERTEX_POINT('',#7819);
#7819 = CARTESIAN_POINT('',(140.,-70.525,13.525));
#7820 = VERTEX_POINT('',#7821);
#7821 = CARTESIAN_POINT('',(140.,-70.525,52.975));
#7822 = SURFACE_CURVE('',#7823,(#7827,#7834),.PCURVE_S1.);
#7823 = LINE('',#7824,#7825);
#7824 = CARTESIAN_POINT('',(140.,-70.525,13.525));
#7825 = VECTOR('',#7826,1.);
#7826 = DIRECTION('',(0.,0.,1.));
#7827 = PCURVE('',#7379,#7828);
#7828 = DEFINITIONAL_REPRESENTATION('',(#7829),#7833);
#7829 = LINE('',#7830,#7831);
#7830 = CARTESIAN_POINT('',(5.675,-5.675));
#7831 = VECTOR('',#7832,1.);
#7832 = DIRECTION('',(1.,0.));
#7833 = ( GEOMETRIC_REPRESENTATION_CONTEXT(2) 
PARAMETRIC_REPRESENTATION_CONTEXT() REPRESENTATION_CONTEXT('2D SPACE',''
  ) );
#7834 = PCURVE('',#7442,#7835);
#7835 = DEFINITIONAL_REPRESENTATION('',(#7836),#7840);
#7836 = LINE('',#7837,#7838);
#7837 = CARTESIAN_POINT('',(0.,3.));
#7838 = VECTOR('',#7839,1.);
#7839 = DIRECTION('',(1.,0.));
#7840 = ( GEOMETRIC_REPRESENTATION_CONTEXT(2) 
PARAMETRIC_REPRESENTATION_CONTEXT() REPRESENTATION_CONTEXT('2D SPACE',''
  ) );
#7841 = ORIENTED_EDGE('',*,*,#7842,.T.);
#7842 = EDGE_CURVE('',#7820,#7675,#7843,.T.);
#7843 = SURFACE_CURVE('',#7844,(#7848,#7855),.PCURVE_S1.);
#7844 = LINE('',#7845,#7846);
#7845 = CARTESIAN_POINT('',(140.,-70.525,52.975));
#7846 = VECTOR('',#7847,1.);
#7847 = DIRECTION('',(-0.,1.,0.));
#7848 = PCURVE('',#7379,#7849);
#7849 = DEFINITIONAL_REPRESENTATION('',(#7850),#7854);
#7850 = LINE('',#7851,#7852);
#7851 = CARTESIAN_POINT('',(45.125,-5.675));
#7852 = VECTOR('',#7853,1.);
#7853 = DIRECTION('',(0.,-1.));
#7854 = ( GEOMETRIC_REPRESENTATION_CONTEXT(2) 
PARAMETRIC_REPRESENTATION_CONTEXT() REPRESENTATION_CONTEXT('2D SPACE',''
  ) );
#7855 = PCURVE('',#7470,#7856);
#7856 = DEFINITIONAL_REPRESENTATION('',(#7857),#7861);
#7857 = LINE('',#7858,#7859);
#7858 = CARTESIAN_POINT('',(3.,0.));
#7859 = VECTOR('',#7860,1.);
#7860 = DIRECTION('',(0.,1.));
#7861 = ( GEOMETRIC_REPRESENTATION_CONTEXT(2) 
PARAMETRIC_REPRESENTATION_CONTEXT() REPRESENTATION_CONTEXT('2D SPACE',''
  ) );
#7862 = ORIENTED_EDGE('',*,*,#7674,.F.);
#7863 = ORIENTED_EDGE('',*,*,#7362,.F.);
#7864 = ORIENTED_EDGE('',*,*,#7865,.F.);
#7865 = EDGE_CURVE('',#7866,#7337,#7868,.T.);
#7866 = VERTEX_POINT('',#7867);
#7867 = CARTESIAN_POINT('',(140.,70.525,13.525));
#7868 = SURFACE_CURVE('',#7869,(#7873,#7880),.PCURVE_S1.);
#7869 = LINE('',#7870,#7871);
#7870 = CARTESIAN_POINT('',(140.,70.525,13.525));
#7871 = VECTOR('',#7872,1.);
#7872 = DIRECTION('',(0.,0.,1.));
#7873 = PCURVE('',#7379,#7874);
#7874 = DEFINITIONAL_REPRESENTATION('',(#7875),#7879);
#7875 = LINE('',#7876,#7877);
#7876 = CARTESIAN_POINT('',(5.675,-146.725));
#7877 = VECTOR('',#7878,1.);
#7878 = DIRECTION('',(1.,0.));
#7879 = ( GEOMETRIC_REPRESENTATION_CONTEXT(2) 
PARAMETRIC_REPRESENTATION_CONTEXT() REPRESENTATION_CONTEXT('2D SPACE',''
  ) );
#7880 = PCURVE('',#7351,#7881);
#7881 = DEFINITIONAL_REPRESENTATION('',(#7882),#7886);
#7882 = LINE('',#7883,#7884);
#7883 = CARTESIAN_POINT('',(0.,3.));
#7884 = VECTOR('',#7885,1.);
#7885 = DIRECTION('',(1.,0.));
#7886 = ( GEOMETRIC_REPRESENTATION_CONTEXT(2) 
PARAMETRIC_REPRESENTATION_CONTEXT() REPRESENTATION_CONTEXT('2D SPACE',''
  ) );
#7887 = ORIENTED_EDGE('',*,*,#7888,.F.);
#7888 = EDGE_CURVE('',#7818,#7866,#7889,.T.);
#7889 = SURFACE_CURVE('',#7890,(#7894,#7901),.PCURVE_S1.);
#7890 = LINE('',#7891,#7892);
#7891 = CARTESIAN_POINT('',(140.,-70.525,13.525));
#7892 = VECTOR('',#7893,1.);
#7893 = DIRECTION('',(-0.,1.,0.));
#7894 = PCURVE('',#7379,#7895);
#7895 = DEFINITIONAL_REPRESENTATION('',(#7896),#7900);
#7896 = LINE('',#7897,#7898);
#7897 = CARTESIAN_POINT('',(5.675,-5.675));
#7898 = VECTOR('',#7899,1.);
#7899 = DIRECTION('',(0.,-1.));
#7900 = ( GEOMETRIC_REPRESENTATION_CONTEXT(2) 
PARAMETRIC_REPRESENTATION_CONTEXT() REPRESENTATION_CONTEXT('2D SPACE',''
  ) );
#7901 = PCURVE('',#7541,#7902);
#7902 = DEFINITIONAL_REPRESENTATION('',(#7903),#7907);
#7903 = LINE('',#7904,#7905);
#7904 = CARTESIAN_POINT('',(3.,0.));
#7905 = VECTOR('',#7906,1.);
#7906 = DIRECTION('',(0.,1.));
#7907 = ( GEOMETRIC_REPRESENTATION_CONTEXT(2) 
PARAMETRIC_REPRESENTATION_CONTEXT() REPRESENTATION_CONTEXT('2D SPACE',''
  ) );
#7908 = ADVANCED_FACE('',(#7909),#7351,.T.);
#7909 = FACE_BOUND('',#7910,.T.);
#7910 = EDGE_LOOP('',(#7911,#7912,#7933,#7934));
#7911 = ORIENTED_EDGE('',*,*,#7865,.F.);
#7912 = ORIENTED_EDGE('',*,*,#7913,.F.);
#7913 = EDGE_CURVE('',#7505,#7866,#7914,.T.);
#7914 = SURFACE_CURVE('',#7915,(#7919,#7926),.PCURVE_S1.);
#7915 = LINE('',#7916,#7917);
#7916 = CARTESIAN_POINT('',(137.,70.525,13.525));
#7917 = VECTOR('',#7918,1.);
#7918 = DIRECTION('',(1.,0.,-0.));
#7919 = PCURVE('',#7351,#7920);
#7920 = DEFINITIONAL_REPRESENTATION('',(#7921),#7925);
#7921 = LINE('',#7922,#7923);
#7922 = CARTESIAN_POINT('',(0.,0.));
#7923 = VECTOR('',#7924,1.);
#7924 = DIRECTION('',(0.,1.));
#7925 = ( GEOMETRIC_REPRESENTATION_CONTEXT(2) 
PARAMETRIC_REPRESENTATION_CONTEXT() REPRESENTATION_CONTEXT('2D SPACE',''
  ) );
#7926 = PCURVE('',#7541,#7927);
#7927 = DEFINITIONAL_REPRESENTATION('',(#7928),#7932);
#7928 = LINE('',#7929,#7930);
#7929 = CARTESIAN_POINT('',(0.,141.05));
#7930 = VECTOR('',#7931,1.);
#7931 = DIRECTION('',(1.,0.));
#7932 = ( GEOMETRIC_REPRESENTATION_CONTEXT(2) 
PARAMETRIC_REPRESENTATION_CONTEXT() REPRESENTATION_CONTEXT('2D SPACE',''
  ) );
#7933 = ORIENTED_EDGE('',*,*,#7504,.T.);
#7934 = ORIENTED_EDGE('',*,*,#7336,.T.);
#7935 = ADVANCED_FACE('',(#7936),#7442,.F.);
#7936 = FACE_BOUND('',#7937,.F.);
#7937 = EDGE_LOOP('',(#7938,#7959,#7960,#7981));
#7938 = ORIENTED_EDGE('',*,*,#7939,.F.);
#7939 = EDGE_CURVE('',#7425,#7818,#7940,.T.);
#7940 = SURFACE_CURVE('',#7941,(#7945,#7952),.PCURVE_S1.);
#7941 = LINE('',#7942,#7943);
#7942 = CARTESIAN_POINT('',(137.,-70.525,13.525));
#7943 = VECTOR('',#7944,1.);
#7944 = DIRECTION('',(1.,0.,-0.));
#7945 = PCURVE('',#7442,#7946);
#7946 = DEFINITIONAL_REPRESENTATION('',(#7947),#7951);
#7947 = LINE('',#7948,#7949);
#7948 = CARTESIAN_POINT('',(0.,0.));
#7949 = VECTOR('',#7950,1.);
#7950 = DIRECTION('',(0.,1.));
#7951 = ( GEOMETRIC_REPRESENTATION_CONTEXT(2) 
PARAMETRIC_REPRESENTATION_CONTEXT() REPRESENTATION_CONTEXT('2D SPACE',''
  ) );
#7952 = PCURVE('',#7541,#7953);
#7953 = DEFINITIONAL_REPRESENTATION('',(#7954),#7958);
#7954 = LINE('',#7955,#7956);
#7955 = CARTESIAN_POINT('',(0.,0.));
#7956 = VECTOR('',#7957,1.);
#7957 = DIRECTION('',(1.,0.));
#7958 = ( GEOMETRIC_REPRESENTATION_CONTEXT(2) 
PARAMETRIC_REPRESENTATION_CONTEXT() REPRESENTATION_CONTEXT('2D SPACE',''
  ) );
#7959 = ORIENTED_EDGE('',*,*,#7424,.T.);
#7960 = ORIENTED_EDGE('',*,*,#7961,.T.);
#7961 = EDGE_CURVE('',#7427,#7820,#7962,.T.);
#7962 = SURFACE_CURVE('',#7963,(#7967,#7974),.PCURVE_S1.);
#7963 = LINE('',#7964,#7965);
#7964 = CARTESIAN_POINT('',(137.,-70.525,52.975));
#7965 = VECTOR('',#7966,1.);
#7966 = DIRECTION('',(1.,0.,-0.));
#7967 = PCURVE('',#7442,#7968);
#7968 = DEFINITIONAL_REPRESENTATION('',(#7969),#7973);
#7969 = LINE('',#7970,#7971);
#7970 = CARTESIAN_POINT('',(39.45,0.));
#7971 = VECTOR('',#7972,1.);
#7972 = DIRECTION('',(0.,1.));
#7973 = ( GEOMETRIC_REPRESENTATION_CONTEXT(2) 
PARAMETRIC_REPRESENTATION_CONTEXT() REPRESENTATION_CONTEXT('2D SPACE',''
  ) );
#7974 = PCURVE('',#7470,#7975);
#7975 = DEFINITIONAL_REPRESENTATION('',(#7976),#7980);
#7976 = LINE('',#7977,#7978);
#7977 = CARTESIAN_POINT('',(0.,0.));
#7978 = VECTOR('',#7979,1.);
#7979 = DIRECTION('',(1.,0.));
#7980 = ( GEOMETRIC_REPRESENTATION_CONTEXT(2) 
PARAMETRIC_REPRESENTATION_CONTEXT() REPRESENTATION_CONTEXT('2D SPACE',''
  ) );
#7981 = ORIENTED_EDGE('',*,*,#7817,.F.);
#7982 = ADVANCED_FACE('',(#7983),#7541,.F.);
#7983 = FACE_BOUND('',#7984,.F.);
#7984 = EDGE_LOOP('',(#7985,#7986,#7987,#7988));
#7985 = ORIENTED_EDGE('',*,*,#7527,.F.);
#7986 = ORIENTED_EDGE('',*,*,#7939,.T.);
#7987 = ORIENTED_EDGE('',*,*,#7888,.T.);
#7988 = ORIENTED_EDGE('',*,*,#7913,.F.);
#7989 = ADVANCED_FACE('',(#7990),#7470,.T.);
#7990 = FACE_BOUND('',#7991,.T.);
#7991 = EDGE_LOOP('',(#7992,#7993,#7994,#7995));
#7992 = ORIENTED_EDGE('',*,*,#7454,.F.);
#7993 = ORIENTED_EDGE('',*,*,#7961,.T.);
#7994 = ORIENTED_EDGE('',*,*,#7842,.T.);
#7995 = ORIENTED_EDGE('',*,*,#7699,.F.);
#7996 = ADVANCED_FACE('',(#7997),#7574,.F.);
#7997 = FACE_BOUND('',#7998,.F.);
#7998 = EDGE_LOOP('',(#7999,#8020,#8021,#8042));
#7999 = ORIENTED_EDGE('',*,*,#8000,.F.);
#8000 = EDGE_CURVE('',#7724,#7557,#8001,.T.);
#8001 = SURFACE_CURVE('',#8002,(#8006,#8013),.PCURVE_S1.);
#8002 = LINE('',#8003,#8004);
#8003 = CARTESIAN_POINT('',(140.,-76.2,7.85));
#8004 = VECTOR('',#8005,1.);
#8005 = DIRECTION('',(1.,0.,-0.));
#8006 = PCURVE('',#7574,#8007);
#8007 = DEFINITIONAL_REPRESENTATION('',(#8008),#8012);
#8008 = LINE('',#8009,#8010);
#8009 = CARTESIAN_POINT('',(0.,0.));
#8010 = VECTOR('',#8011,1.);
#8011 = DIRECTION('',(0.,1.));
#8012 = ( GEOMETRIC_REPRESENTATION_CONTEXT(2) 
PARAMETRIC_REPRESENTATION_CONTEXT() REPRESENTATION_CONTEXT('2D SPACE',''
  ) );
#8013 = PCURVE('',#7602,#8014);
#8014 = DEFINITIONAL_REPRESENTATION('',(#8015),#8019);
#8015 = LINE('',#8016,#8017);
#8016 = CARTESIAN_POINT('',(0.,0.));
#8017 = VECTOR('',#8018,1.);
#8018 = DIRECTION('',(1.,0.));
#8019 = ( GEOMETRIC_REPRESENTATION_CONTEXT(2) 
PARAMETRIC_REPRESENTATION_CONTEXT() REPRESENTATION_CONTEXT('2D SPACE',''
  ) );
#8020 = ORIENTED_EDGE('',*,*,#7723,.T.);
#8021 = ORIENTED_EDGE('',*,*,#8022,.T.);
#8022 = EDGE_CURVE('',#7726,#7559,#8023,.T.);
#8023 = SURFACE_CURVE('',#8024,(#8028,#8035),.PCURVE_S1.);
#8024 = LINE('',#8025,#8026);
#8025 = CARTESIAN_POINT('',(140.,-76.2,58.65));
#8026 = VECTOR('',#8027,1.);
#8027 = DIRECTION('',(1.,0.,-0.));
#8028 = PCURVE('',#7574,#8029);
#8029 = DEFINITIONAL_REPRESENTATION('',(#8030),#8034);
#8030 = LINE('',#8031,#8032);
#8031 = CARTESIAN_POINT('',(50.8,0.));
#8032 = VECTOR('',#8033,1.);
#8033 = DIRECTION('',(0.,1.));
#8034 = ( GEOMETRIC_REPRESENTATION_CONTEXT(2) 
PARAMETRIC_REPRESENTATION_CONTEXT() REPRESENTATION_CONTEXT('2D SPACE',''
  ) );
#8035 = PCURVE('',#7656,#8036);
#8036 = DEFINITIONAL_REPRESENTATION('',(#8037),#8041);
#8037 = LINE('',#8038,#8039);
#8038 = CARTESIAN_POINT('',(0.,0.));
#8039 = VECTOR('',#8040,1.);
#8040 = DIRECTION('',(1.,0.));
#8041 = ( GEOMETRIC_REPRESENTATION_CONTEXT(2) 
PARAMETRIC_REPRESENTATION_CONTEXT() REPRESENTATION_CONTEXT('2D SPACE',''
  ) );
#8042 = ORIENTED_EDGE('',*,*,#7556,.F.);
#8043 = ADVANCED_FACE('',(#8044),#7656,.T.);
#8044 = FACE_BOUND('',#8045,.T.);
#8045 = EDGE_LOOP('',(#8046,#8047,#8048,#8049));
#8046 = ORIENTED_EDGE('',*,*,#7794,.F.);
#8047 = ORIENTED_EDGE('',*,*,#8022,.T.);
#8048 = ORIENTED_EDGE('',*,*,#7642,.T.);
#8049 = ORIENTED_EDGE('',*,*,#8050,.F.);
#8050 = EDGE_CURVE('',#7772,#7615,#8051,.T.);
#8051 = SURFACE_CURVE('',#8052,(#8056,#8063),.PCURVE_S1.);
#8052 = LINE('',#8053,#8054);
#8053 = CARTESIAN_POINT('',(140.,76.2,58.65));
#8054 = VECTOR('',#8055,1.);
#8055 = DIRECTION('',(1.,0.,-0.));
#8056 = PCURVE('',#7656,#8057);
#8057 = DEFINITIONAL_REPRESENTATION('',(#8058),#8062);
#8058 = LINE('',#8059,#8060);
#8059 = CARTESIAN_POINT('',(0.,152.4));
#8060 = VECTOR('',#8061,1.);
#8061 = DIRECTION('',(1.,0.));
#8062 = ( GEOMETRIC_REPRESENTATION_CONTEXT(2) 
PARAMETRIC_REPRESENTATION_CONTEXT() REPRESENTATION_CONTEXT('2D SPACE',''
  ) );
#8063 = PCURVE('',#7630,#8064);
#8064 = DEFINITIONAL_REPRESENTATION('',(#8065),#8069);
#8065 = LINE('',#8066,#8067);
#8066 = CARTESIAN_POINT('',(50.8,0.));
#8067 = VECTOR('',#8068,1.);
#8068 = DIRECTION('',(0.,1.));
#8069 = ( GEOMETRIC_REPRESENTATION_CONTEXT(2) 
PARAMETRIC_REPRESENTATION_CONTEXT() REPRESENTATION_CONTEXT('2D SPACE',''
  ) );
#8070 = ADVANCED_FACE('',(#8071),#7602,.F.);
#8071 = FACE_BOUND('',#8072,.F.);
#8072 = EDGE_LOOP('',(#8073,#8074,#8075,#8076));
#8073 = ORIENTED_EDGE('',*,*,#7748,.F.);
#8074 = ORIENTED_EDGE('',*,*,#8000,.T.);
#8075 = ORIENTED_EDGE('',*,*,#7586,.T.);
#8076 = ORIENTED_EDGE('',*,*,#8077,.F.);
#8077 = EDGE_CURVE('',#7749,#7587,#8078,.T.);
#8078 = SURFACE_CURVE('',#8079,(#8083,#8090),.PCURVE_S1.);
#8079 = LINE('',#8080,#8081);
#8080 = CARTESIAN_POINT('',(140.,76.2,7.85));
#8081 = VECTOR('',#8082,1.);
#8082 = DIRECTION('',(1.,0.,-0.));
#8083 = PCURVE('',#7602,#8084);
#8084 = DEFINITIONAL_REPRESENTATION('',(#8085),#8089);
#8085 = LINE('',#8086,#8087);
#8086 = CARTESIAN_POINT('',(0.,152.4));
#8087 = VECTOR('',#8088,1.);
#8088 = DIRECTION('',(1.,0.));
#8089 = ( GEOMETRIC_REPRESENTATION_CONTEXT(2) 
PARAMETRIC_REPRESENTATION_CONTEXT() REPRESENTATION_CONTEXT('2D SPACE',''
  ) );
#8090 = PCURVE('',#7630,#8091);
#8091 = DEFINITIONAL_REPRESENTATION('',(#8092),#8096);
#8092 = LINE('',#8093,#8094);
#8093 = CARTESIAN_POINT('',(0.,0.));
#8094 = VECTOR('',#8095,1.);
#8095 = DIRECTION('',(0.,1.));
#8096 = ( GEOMETRIC_REPRESENTATION_CONTEXT(2) 
PARAMETRIC_REPRESENTATION_CONTEXT() REPRESENTATION_CONTEXT('2D SPACE',''
  ) );
#8097 = ADVANCED_FACE('',(#8098),#7630,.T.);
#8098 = FACE_BOUND('',#8099,.T.);
#8099 = EDGE_LOOP('',(#8100,#8101,#8102,#8103));
#8100 = ORIENTED_EDGE('',*,*,#8077,.F.);
#8101 = ORIENTED_EDGE('',*,*,#7771,.T.);
#8102 = ORIENTED_EDGE('',*,*,#8050,.T.);
#8103 = ORIENTED_EDGE('',*,*,#7614,.F.);
#8104 = ( GEOMETRIC_REPRESENTATION_CONTEXT(3) 
GLOBAL_UNCERTAINTY_ASSIGNED_CONTEXT((#8108)) 
GLOBAL_UNIT_ASSIGNED_CONTEXT((#8105,#8106,#8107)) REPRESENTATION_CONTEXT
('Context #1','3D Context with UNIT and UNCERTAINTY') );
#8105 = ( LENGTH_UNIT() NAMED_UNIT(*) SI_UNIT(.MILLI.,.METRE.) );
#8106 = ( NAMED_UNIT(*) PLANE_ANGLE_UNIT() SI_UNIT($,.RADIAN.) );
#8107 = ( NAMED_UNIT(*) SI_UNIT($,.STERADIAN.) SOLID_ANGLE_UNIT() );
#8108 = UNCERTAINTY_MEASURE_WITH_UNIT(LENGTH_MEASURE(1.E-07),#8105,
  'distance_accuracy_value','confusion accuracy');
#8109 = CONTEXT_DEPENDENT_SHAPE_REPRESENTATION(#8110,#8112);
#8110 = ( REPRESENTATION_RELATIONSHIP('','',#6897,#36) 
REPRESENTATION_RELATIONSHIP_WITH_TRANSFORMATION(#8111) 
SHAPE_REPRESENTATION_RELATIONSHIP() );
#8111 = ITEM_DEFINED_TRANSFORMATION('','',#11,#45);
#8112 = PRODUCT_DEFINITION_SHAPE('Placement','Placement of an item',
  #8113);
#8113 = NEXT_ASSEMBLY_USAGE_OCCURRENCE('3','=>[0:1:1:5]','',#31,#6892,$
  );
#8114 = PRODUCT_RELATED_PRODUCT_CATEGORY('part',$,(#6894));
#8115 = SHAPE_DEFINITION_REPRESENTATION(#8116,#8122);
#8116 = PRODUCT_DEFINITION_SHAPE('','',#8117);
#8117 = PRODUCT_DEFINITION('design','',#8118,#8121);
#8118 = PRODUCT_DEFINITION_FORMATION('','',#8119);
#8119 = PRODUCT('COMPOUND','COMPOUND','',(#8120));
#8120 = PRODUCT_CONTEXT('',#2,'mechanical');
#8121 = PRODUCT_DEFINITION_CONTEXT('part definition',#2,'design');
#8122 = ADVANCED_BREP_SHAPE_REPRESENTATION('',(#11,#8123),#9097);
#8123 = MANIFOLD_SOLID_BREP('',#8124);
#8124 = CLOSED_SHELL('',(#8125,#8359,#8435,#8484,#8533,#8560,#8636,#8685
    ,#8734,#8761,#8768,#8889,#8965,#9014,#9063,#9090));
#8125 = ADVANCED_FACE('',(#8126,#8245),#8140,.F.);
#8126 = FACE_BOUND('',#8127,.F.);
#8127 = EDGE_LOOP('',(#8128,#8163,#8191,#8219));
#8128 = ORIENTED_EDGE('',*,*,#8129,.F.);
#8129 = EDGE_CURVE('',#8130,#8132,#8134,.T.);
#8130 = VERTEX_POINT('',#8131);
#8131 = CARTESIAN_POINT('',(-137.,-72.825,11.225));
#8132 = VERTEX_POINT('',#8133);
#8133 = CARTESIAN_POINT('',(-137.,-72.825,55.275));
#8134 = SURFACE_CURVE('',#8135,(#8139,#8151),.PCURVE_S1.);
#8135 = LINE('',#8136,#8137);
#8136 = CARTESIAN_POINT('',(-137.,-72.825,11.225));
#8137 = VECTOR('',#8138,1.);
#8138 = DIRECTION('',(0.,0.,1.));
#8139 = PCURVE('',#8140,#8145);
#8140 = PLANE('',#8141);
#8141 = AXIS2_PLACEMENT_3D('',#8142,#8143,#8144);
#8142 = CARTESIAN_POINT('',(-137.,-72.825,11.225));
#8143 = DIRECTION('',(1.,0.,-0.));
#8144 = DIRECTION('',(0.,0.,1.));
#8145 = DEFINITIONAL_REPRESENTATION('',(#8146),#8150);
#8146 = LINE('',#8147,#8148);
#8147 = CARTESIAN_POINT('',(0.,0.));
#8148 = VECTOR('',#8149,1.);
#8149 = DIRECTION('',(1.,0.));
#8150 = ( GEOMETRIC_REPRESENTATION_CONTEXT(2) 
PARAMETRIC_REPRESENTATION_CONTEXT() REPRESENTATION_CONTEXT('2D SPACE',''
  ) );
#8151 = PCURVE('',#8152,#8157);
#8152 = PLANE('',#8153);
#8153 = AXIS2_PLACEMENT_3D('',#8154,#8155,#8156);
#8154 = CARTESIAN_POINT('',(-137.,-72.825,11.225));
#8155 = DIRECTION('',(-0.,1.,0.));
#8156 = DIRECTION('',(0.,0.,1.));
#8157 = DEFINITIONAL_REPRESENTATION('',(#8158),#8162);
#8158 = LINE('',#8159,#8160);
#8159 = CARTESIAN_POINT('',(0.,0.));
#8160 = VECTOR('',#8161,1.);
#8161 = DIRECTION('',(1.,0.));
#8162 = ( GEOMETRIC_REPRESENTATION_CONTEXT(2) 
PARAMETRIC_REPRESENTATION_CONTEXT() REPRESENTATION_CONTEXT('2D SPACE',''
  ) );
#8163 = ORIENTED_EDGE('',*,*,#8164,.T.);
#8164 = EDGE_CURVE('',#8130,#8165,#8167,.T.);
#8165 = VERTEX_POINT('',#8166);
#8166 = CARTESIAN_POINT('',(-137.,72.825,11.225));
#8167 = SURFACE_CURVE('',#8168,(#8172,#8179),.PCURVE_S1.);
#8168 = LINE('',#8169,#8170);
#8169 = CARTESIAN_POINT('',(-137.,-72.825,11.225));
#8170 = VECTOR('',#8171,1.);
#8171 = DIRECTION('',(-0.,1.,0.));
#8172 = PCURVE('',#8140,#8173);
#8173 = DEFINITIONAL_REPRESENTATION('',(#8174),#8178);
#8174 = LINE('',#8175,#8176);
#8175 = CARTESIAN_POINT('',(0.,0.));
#8176 = VECTOR('',#8177,1.);
#8177 = DIRECTION('',(0.,-1.));
#8178 = ( GEOMETRIC_REPRESENTATION_CONTEXT(2) 
PARAMETRIC_REPRESENTATION_CONTEXT() REPRESENTATION_CONTEXT('2D SPACE',''
  ) );
#8179 = PCURVE('',#8180,#8185);
#8180 = PLANE('',#8181);
#8181 = AXIS2_PLACEMENT_3D('',#8182,#8183,#8184);
#8182 = CARTESIAN_POINT('',(-137.,-72.825,11.225));
#8183 = DIRECTION('',(0.,0.,1.));
#8184 = DIRECTION('',(1.,0.,-0.));
#8185 = DEFINITIONAL_REPRESENTATION('',(#8186),#8190);
#8186 = LINE('',#8187,#8188);
#8187 = CARTESIAN_POINT('',(0.,0.));
#8188 = VECTOR('',#8189,1.);
#8189 = DIRECTION('',(0.,1.));
#8190 = ( GEOMETRIC_REPRESENTATION_CONTEXT(2) 
PARAMETRIC_REPRESENTATION_CONTEXT() REPRESENTATION_CONTEXT('2D SPACE',''
  ) );
#8191 = ORIENTED_EDGE('',*,*,#8192,.T.);
#8192 = EDGE_CURVE('',#8165,#8193,#8195,.T.);
#8193 = VERTEX_POINT('',#8194);
#8194 = CARTESIAN_POINT('',(-137.,72.825,55.275));
#8195 = SURFACE_CURVE('',#8196,(#8200,#8207),.PCURVE_S1.);
#8196 = LINE('',#8197,#8198);
#8197 = CARTESIAN_POINT('',(-137.,72.825,11.225));
#8198 = VECTOR('',#8199,1.);
#8199 = DIRECTION('',(0.,0.,1.));
#8200 = PCURVE('',#8140,#8201);
#8201 = DEFINITIONAL_REPRESENTATION('',(#8202),#8206);
#8202 = LINE('',#8203,#8204);
#8203 = CARTESIAN_POINT('',(0.,-145.65));
#8204 = VECTOR('',#8205,1.);
#8205 = DIRECTION('',(1.,0.));
#8206 = ( GEOMETRIC_REPRESENTATION_CONTEXT(2) 
PARAMETRIC_REPRESENTATION_CONTEXT() REPRESENTATION_CONTEXT('2D SPACE',''
  ) );
#8207 = PCURVE('',#8208,#8213);
#8208 = PLANE('',#8209);
#8209 = AXIS2_PLACEMENT_3D('',#8210,#8211,#8212);
#8210 = CARTESIAN_POINT('',(-137.,72.825,11.225));
#8211 = DIRECTION('',(-0.,1.,0.));
#8212 = DIRECTION('',(0.,0.,1.));
#8213 = DEFINITIONAL_REPRESENTATION('',(#8214),#8218);
#8214 = LINE('',#8215,#8216);
#8215 = CARTESIAN_POINT('',(0.,0.));
#8216 = VECTOR('',#8217,1.);
#8217 = DIRECTION('',(1.,0.));
#8218 = ( GEOMETRIC_REPRESENTATION_CONTEXT(2) 
PARAMETRIC_REPRESENTATION_CONTEXT() REPRESENTATION_CONTEXT('2D SPACE',''
  ) );
#8219 = ORIENTED_EDGE('',*,*,#8220,.F.);
#8220 = EDGE_CURVE('',#8132,#8193,#8221,.T.);
#8221 = SURFACE_CURVE('',#8222,(#8226,#8233),.PCURVE_S1.);
#8222 = LINE('',#8223,#8224);
#8223 = CARTESIAN_POINT('',(-137.,-72.825,55.275));
#8224 = VECTOR('',#8225,1.);
#8225 = DIRECTION('',(-0.,1.,0.));
#8226 = PCURVE('',#8140,#8227);
#8227 = DEFINITIONAL_REPRESENTATION('',(#8228),#8232);
#8228 = LINE('',#8229,#8230);
#8229 = CARTESIAN_POINT('',(44.05,0.));
#8230 = VECTOR('',#8231,1.);
#8231 = DIRECTION('',(0.,-1.));
#8232 = ( GEOMETRIC_REPRESENTATION_CONTEXT(2) 
PARAMETRIC_REPRESENTATION_CONTEXT() REPRESENTATION_CONTEXT('2D SPACE',''
  ) );
#8233 = PCURVE('',#8234,#8239);
#8234 = PLANE('',#8235);
#8235 = AXIS2_PLACEMENT_3D('',#8236,#8237,#8238);
#8236 = CARTESIAN_POINT('',(-137.,-72.825,55.275));
#8237 = DIRECTION('',(0.,0.,1.));
#8238 = DIRECTION('',(1.,0.,-0.));
#8239 = DEFINITIONAL_REPRESENTATION('',(#8240),#8244);
#8240 = LINE('',#8241,#8242);
#8241 = CARTESIAN_POINT('',(0.,0.));
#8242 = VECTOR('',#8243,1.);
#8243 = DIRECTION('',(0.,1.));
#8244 = ( GEOMETRIC_REPRESENTATION_CONTEXT(2) 
PARAMETRIC_REPRESENTATION_CONTEXT() REPRESENTATION_CONTEXT('2D SPACE',''
  ) );
#8245 = FACE_BOUND('',#8246,.F.);
#8246 = EDGE_LOOP('',(#8247,#8277,#8305,#8333));
#8247 = ORIENTED_EDGE('',*,*,#8248,.T.);
#8248 = EDGE_CURVE('',#8249,#8251,#8253,.T.);
#8249 = VERTEX_POINT('',#8250);
#8250 = CARTESIAN_POINT('',(-137.,-70.525,13.525));
#8251 = VERTEX_POINT('',#8252);
#8252 = CARTESIAN_POINT('',(-137.,-70.525,52.975));
#8253 = SURFACE_CURVE('',#8254,(#8258,#8265),.PCURVE_S1.);
#8254 = LINE('',#8255,#8256);
#8255 = CARTESIAN_POINT('',(-137.,-70.525,13.525));
#8256 = VECTOR('',#8257,1.);
#8257 = DIRECTION('',(0.,0.,1.));
#8258 = PCURVE('',#8140,#8259);
#8259 = DEFINITIONAL_REPRESENTATION('',(#8260),#8264);
#8260 = LINE('',#8261,#8262);
#8261 = CARTESIAN_POINT('',(2.3,-2.3));
#8262 = VECTOR('',#8263,1.);
#8263 = DIRECTION('',(1.,0.));
#8264 = ( GEOMETRIC_REPRESENTATION_CONTEXT(2) 
PARAMETRIC_REPRESENTATION_CONTEXT() REPRESENTATION_CONTEXT('2D SPACE',''
  ) );
#8265 = PCURVE('',#8266,#8271);
#8266 = PLANE('',#8267);
#8267 = AXIS2_PLACEMENT_3D('',#8268,#8269,#8270);
#8268 = CARTESIAN_POINT('',(-140.,-70.525,13.525));
#8269 = DIRECTION('',(-0.,1.,0.));
#8270 = DIRECTION('',(0.,0.,1.));
#8271 = DEFINITIONAL_REPRESENTATION('',(#8272),#8276);
#8272 = LINE('',#8273,#8274);
#8273 = CARTESIAN_POINT('',(0.,3.));
#8274 = VECTOR('',#8275,1.);
#8275 = DIRECTION('',(1.,0.));
#8276 = ( GEOMETRIC_REPRESENTATION_CONTEXT(2) 
PARAMETRIC_REPRESENTATION_CONTEXT() REPRESENTATION_CONTEXT('2D SPACE',''
  ) );
#8277 = ORIENTED_EDGE('',*,*,#8278,.T.);
#8278 = EDGE_CURVE('',#8251,#8279,#8281,.T.);
#8279 = VERTEX_POINT('',#8280);
#8280 = CARTESIAN_POINT('',(-137.,70.525,52.975));
#8281 = SURFACE_CURVE('',#8282,(#8286,#8293),.PCURVE_S1.);
#8282 = LINE('',#8283,#8284);
#8283 = CARTESIAN_POINT('',(-137.,-70.525,52.975));
#8284 = VECTOR('',#8285,1.);
#8285 = DIRECTION('',(-0.,1.,0.));
#8286 = PCURVE('',#8140,#8287);
#8287 = DEFINITIONAL_REPRESENTATION('',(#8288),#8292);
#8288 = LINE('',#8289,#8290);
#8289 = CARTESIAN_POINT('',(41.75,-2.3));
#8290 = VECTOR('',#8291,1.);
#8291 = DIRECTION('',(0.,-1.));
#8292 = ( GEOMETRIC_REPRESENTATION_CONTEXT(2) 
PARAMETRIC_REPRESENTATION_CONTEXT() REPRESENTATION_CONTEXT('2D SPACE',''
  ) );
#8293 = PCURVE('',#8294,#8299);
#8294 = PLANE('',#8295);
#8295 = AXIS2_PLACEMENT_3D('',#8296,#8297,#8298);
#8296 = CARTESIAN_POINT('',(-140.,-70.525,52.975));
#8297 = DIRECTION('',(0.,0.,1.));
#8298 = DIRECTION('',(1.,0.,-0.));
#8299 = DEFINITIONAL_REPRESENTATION('',(#8300),#8304);
#8300 = LINE('',#8301,#8302);
#8301 = CARTESIAN_POINT('',(3.,0.));
#8302 = VECTOR('',#8303,1.);
#8303 = DIRECTION('',(0.,1.));
#8304 = ( GEOMETRIC_REPRESENTATION_CONTEXT(2) 
PARAMETRIC_REPRESENTATION_CONTEXT() REPRESENTATION_CONTEXT('2D SPACE',''
  ) );
#8305 = ORIENTED_EDGE('',*,*,#8306,.F.);
#8306 = EDGE_CURVE('',#8307,#8279,#8309,.T.);
#8307 = VERTEX_POINT('',#8308);
#8308 = CARTESIAN_POINT('',(-137.,70.525,13.525));
#8309 = SURFACE_CURVE('',#8310,(#8314,#8321),.PCURVE_S1.);
#8310 = LINE('',#8311,#8312);
#8311 = CARTESIAN_POINT('',(-137.,70.525,13.525));
#8312 = VECTOR('',#8313,1.);
#8313 = DIRECTION('',(0.,0.,1.));
#8314 = PCURVE('',#8140,#8315);
#8315 = DEFINITIONAL_REPRESENTATION('',(#8316),#8320);
#8316 = LINE('',#8317,#8318);
#8317 = CARTESIAN_POINT('',(2.3,-143.35));
#8318 = VECTOR('',#8319,1.);
#8319 = DIRECTION('',(1.,0.));
#8320 = ( GEOMETRIC_REPRESENTATION_CONTEXT(2) 
PARAMETRIC_REPRESENTATION_CONTEXT() REPRESENTATION_CONTEXT('2D SPACE',''
  ) );
#8321 = PCURVE('',#8322,#8327);
#8322 = PLANE('',#8323);
#8323 = AXIS2_PLACEMENT_3D('',#8324,#8325,#8326);
#8324 = CARTESIAN_POINT('',(-140.,70.525,13.525));
#8325 = DIRECTION('',(-0.,1.,0.));
#8326 = DIRECTION('',(0.,0.,1.));
#8327 = DEFINITIONAL_REPRESENTATION('',(#8328),#8332);
#8328 = LINE('',#8329,#8330);
#8329 = CARTESIAN_POINT('',(0.,3.));
#8330 = VECTOR('',#8331,1.);
#8331 = DIRECTION('',(1.,0.));
#8332 = ( GEOMETRIC_REPRESENTATION_CONTEXT(2) 
PARAMETRIC_REPRESENTATION_CONTEXT() REPRESENTATION_CONTEXT('2D SPACE',''
  ) );
#8333 = ORIENTED_EDGE('',*,*,#8334,.F.);
#8334 = EDGE_CURVE('',#8249,#8307,#8335,.T.);
#8335 = SURFACE_CURVE('',#8336,(#8340,#8347),.PCURVE_S1.);
#8336 = LINE('',#8337,#8338);
#8337 = CARTESIAN_POINT('',(-137.,-70.525,13.525));
#8338 = VECTOR('',#8339,1.);
#8339 = DIRECTION('',(-0.,1.,0.));
#8340 = PCURVE('',#8140,#8341);
#8341 = DEFINITIONAL_REPRESENTATION('',(#8342),#8346);
#8342 = LINE('',#8343,#8344);
#8343 = CARTESIAN_POINT('',(2.3,-2.3));
#8344 = VECTOR('',#8345,1.);
#8345 = DIRECTION('',(0.,-1.));
#8346 = ( GEOMETRIC_REPRESENTATION_CONTEXT(2) 
PARAMETRIC_REPRESENTATION_CONTEXT() REPRESENTATION_CONTEXT('2D SPACE',''
  ) );
#8347 = PCURVE('',#8348,#8353);
#8348 = PLANE('',#8349);
#8349 = AXIS2_PLACEMENT_3D('',#8350,#8351,#8352);
#8350 = CARTESIAN_POINT('',(-140.,-70.525,13.525));
#8351 = DIRECTION('',(0.,0.,1.));
#8352 = DIRECTION('',(1.,0.,-0.));
#8353 = DEFINITIONAL_REPRESENTATION('',(#8354),#8358);
#8354 = LINE('',#8355,#8356);
#8355 = CARTESIAN_POINT('',(3.,0.));
#8356 = VECTOR('',#8357,1.);
#8357 = DIRECTION('',(0.,1.));
#8358 = ( GEOMETRIC_REPRESENTATION_CONTEXT(2) 
PARAMETRIC_REPRESENTATION_CONTEXT() REPRESENTATION_CONTEXT('2D SPACE',''
  ) );
#8359 = ADVANCED_FACE('',(#8360),#8152,.F.);
#8360 = FACE_BOUND('',#8361,.F.);
#8361 = EDGE_LOOP('',(#8362,#8385,#8386,#8409));
#8362 = ORIENTED_EDGE('',*,*,#8363,.F.);
#8363 = EDGE_CURVE('',#8130,#8364,#8366,.T.);
#8364 = VERTEX_POINT('',#8365);
#8365 = CARTESIAN_POINT('',(-127.475,-72.825,11.225));
#8366 = SURFACE_CURVE('',#8367,(#8371,#8378),.PCURVE_S1.);
#8367 = LINE('',#8368,#8369);
#8368 = CARTESIAN_POINT('',(-137.,-72.825,11.225));
#8369 = VECTOR('',#8370,1.);
#8370 = DIRECTION('',(1.,0.,-0.));
#8371 = PCURVE('',#8152,#8372);
#8372 = DEFINITIONAL_REPRESENTATION('',(#8373),#8377);
#8373 = LINE('',#8374,#8375);
#8374 = CARTESIAN_POINT('',(0.,0.));
#8375 = VECTOR('',#8376,1.);
#8376 = DIRECTION('',(0.,1.));
#8377 = ( GEOMETRIC_REPRESENTATION_CONTEXT(2) 
PARAMETRIC_REPRESENTATION_CONTEXT() REPRESENTATION_CONTEXT('2D SPACE',''
  ) );
#8378 = PCURVE('',#8180,#8379);
#8379 = DEFINITIONAL_REPRESENTATION('',(#8380),#8384);
#8380 = LINE('',#8381,#8382);
#8381 = CARTESIAN_POINT('',(0.,0.));
#8382 = VECTOR('',#8383,1.);
#8383 = DIRECTION('',(1.,0.));
#8384 = ( GEOMETRIC_REPRESENTATION_CONTEXT(2) 
PARAMETRIC_REPRESENTATION_CONTEXT() REPRESENTATION_CONTEXT('2D SPACE',''
  ) );
#8385 = ORIENTED_EDGE('',*,*,#8129,.T.);
#8386 = ORIENTED_EDGE('',*,*,#8387,.T.);
#8387 = EDGE_CURVE('',#8132,#8388,#8390,.T.);
#8388 = VERTEX_POINT('',#8389);
#8389 = CARTESIAN_POINT('',(-127.475,-72.825,55.275));
#8390 = SURFACE_CURVE('',#8391,(#8395,#8402),.PCURVE_S1.);
#8391 = LINE('',#8392,#8393);
#8392 = CARTESIAN_POINT('',(-137.,-72.825,55.275));
#8393 = VECTOR('',#8394,1.);
#8394 = DIRECTION('',(1.,0.,-0.));
#8395 = PCURVE('',#8152,#8396);
#8396 = DEFINITIONAL_REPRESENTATION('',(#8397),#8401);
#8397 = LINE('',#8398,#8399);
#8398 = CARTESIAN_POINT('',(44.05,0.));
#8399 = VECTOR('',#8400,1.);
#8400 = DIRECTION('',(0.,1.));
#8401 = ( GEOMETRIC_REPRESENTATION_CONTEXT(2) 
PARAMETRIC_REPRESENTATION_CONTEXT() REPRESENTATION_CONTEXT('2D SPACE',''
  ) );
#8402 = PCURVE('',#8234,#8403);
#8403 = DEFINITIONAL_REPRESENTATION('',(#8404),#8408);
#8404 = LINE('',#8405,#8406);
#8405 = CARTESIAN_POINT('',(0.,0.));
#8406 = VECTOR('',#8407,1.);
#8407 = DIRECTION('',(1.,0.));
#8408 = ( GEOMETRIC_REPRESENTATION_CONTEXT(2) 
PARAMETRIC_REPRESENTATION_CONTEXT() REPRESENTATION_CONTEXT('2D SPACE',''
  ) );
#8409 = ORIENTED_EDGE('',*,*,#8410,.F.);
#8410 = EDGE_CURVE('',#8364,#8388,#8411,.T.);
#8411 = SURFACE_CURVE('',#8412,(#8416,#8423),.PCURVE_S1.);
#8412 = LINE('',#8413,#8414);
#8413 = CARTESIAN_POINT('',(-127.475,-72.825,11.225));
#8414 = VECTOR('',#8415,1.);
#8415 = DIRECTION('',(0.,0.,1.));
#8416 = PCURVE('',#8152,#8417);
#8417 = DEFINITIONAL_REPRESENTATION('',(#8418),#8422);
#8418 = LINE('',#8419,#8420);
#8419 = CARTESIAN_POINT('',(0.,9.525));
#8420 = VECTOR('',#8421,1.);
#8421 = DIRECTION('',(1.,0.));
#8422 = ( GEOMETRIC_REPRESENTATION_CONTEXT(2) 
PARAMETRIC_REPRESENTATION_CONTEXT() REPRESENTATION_CONTEXT('2D SPACE',''
  ) );
#8423 = PCURVE('',#8424,#8429);
#8424 = PLANE('',#8425);
#8425 = AXIS2_PLACEMENT_3D('',#8426,#8427,#8428);
#8426 = CARTESIAN_POINT('',(-127.475,-72.825,11.225));
#8427 = DIRECTION('',(1.,0.,-0.));
#8428 = DIRECTION('',(0.,0.,1.));
#8429 = DEFINITIONAL_REPRESENTATION('',(#8430),#8434);
#8430 = LINE('',#8431,#8432);
#8431 = CARTESIAN_POINT('',(0.,0.));
#8432 = VECTOR('',#8433,1.);
#8433 = DIRECTION('',(1.,0.));
#8434 = ( GEOMETRIC_REPRESENTATION_CONTEXT(2) 
PARAMETRIC_REPRESENTATION_CONTEXT() REPRESENTATION_CONTEXT('2D SPACE',''
  ) );
#8435 = ADVANCED_FACE('',(#8436),#8234,.T.);
#8436 = FACE_BOUND('',#8437,.T.);
#8437 = EDGE_LOOP('',(#8438,#8439,#8440,#8463));
#8438 = ORIENTED_EDGE('',*,*,#8220,.F.);
#8439 = ORIENTED_EDGE('',*,*,#8387,.T.);
#8440 = ORIENTED_EDGE('',*,*,#8441,.T.);
#8441 = EDGE_CURVE('',#8388,#8442,#8444,.T.);
#8442 = VERTEX_POINT('',#8443);
#8443 = CARTESIAN_POINT('',(-127.475,72.825,55.275));
#8444 = SURFACE_CURVE('',#8445,(#8449,#8456),.PCURVE_S1.);
#8445 = LINE('',#8446,#8447);
#8446 = CARTESIAN_POINT('',(-127.475,-72.825,55.275));
#8447 = VECTOR('',#8448,1.);
#8448 = DIRECTION('',(-0.,1.,0.));
#8449 = PCURVE('',#8234,#8450);
#8450 = DEFINITIONAL_REPRESENTATION('',(#8451),#8455);
#8451 = LINE('',#8452,#8453);
#8452 = CARTESIAN_POINT('',(9.525,0.));
#8453 = VECTOR('',#8454,1.);
#8454 = DIRECTION('',(0.,1.));
#8455 = ( GEOMETRIC_REPRESENTATION_CONTEXT(2) 
PARAMETRIC_REPRESENTATION_CONTEXT() REPRESENTATION_CONTEXT('2D SPACE',''
  ) );
#8456 = PCURVE('',#8424,#8457);
#8457 = DEFINITIONAL_REPRESENTATION('',(#8458),#8462);
#8458 = LINE('',#8459,#8460);
#8459 = CARTESIAN_POINT('',(44.05,0.));
#8460 = VECTOR('',#8461,1.);
#8461 = DIRECTION('',(0.,-1.));
#8462 = ( GEOMETRIC_REPRESENTATION_CONTEXT(2) 
PARAMETRIC_REPRESENTATION_CONTEXT() REPRESENTATION_CONTEXT('2D SPACE',''
  ) );
#8463 = ORIENTED_EDGE('',*,*,#8464,.F.);
#8464 = EDGE_CURVE('',#8193,#8442,#8465,.T.);
#8465 = SURFACE_CURVE('',#8466,(#8470,#8477),.PCURVE_S1.);
#8466 = LINE('',#8467,#8468);
#8467 = CARTESIAN_POINT('',(-137.,72.825,55.275));
#8468 = VECTOR('',#8469,1.);
#8469 = DIRECTION('',(1.,0.,-0.));
#8470 = PCURVE('',#8234,#8471);
#8471 = DEFINITIONAL_REPRESENTATION('',(#8472),#8476);
#8472 = LINE('',#8473,#8474);
#8473 = CARTESIAN_POINT('',(0.,145.65));
#8474 = VECTOR('',#8475,1.);
#8475 = DIRECTION('',(1.,0.));
#8476 = ( GEOMETRIC_REPRESENTATION_CONTEXT(2) 
PARAMETRIC_REPRESENTATION_CONTEXT() REPRESENTATION_CONTEXT('2D SPACE',''
  ) );
#8477 = PCURVE('',#8208,#8478);
#8478 = DEFINITIONAL_REPRESENTATION('',(#8479),#8483);
#8479 = LINE('',#8480,#8481);
#8480 = CARTESIAN_POINT('',(44.05,0.));
#8481 = VECTOR('',#8482,1.);
#8482 = DIRECTION('',(0.,1.));
#8483 = ( GEOMETRIC_REPRESENTATION_CONTEXT(2) 
PARAMETRIC_REPRESENTATION_CONTEXT() REPRESENTATION_CONTEXT('2D SPACE',''
  ) );
#8484 = ADVANCED_FACE('',(#8485),#8180,.F.);
#8485 = FACE_BOUND('',#8486,.F.);
#8486 = EDGE_LOOP('',(#8487,#8488,#8489,#8512));
#8487 = ORIENTED_EDGE('',*,*,#8164,.F.);
#8488 = ORIENTED_EDGE('',*,*,#8363,.T.);
#8489 = ORIENTED_EDGE('',*,*,#8490,.T.);
#8490 = EDGE_CURVE('',#8364,#8491,#8493,.T.);
#8491 = VERTEX_POINT('',#8492);
#8492 = CARTESIAN_POINT('',(-127.475,72.825,11.225));
#8493 = SURFACE_CURVE('',#8494,(#8498,#8505),.PCURVE_S1.);
#8494 = LINE('',#8495,#8496);
#8495 = CARTESIAN_POINT('',(-127.475,-72.825,11.225));
#8496 = VECTOR('',#8497,1.);
#8497 = DIRECTION('',(-0.,1.,0.));
#8498 = PCURVE('',#8180,#8499);
#8499 = DEFINITIONAL_REPRESENTATION('',(#8500),#8504);
#8500 = LINE('',#8501,#8502);
#8501 = CARTESIAN_POINT('',(9.525,0.));
#8502 = VECTOR('',#8503,1.);
#8503 = DIRECTION('',(0.,1.));
#8504 = ( GEOMETRIC_REPRESENTATION_CONTEXT(2) 
PARAMETRIC_REPRESENTATION_CONTEXT() REPRESENTATION_CONTEXT('2D SPACE',''
  ) );
#8505 = PCURVE('',#8424,#8506);
#8506 = DEFINITIONAL_REPRESENTATION('',(#8507),#8511);
#8507 = LINE('',#8508,#8509);
#8508 = CARTESIAN_POINT('',(0.,0.));
#8509 = VECTOR('',#8510,1.);
#8510 = DIRECTION('',(0.,-1.));
#8511 = ( GEOMETRIC_REPRESENTATION_CONTEXT(2) 
PARAMETRIC_REPRESENTATION_CONTEXT() REPRESENTATION_CONTEXT('2D SPACE',''
  ) );
#8512 = ORIENTED_EDGE('',*,*,#8513,.F.);
#8513 = EDGE_CURVE('',#8165,#8491,#8514,.T.);
#8514 = SURFACE_CURVE('',#8515,(#8519,#8526),.PCURVE_S1.);
#8515 = LINE('',#8516,#8517);
#8516 = CARTESIAN_POINT('',(-137.,72.825,11.225));
#8517 = VECTOR('',#8518,1.);
#8518 = DIRECTION('',(1.,0.,-0.));
#8519 = PCURVE('',#8180,#8520);
#8520 = DEFINITIONAL_REPRESENTATION('',(#8521),#8525);
#8521 = LINE('',#8522,#8523);
#8522 = CARTESIAN_POINT('',(0.,145.65));
#8523 = VECTOR('',#8524,1.);
#8524 = DIRECTION('',(1.,0.));
#8525 = ( GEOMETRIC_REPRESENTATION_CONTEXT(2) 
PARAMETRIC_REPRESENTATION_CONTEXT() REPRESENTATION_CONTEXT('2D SPACE',''
  ) );
#8526 = PCURVE('',#8208,#8527);
#8527 = DEFINITIONAL_REPRESENTATION('',(#8528),#8532);
#8528 = LINE('',#8529,#8530);
#8529 = CARTESIAN_POINT('',(0.,0.));
#8530 = VECTOR('',#8531,1.);
#8531 = DIRECTION('',(0.,1.));
#8532 = ( GEOMETRIC_REPRESENTATION_CONTEXT(2) 
PARAMETRIC_REPRESENTATION_CONTEXT() REPRESENTATION_CONTEXT('2D SPACE',''
  ) );
#8533 = ADVANCED_FACE('',(#8534),#8208,.T.);
#8534 = FACE_BOUND('',#8535,.T.);
#8535 = EDGE_LOOP('',(#8536,#8537,#8538,#8539));
#8536 = ORIENTED_EDGE('',*,*,#8513,.F.);
#8537 = ORIENTED_EDGE('',*,*,#8192,.T.);
#8538 = ORIENTED_EDGE('',*,*,#8464,.T.);
#8539 = ORIENTED_EDGE('',*,*,#8540,.F.);
#8540 = EDGE_CURVE('',#8491,#8442,#8541,.T.);
#8541 = SURFACE_CURVE('',#8542,(#8546,#8553),.PCURVE_S1.);
#8542 = LINE('',#8543,#8544);
#8543 = CARTESIAN_POINT('',(-127.475,72.825,11.225));
#8544 = VECTOR('',#8545,1.);
#8545 = DIRECTION('',(0.,0.,1.));
#8546 = PCURVE('',#8208,#8547);
#8547 = DEFINITIONAL_REPRESENTATION('',(#8548),#8552);
#8548 = LINE('',#8549,#8550);
#8549 = CARTESIAN_POINT('',(0.,9.525));
#8550 = VECTOR('',#8551,1.);
#8551 = DIRECTION('',(1.,0.));
#8552 = ( GEOMETRIC_REPRESENTATION_CONTEXT(2) 
PARAMETRIC_REPRESENTATION_CONTEXT() REPRESENTATION_CONTEXT('2D SPACE',''
  ) );
#8553 = PCURVE('',#8424,#8554);
#8554 = DEFINITIONAL_REPRESENTATION('',(#8555),#8559);
#8555 = LINE('',#8556,#8557);
#8556 = CARTESIAN_POINT('',(0.,-145.65));
#8557 = VECTOR('',#8558,1.);
#8558 = DIRECTION('',(1.,0.));
#8559 = ( GEOMETRIC_REPRESENTATION_CONTEXT(2) 
PARAMETRIC_REPRESENTATION_CONTEXT() REPRESENTATION_CONTEXT('2D SPACE',''
  ) );
#8560 = ADVANCED_FACE('',(#8561),#8266,.F.);
#8561 = FACE_BOUND('',#8562,.F.);
#8562 = EDGE_LOOP('',(#8563,#8586,#8614,#8635));
#8563 = ORIENTED_EDGE('',*,*,#8564,.F.);
#8564 = EDGE_CURVE('',#8565,#8249,#8567,.T.);
#8565 = VERTEX_POINT('',#8566);
#8566 = CARTESIAN_POINT('',(-140.,-70.525,13.525));
#8567 = SURFACE_CURVE('',#8568,(#8572,#8579),.PCURVE_S1.);
#8568 = LINE('',#8569,#8570);
#8569 = CARTESIAN_POINT('',(-140.,-70.525,13.525));
#8570 = VECTOR('',#8571,1.);
#8571 = DIRECTION('',(1.,0.,-0.));
#8572 = PCURVE('',#8266,#8573);
#8573 = DEFINITIONAL_REPRESENTATION('',(#8574),#8578);
#8574 = LINE('',#8575,#8576);
#8575 = CARTESIAN_POINT('',(0.,0.));
#8576 = VECTOR('',#8577,1.);
#8577 = DIRECTION('',(0.,1.));
#8578 = ( GEOMETRIC_REPRESENTATION_CONTEXT(2) 
PARAMETRIC_REPRESENTATION_CONTEXT() REPRESENTATION_CONTEXT('2D SPACE',''
  ) );
#8579 = PCURVE('',#8348,#8580);
#8580 = DEFINITIONAL_REPRESENTATION('',(#8581),#8585);
#8581 = LINE('',#8582,#8583);
#8582 = CARTESIAN_POINT('',(0.,0.));
#8583 = VECTOR('',#8584,1.);
#8584 = DIRECTION('',(1.,0.));
#8585 = ( GEOMETRIC_REPRESENTATION_CONTEXT(2) 
PARAMETRIC_REPRESENTATION_CONTEXT() REPRESENTATION_CONTEXT('2D SPACE',''
  ) );
#8586 = ORIENTED_EDGE('',*,*,#8587,.T.);
#8587 = EDGE_CURVE('',#8565,#8588,#8590,.T.);
#8588 = VERTEX_POINT('',#8589);
#8589 = CARTESIAN_POINT('',(-140.,-70.525,52.975));
#8590 = SURFACE_CURVE('',#8591,(#8595,#8602),.PCURVE_S1.);
#8591 = LINE('',#8592,#8593);
#8592 = CARTESIAN_POINT('',(-140.,-70.525,13.525));
#8593 = VECTOR('',#8594,1.);
#8594 = DIRECTION('',(0.,0.,1.));
#8595 = PCURVE('',#8266,#8596);
#8596 = DEFINITIONAL_REPRESENTATION('',(#8597),#8601);
#8597 = LINE('',#8598,#8599);
#8598 = CARTESIAN_POINT('',(0.,0.));
#8599 = VECTOR('',#8600,1.);
#8600 = DIRECTION('',(1.,0.));
#8601 = ( GEOMETRIC_REPRESENTATION_CONTEXT(2) 
PARAMETRIC_REPRESENTATION_CONTEXT() REPRESENTATION_CONTEXT('2D SPACE',''
  ) );
#8602 = PCURVE('',#8603,#8608);
#8603 = PLANE('',#8604);
#8604 = AXIS2_PLACEMENT_3D('',#8605,#8606,#8607);
#8605 = CARTESIAN_POINT('',(-140.,-76.2,7.85));
#8606 = DIRECTION('',(1.,0.,-0.));
#8607 = DIRECTION('',(0.,0.,1.));
#8608 = DEFINITIONAL_REPRESENTATION('',(#8609),#8613);
#8609 = LINE('',#8610,#8611);
#8610 = CARTESIAN_POINT('',(5.675,-5.675));
#8611 = VECTOR('',#8612,1.);
#8612 = DIRECTION('',(1.,0.));
#8613 = ( GEOMETRIC_REPRESENTATION_CONTEXT(2) 
PARAMETRIC_REPRESENTATION_CONTEXT() REPRESENTATION_CONTEXT('2D SPACE',''
  ) );
#8614 = ORIENTED_EDGE('',*,*,#8615,.T.);
#8615 = EDGE_CURVE('',#8588,#8251,#8616,.T.);
#8616 = SURFACE_CURVE('',#8617,(#8621,#8628),.PCURVE_S1.);
#8617 = LINE('',#8618,#8619);
#8618 = CARTESIAN_POINT('',(-140.,-70.525,52.975));
#8619 = VECTOR('',#8620,1.);
#8620 = DIRECTION('',(1.,0.,-0.));
#8621 = PCURVE('',#8266,#8622);
#8622 = DEFINITIONAL_REPRESENTATION('',(#8623),#8627);
#8623 = LINE('',#8624,#8625);
#8624 = CARTESIAN_POINT('',(39.45,0.));
#8625 = VECTOR('',#8626,1.);
#8626 = DIRECTION('',(0.,1.));
#8627 = ( GEOMETRIC_REPRESENTATION_CONTEXT(2) 
PARAMETRIC_REPRESENTATION_CONTEXT() REPRESENTATION_CONTEXT('2D SPACE',''
  ) );
#8628 = PCURVE('',#8294,#8629);
#8629 = DEFINITIONAL_REPRESENTATION('',(#8630),#8634);
#8630 = LINE('',#8631,#8632);
#8631 = CARTESIAN_POINT('',(0.,0.));
#8632 = VECTOR('',#8633,1.);
#8633 = DIRECTION('',(1.,0.));
#8634 = ( GEOMETRIC_REPRESENTATION_CONTEXT(2) 
PARAMETRIC_REPRESENTATION_CONTEXT() REPRESENTATION_CONTEXT('2D SPACE',''
  ) );
#8635 = ORIENTED_EDGE('',*,*,#8248,.F.);
#8636 = ADVANCED_FACE('',(#8637),#8348,.F.);
#8637 = FACE_BOUND('',#8638,.F.);
#8638 = EDGE_LOOP('',(#8639,#8662,#8663,#8664));
#8639 = ORIENTED_EDGE('',*,*,#8640,.F.);
#8640 = EDGE_CURVE('',#8565,#8641,#8643,.T.);
#8641 = VERTEX_POINT('',#8642);
#8642 = CARTESIAN_POINT('',(-140.,70.525,13.525));
#8643 = SURFACE_CURVE('',#8644,(#8648,#8655),.PCURVE_S1.);
#8644 = LINE('',#8645,#8646);
#8645 = CARTESIAN_POINT('',(-140.,-70.525,13.525));
#8646 = VECTOR('',#8647,1.);
#8647 = DIRECTION('',(-0.,1.,0.));
#8648 = PCURVE('',#8348,#8649);
#8649 = DEFINITIONAL_REPRESENTATION('',(#8650),#8654);
#8650 = LINE('',#8651,#8652);
#8651 = CARTESIAN_POINT('',(0.,0.));
#8652 = VECTOR('',#8653,1.);
#8653 = DIRECTION('',(0.,1.));
#8654 = ( GEOMETRIC_REPRESENTATION_CONTEXT(2) 
PARAMETRIC_REPRESENTATION_CONTEXT() REPRESENTATION_CONTEXT('2D SPACE',''
  ) );
#8655 = PCURVE('',#8603,#8656);
#8656 = DEFINITIONAL_REPRESENTATION('',(#8657),#8661);
#8657 = LINE('',#8658,#8659);
#8658 = CARTESIAN_POINT('',(5.675,-5.675));
#8659 = VECTOR('',#8660,1.);
#8660 = DIRECTION('',(0.,-1.));
#8661 = ( GEOMETRIC_REPRESENTATION_CONTEXT(2) 
PARAMETRIC_REPRESENTATION_CONTEXT() REPRESENTATION_CONTEXT('2D SPACE',''
  ) );
#8662 = ORIENTED_EDGE('',*,*,#8564,.T.);
#8663 = ORIENTED_EDGE('',*,*,#8334,.T.);
#8664 = ORIENTED_EDGE('',*,*,#8665,.F.);
#8665 = EDGE_CURVE('',#8641,#8307,#8666,.T.);
#8666 = SURFACE_CURVE('',#8667,(#8671,#8678),.PCURVE_S1.);
#8667 = LINE('',#8668,#8669);
#8668 = CARTESIAN_POINT('',(-140.,70.525,13.525));
#8669 = VECTOR('',#8670,1.);
#8670 = DIRECTION('',(1.,0.,-0.));
#8671 = PCURVE('',#8348,#8672);
#8672 = DEFINITIONAL_REPRESENTATION('',(#8673),#8677);
#8673 = LINE('',#8674,#8675);
#8674 = CARTESIAN_POINT('',(0.,141.05));
#8675 = VECTOR('',#8676,1.);
#8676 = DIRECTION('',(1.,0.));
#8677 = ( GEOMETRIC_REPRESENTATION_CONTEXT(2) 
PARAMETRIC_REPRESENTATION_CONTEXT() REPRESENTATION_CONTEXT('2D SPACE',''
  ) );
#8678 = PCURVE('',#8322,#8679);
#8679 = DEFINITIONAL_REPRESENTATION('',(#8680),#8684);
#8680 = LINE('',#8681,#8682);
#8681 = CARTESIAN_POINT('',(0.,0.));
#8682 = VECTOR('',#8683,1.);
#8683 = DIRECTION('',(0.,1.));
#8684 = ( GEOMETRIC_REPRESENTATION_CONTEXT(2) 
PARAMETRIC_REPRESENTATION_CONTEXT() REPRESENTATION_CONTEXT('2D SPACE',''
  ) );
#8685 = ADVANCED_FACE('',(#8686),#8322,.T.);
#8686 = FACE_BOUND('',#8687,.T.);
#8687 = EDGE_LOOP('',(#8688,#8689,#8712,#8733));
#8688 = ORIENTED_EDGE('',*,*,#8665,.F.);
#8689 = ORIENTED_EDGE('',*,*,#8690,.T.);
#8690 = EDGE_CURVE('',#8641,#8691,#8693,.T.);
#8691 = VERTEX_POINT('',#8692);
#8692 = CARTESIAN_POINT('',(-140.,70.525,52.975));
#8693 = SURFACE_CURVE('',#8694,(#8698,#8705),.PCURVE_S1.);
#8694 = LINE('',#8695,#8696);
#8695 = CARTESIAN_POINT('',(-140.,70.525,13.525));
#8696 = VECTOR('',#8697,1.);
#8697 = DIRECTION('',(0.,0.,1.));
#8698 = PCURVE('',#8322,#8699);
#8699 = DEFINITIONAL_REPRESENTATION('',(#8700),#8704);
#8700 = LINE('',#8701,#8702);
#8701 = CARTESIAN_POINT('',(0.,0.));
#8702 = VECTOR('',#8703,1.);
#8703 = DIRECTION('',(1.,0.));
#8704 = ( GEOMETRIC_REPRESENTATION_CONTEXT(2) 
PARAMETRIC_REPRESENTATION_CONTEXT() REPRESENTATION_CONTEXT('2D SPACE',''
  ) );
#8705 = PCURVE('',#8603,#8706);
#8706 = DEFINITIONAL_REPRESENTATION('',(#8707),#8711);
#8707 = LINE('',#8708,#8709);
#8708 = CARTESIAN_POINT('',(5.675,-146.725));
#8709 = VECTOR('',#8710,1.);
#8710 = DIRECTION('',(1.,0.));
#8711 = ( GEOMETRIC_REPRESENTATION_CONTEXT(2) 
PARAMETRIC_REPRESENTATION_CONTEXT() REPRESENTATION_CONTEXT('2D SPACE',''
  ) );
#8712 = ORIENTED_EDGE('',*,*,#8713,.T.);
#8713 = EDGE_CURVE('',#8691,#8279,#8714,.T.);
#8714 = SURFACE_CURVE('',#8715,(#8719,#8726),.PCURVE_S1.);
#8715 = LINE('',#8716,#8717);
#8716 = CARTESIAN_POINT('',(-140.,70.525,52.975));
#8717 = VECTOR('',#8718,1.);
#8718 = DIRECTION('',(1.,0.,-0.));
#8719 = PCURVE('',#8322,#8720);
#8720 = DEFINITIONAL_REPRESENTATION('',(#8721),#8725);
#8721 = LINE('',#8722,#8723);
#8722 = CARTESIAN_POINT('',(39.45,0.));
#8723 = VECTOR('',#8724,1.);
#8724 = DIRECTION('',(0.,1.));
#8725 = ( GEOMETRIC_REPRESENTATION_CONTEXT(2) 
PARAMETRIC_REPRESENTATION_CONTEXT() REPRESENTATION_CONTEXT('2D SPACE',''
  ) );
#8726 = PCURVE('',#8294,#8727);
#8727 = DEFINITIONAL_REPRESENTATION('',(#8728),#8732);
#8728 = LINE('',#8729,#8730);
#8729 = CARTESIAN_POINT('',(0.,141.05));
#8730 = VECTOR('',#8731,1.);
#8731 = DIRECTION('',(1.,0.));
#8732 = ( GEOMETRIC_REPRESENTATION_CONTEXT(2) 
PARAMETRIC_REPRESENTATION_CONTEXT() REPRESENTATION_CONTEXT('2D SPACE',''
  ) );
#8733 = ORIENTED_EDGE('',*,*,#8306,.F.);
#8734 = ADVANCED_FACE('',(#8735),#8294,.T.);
#8735 = FACE_BOUND('',#8736,.T.);
#8736 = EDGE_LOOP('',(#8737,#8758,#8759,#8760));
#8737 = ORIENTED_EDGE('',*,*,#8738,.F.);
#8738 = EDGE_CURVE('',#8588,#8691,#8739,.T.);
#8739 = SURFACE_CURVE('',#8740,(#8744,#8751),.PCURVE_S1.);
#8740 = LINE('',#8741,#8742);
#8741 = CARTESIAN_POINT('',(-140.,-70.525,52.975));
#8742 = VECTOR('',#8743,1.);
#8743 = DIRECTION('',(-0.,1.,0.));
#8744 = PCURVE('',#8294,#8745);
#8745 = DEFINITIONAL_REPRESENTATION('',(#8746),#8750);
#8746 = LINE('',#8747,#8748);
#8747 = CARTESIAN_POINT('',(0.,0.));
#8748 = VECTOR('',#8749,1.);
#8749 = DIRECTION('',(0.,1.));
#8750 = ( GEOMETRIC_REPRESENTATION_CONTEXT(2) 
PARAMETRIC_REPRESENTATION_CONTEXT() REPRESENTATION_CONTEXT('2D SPACE',''
  ) );
#8751 = PCURVE('',#8603,#8752);
#8752 = DEFINITIONAL_REPRESENTATION('',(#8753),#8757);
#8753 = LINE('',#8754,#8755);
#8754 = CARTESIAN_POINT('',(45.125,-5.675));
#8755 = VECTOR('',#8756,1.);
#8756 = DIRECTION('',(0.,-1.));
#8757 = ( GEOMETRIC_REPRESENTATION_CONTEXT(2) 
PARAMETRIC_REPRESENTATION_CONTEXT() REPRESENTATION_CONTEXT('2D SPACE',''
  ) );
#8758 = ORIENTED_EDGE('',*,*,#8615,.T.);
#8759 = ORIENTED_EDGE('',*,*,#8278,.T.);
#8760 = ORIENTED_EDGE('',*,*,#8713,.F.);
#8761 = ADVANCED_FACE('',(#8762),#8424,.T.);
#8762 = FACE_BOUND('',#8763,.T.);
#8763 = EDGE_LOOP('',(#8764,#8765,#8766,#8767));
#8764 = ORIENTED_EDGE('',*,*,#8410,.F.);
#8765 = ORIENTED_EDGE('',*,*,#8490,.T.);
#8766 = ORIENTED_EDGE('',*,*,#8540,.T.);
#8767 = ORIENTED_EDGE('',*,*,#8441,.F.);
#8768 = ADVANCED_FACE('',(#8769,#8883),#8603,.T.);
#8769 = FACE_BOUND('',#8770,.T.);
#8770 = EDGE_LOOP('',(#8771,#8801,#8829,#8857));
#8771 = ORIENTED_EDGE('',*,*,#8772,.F.);
#8772 = EDGE_CURVE('',#8773,#8775,#8777,.T.);
#8773 = VERTEX_POINT('',#8774);
#8774 = CARTESIAN_POINT('',(-140.,-76.2,7.85));
#8775 = VERTEX_POINT('',#8776);
#8776 = CARTESIAN_POINT('',(-140.,-76.2,58.65));
#8777 = SURFACE_CURVE('',#8778,(#8782,#8789),.PCURVE_S1.);
#8778 = LINE('',#8779,#8780);
#8779 = CARTESIAN_POINT('',(-140.,-76.2,7.85));
#8780 = VECTOR('',#8781,1.);
#8781 = DIRECTION('',(0.,0.,1.));
#8782 = PCURVE('',#8603,#8783);
#8783 = DEFINITIONAL_REPRESENTATION('',(#8784),#8788);
#8784 = LINE('',#8785,#8786);
#8785 = CARTESIAN_POINT('',(0.,0.));
#8786 = VECTOR('',#8787,1.);
#8787 = DIRECTION('',(1.,0.));
#8788 = ( GEOMETRIC_REPRESENTATION_CONTEXT(2) 
PARAMETRIC_REPRESENTATION_CONTEXT() REPRESENTATION_CONTEXT('2D SPACE',''
  ) );
#8789 = PCURVE('',#8790,#8795);
#8790 = PLANE('',#8791);
#8791 = AXIS2_PLACEMENT_3D('',#8792,#8793,#8794);
#8792 = CARTESIAN_POINT('',(-143.175,-76.2,7.85));
#8793 = DIRECTION('',(-0.,1.,0.));
#8794 = DIRECTION('',(0.,0.,1.));
#8795 = DEFINITIONAL_REPRESENTATION('',(#8796),#8800);
#8796 = LINE('',#8797,#8798);
#8797 = CARTESIAN_POINT('',(0.,3.175));
#8798 = VECTOR('',#8799,1.);
#8799 = DIRECTION('',(1.,0.));
#8800 = ( GEOMETRIC_REPRESENTATION_CONTEXT(2) 
PARAMETRIC_REPRESENTATION_CONTEXT() REPRESENTATION_CONTEXT('2D SPACE',''
  ) );
#8801 = ORIENTED_EDGE('',*,*,#8802,.T.);
#8802 = EDGE_CURVE('',#8773,#8803,#8805,.T.);
#8803 = VERTEX_POINT('',#8804);
#8804 = CARTESIAN_POINT('',(-140.,76.2,7.85));
#8805 = SURFACE_CURVE('',#8806,(#8810,#8817),.PCURVE_S1.);
#8806 = LINE('',#8807,#8808);
#8807 = CARTESIAN_POINT('',(-140.,-76.2,7.85));
#8808 = VECTOR('',#8809,1.);
#8809 = DIRECTION('',(-0.,1.,0.));
#8810 = PCURVE('',#8603,#8811);
#8811 = DEFINITIONAL_REPRESENTATION('',(#8812),#8816);
#8812 = LINE('',#8813,#8814);
#8813 = CARTESIAN_POINT('',(0.,0.));
#8814 = VECTOR('',#8815,1.);
#8815 = DIRECTION('',(0.,-1.));
#8816 = ( GEOMETRIC_REPRESENTATION_CONTEXT(2) 
PARAMETRIC_REPRESENTATION_CONTEXT() REPRESENTATION_CONTEXT('2D SPACE',''
  ) );
#8817 = PCURVE('',#8818,#8823);
#8818 = PLANE('',#8819);
#8819 = AXIS2_PLACEMENT_3D('',#8820,#8821,#8822);
#8820 = CARTESIAN_POINT('',(-143.175,-76.2,7.85));
#8821 = DIRECTION('',(0.,0.,1.));
#8822 = DIRECTION('',(1.,0.,-0.));
#8823 = DEFINITIONAL_REPRESENTATION('',(#8824),#8828);
#8824 = LINE('',#8825,#8826);
#8825 = CARTESIAN_POINT('',(3.175,0.));
#8826 = VECTOR('',#8827,1.);
#8827 = DIRECTION('',(0.,1.));
#8828 = ( GEOMETRIC_REPRESENTATION_CONTEXT(2) 
PARAMETRIC_REPRESENTATION_CONTEXT() REPRESENTATION_CONTEXT('2D SPACE',''
  ) );
#8829 = ORIENTED_EDGE('',*,*,#8830,.T.);
#8830 = EDGE_CURVE('',#8803,#8831,#8833,.T.);
#8831 = VERTEX_POINT('',#8832);
#8832 = CARTESIAN_POINT('',(-140.,76.2,58.65));
#8833 = SURFACE_CURVE('',#8834,(#8838,#8845),.PCURVE_S1.);
#8834 = LINE('',#8835,#8836);
#8835 = CARTESIAN_POINT('',(-140.,76.2,7.85));
#8836 = VECTOR('',#8837,1.);
#8837 = DIRECTION('',(0.,0.,1.));
#8838 = PCURVE('',#8603,#8839);
#8839 = DEFINITIONAL_REPRESENTATION('',(#8840),#8844);
#8840 = LINE('',#8841,#8842);
#8841 = CARTESIAN_POINT('',(0.,-152.4));
#8842 = VECTOR('',#8843,1.);
#8843 = DIRECTION('',(1.,0.));
#8844 = ( GEOMETRIC_REPRESENTATION_CONTEXT(2) 
PARAMETRIC_REPRESENTATION_CONTEXT() REPRESENTATION_CONTEXT('2D SPACE',''
  ) );
#8845 = PCURVE('',#8846,#8851);
#8846 = PLANE('',#8847);
#8847 = AXIS2_PLACEMENT_3D('',#8848,#8849,#8850);
#8848 = CARTESIAN_POINT('',(-143.175,76.2,7.85));
#8849 = DIRECTION('',(-0.,1.,0.));
#8850 = DIRECTION('',(0.,0.,1.));
#8851 = DEFINITIONAL_REPRESENTATION('',(#8852),#8856);
#8852 = LINE('',#8853,#8854);
#8853 = CARTESIAN_POINT('',(0.,3.175));
#8854 = VECTOR('',#8855,1.);
#8855 = DIRECTION('',(1.,0.));
#8856 = ( GEOMETRIC_REPRESENTATION_CONTEXT(2) 
PARAMETRIC_REPRESENTATION_CONTEXT() REPRESENTATION_CONTEXT('2D SPACE',''
  ) );
#8857 = ORIENTED_EDGE('',*,*,#8858,.F.);
#8858 = EDGE_CURVE('',#8775,#8831,#8859,.T.);
#8859 = SURFACE_CURVE('',#8860,(#8864,#8871),.PCURVE_S1.);
#8860 = LINE('',#8861,#8862);
#8861 = CARTESIAN_POINT('',(-140.,-76.2,58.65));
#8862 = VECTOR('',#8863,1.);
#8863 = DIRECTION('',(-0.,1.,0.));
#8864 = PCURVE('',#8603,#8865);
#8865 = DEFINITIONAL_REPRESENTATION('',(#8866),#8870);
#8866 = LINE('',#8867,#8868);
#8867 = CARTESIAN_POINT('',(50.8,0.));
#8868 = VECTOR('',#8869,1.);
#8869 = DIRECTION('',(0.,-1.));
#8870 = ( GEOMETRIC_REPRESENTATION_CONTEXT(2) 
PARAMETRIC_REPRESENTATION_CONTEXT() REPRESENTATION_CONTEXT('2D SPACE',''
  ) );
#8871 = PCURVE('',#8872,#8877);
#8872 = PLANE('',#8873);
#8873 = AXIS2_PLACEMENT_3D('',#8874,#8875,#8876);
#8874 = CARTESIAN_POINT('',(-143.175,-76.2,58.65));
#8875 = DIRECTION('',(0.,0.,1.));
#8876 = DIRECTION('',(1.,0.,-0.));
#8877 = DEFINITIONAL_REPRESENTATION('',(#8878),#8882);
#8878 = LINE('',#8879,#8880);
#8879 = CARTESIAN_POINT('',(3.175,0.));
#8880 = VECTOR('',#8881,1.);
#8881 = DIRECTION('',(0.,1.));
#8882 = ( GEOMETRIC_REPRESENTATION_CONTEXT(2) 
PARAMETRIC_REPRESENTATION_CONTEXT() REPRESENTATION_CONTEXT('2D SPACE',''
  ) );
#8883 = FACE_BOUND('',#8884,.T.);
#8884 = EDGE_LOOP('',(#8885,#8886,#8887,#8888));
#8885 = ORIENTED_EDGE('',*,*,#8587,.T.);
#8886 = ORIENTED_EDGE('',*,*,#8738,.T.);
#8887 = ORIENTED_EDGE('',*,*,#8690,.F.);
#8888 = ORIENTED_EDGE('',*,*,#8640,.F.);
#8889 = ADVANCED_FACE('',(#8890),#8790,.F.);
#8890 = FACE_BOUND('',#8891,.F.);
#8891 = EDGE_LOOP('',(#8892,#8915,#8943,#8964));
#8892 = ORIENTED_EDGE('',*,*,#8893,.F.);
#8893 = EDGE_CURVE('',#8894,#8773,#8896,.T.);
#8894 = VERTEX_POINT('',#8895);
#8895 = CARTESIAN_POINT('',(-143.175,-76.2,7.85));
#8896 = SURFACE_CURVE('',#8897,(#8901,#8908),.PCURVE_S1.);
#8897 = LINE('',#8898,#8899);
#8898 = CARTESIAN_POINT('',(-143.175,-76.2,7.85));
#8899 = VECTOR('',#8900,1.);
#8900 = DIRECTION('',(1.,0.,-0.));
#8901 = PCURVE('',#8790,#8902);
#8902 = DEFINITIONAL_REPRESENTATION('',(#8903),#8907);
#8903 = LINE('',#8904,#8905);
#8904 = CARTESIAN_POINT('',(0.,0.));
#8905 = VECTOR('',#8906,1.);
#8906 = DIRECTION('',(0.,1.));
#8907 = ( GEOMETRIC_REPRESENTATION_CONTEXT(2) 
PARAMETRIC_REPRESENTATION_CONTEXT() REPRESENTATION_CONTEXT('2D SPACE',''
  ) );
#8908 = PCURVE('',#8818,#8909);
#8909 = DEFINITIONAL_REPRESENTATION('',(#8910),#8914);
#8910 = LINE('',#8911,#8912);
#8911 = CARTESIAN_POINT('',(0.,0.));
#8912 = VECTOR('',#8913,1.);
#8913 = DIRECTION('',(1.,0.));
#8914 = ( GEOMETRIC_REPRESENTATION_CONTEXT(2) 
PARAMETRIC_REPRESENTATION_CONTEXT() REPRESENTATION_CONTEXT('2D SPACE',''
  ) );
#8915 = ORIENTED_EDGE('',*,*,#8916,.T.);
#8916 = EDGE_CURVE('',#8894,#8917,#8919,.T.);
#8917 = VERTEX_POINT('',#8918);
#8918 = CARTESIAN_POINT('',(-143.175,-76.2,58.65));
#8919 = SURFACE_CURVE('',#8920,(#8924,#8931),.PCURVE_S1.);
#8920 = LINE('',#8921,#8922);
#8921 = CARTESIAN_POINT('',(-143.175,-76.2,7.85));
#8922 = VECTOR('',#8923,1.);
#8923 = DIRECTION('',(0.,0.,1.));
#8924 = PCURVE('',#8790,#8925);
#8925 = DEFINITIONAL_REPRESENTATION('',(#8926),#8930);
#8926 = LINE('',#8927,#8928);
#8927 = CARTESIAN_POINT('',(0.,0.));
#8928 = VECTOR('',#8929,1.);
#8929 = DIRECTION('',(1.,0.));
#8930 = ( GEOMETRIC_REPRESENTATION_CONTEXT(2) 
PARAMETRIC_REPRESENTATION_CONTEXT() REPRESENTATION_CONTEXT('2D SPACE',''
  ) );
#8931 = PCURVE('',#8932,#8937);
#8932 = PLANE('',#8933);
#8933 = AXIS2_PLACEMENT_3D('',#8934,#8935,#8936);
#8934 = CARTESIAN_POINT('',(-143.175,-76.2,7.85));
#8935 = DIRECTION('',(1.,0.,-0.));
#8936 = DIRECTION('',(0.,0.,1.));
#8937 = DEFINITIONAL_REPRESENTATION('',(#8938),#8942);
#8938 = LINE('',#8939,#8940);
#8939 = CARTESIAN_POINT('',(0.,0.));
#8940 = VECTOR('',#8941,1.);
#8941 = DIRECTION('',(1.,0.));
#8942 = ( GEOMETRIC_REPRESENTATION_CONTEXT(2) 
PARAMETRIC_REPRESENTATION_CONTEXT() REPRESENTATION_CONTEXT('2D SPACE',''
  ) );
#8943 = ORIENTED_EDGE('',*,*,#8944,.T.);
#8944 = EDGE_CURVE('',#8917,#8775,#8945,.T.);
#8945 = SURFACE_CURVE('',#8946,(#8950,#8957),.PCURVE_S1.);
#8946 = LINE('',#8947,#8948);
#8947 = CARTESIAN_POINT('',(-143.175,-76.2,58.65));
#8948 = VECTOR('',#8949,1.);
#8949 = DIRECTION('',(1.,0.,-0.));
#8950 = PCURVE('',#8790,#8951);
#8951 = DEFINITIONAL_REPRESENTATION('',(#8952),#8956);
#8952 = LINE('',#8953,#8954);
#8953 = CARTESIAN_POINT('',(50.8,0.));
#8954 = VECTOR('',#8955,1.);
#8955 = DIRECTION('',(0.,1.));
#8956 = ( GEOMETRIC_REPRESENTATION_CONTEXT(2) 
PARAMETRIC_REPRESENTATION_CONTEXT() REPRESENTATION_CONTEXT('2D SPACE',''
  ) );
#8957 = PCURVE('',#8872,#8958);
#8958 = DEFINITIONAL_REPRESENTATION('',(#8959),#8963);
#8959 = LINE('',#8960,#8961);
#8960 = CARTESIAN_POINT('',(0.,0.));
#8961 = VECTOR('',#8962,1.);
#8962 = DIRECTION('',(1.,0.));
#8963 = ( GEOMETRIC_REPRESENTATION_CONTEXT(2) 
PARAMETRIC_REPRESENTATION_CONTEXT() REPRESENTATION_CONTEXT('2D SPACE',''
  ) );
#8964 = ORIENTED_EDGE('',*,*,#8772,.F.);
#8965 = ADVANCED_FACE('',(#8966),#8872,.T.);
#8966 = FACE_BOUND('',#8967,.T.);
#8967 = EDGE_LOOP('',(#8968,#8991,#8992,#8993));
#8968 = ORIENTED_EDGE('',*,*,#8969,.F.);
#8969 = EDGE_CURVE('',#8917,#8970,#8972,.T.);
#8970 = VERTEX_POINT('',#8971);
#8971 = CARTESIAN_POINT('',(-143.175,76.2,58.65));
#8972 = SURFACE_CURVE('',#8973,(#8977,#8984),.PCURVE_S1.);
#8973 = LINE('',#8974,#8975);
#8974 = CARTESIAN_POINT('',(-143.175,-76.2,58.65));
#8975 = VECTOR('',#8976,1.);
#8976 = DIRECTION('',(-0.,1.,0.));
#8977 = PCURVE('',#8872,#8978);
#8978 = DEFINITIONAL_REPRESENTATION('',(#8979),#8983);
#8979 = LINE('',#8980,#8981);
#8980 = CARTESIAN_POINT('',(0.,0.));
#8981 = VECTOR('',#8982,1.);
#8982 = DIRECTION('',(0.,1.));
#8983 = ( GEOMETRIC_REPRESENTATION_CONTEXT(2) 
PARAMETRIC_REPRESENTATION_CONTEXT() REPRESENTATION_CONTEXT('2D SPACE',''
  ) );
#8984 = PCURVE('',#8932,#8985);
#8985 = DEFINITIONAL_REPRESENTATION('',(#8986),#8990);
#8986 = LINE('',#8987,#8988);
#8987 = CARTESIAN_POINT('',(50.8,0.));
#8988 = VECTOR('',#8989,1.);
#8989 = DIRECTION('',(0.,-1.));
#8990 = ( GEOMETRIC_REPRESENTATION_CONTEXT(2) 
PARAMETRIC_REPRESENTATION_CONTEXT() REPRESENTATION_CONTEXT('2D SPACE',''
  ) );
#8991 = ORIENTED_EDGE('',*,*,#8944,.T.);
#8992 = ORIENTED_EDGE('',*,*,#8858,.T.);
#8993 = ORIENTED_EDGE('',*,*,#8994,.F.);
#8994 = EDGE_CURVE('',#8970,#8831,#8995,.T.);
#8995 = SURFACE_CURVE('',#8996,(#9000,#9007),.PCURVE_S1.);
#8996 = LINE('',#8997,#8998);
#8997 = CARTESIAN_POINT('',(-143.175,76.2,58.65));
#8998 = VECTOR('',#8999,1.);
#8999 = DIRECTION('',(1.,0.,-0.));
#9000 = PCURVE('',#8872,#9001);
#9001 = DEFINITIONAL_REPRESENTATION('',(#9002),#9006);
#9002 = LINE('',#9003,#9004);
#9003 = CARTESIAN_POINT('',(0.,152.4));
#9004 = VECTOR('',#9005,1.);
#9005 = DIRECTION('',(1.,0.));
#9006 = ( GEOMETRIC_REPRESENTATION_CONTEXT(2) 
PARAMETRIC_REPRESENTATION_CONTEXT() REPRESENTATION_CONTEXT('2D SPACE',''
  ) );
#9007 = PCURVE('',#8846,#9008);
#9008 = DEFINITIONAL_REPRESENTATION('',(#9009),#9013);
#9009 = LINE('',#9010,#9011);
#9010 = CARTESIAN_POINT('',(50.8,0.));
#9011 = VECTOR('',#9012,1.);
#9012 = DIRECTION('',(0.,1.));
#9013 = ( GEOMETRIC_REPRESENTATION_CONTEXT(2) 
PARAMETRIC_REPRESENTATION_CONTEXT() REPRESENTATION_CONTEXT('2D SPACE',''
  ) );
#9014 = ADVANCED_FACE('',(#9015),#8818,.F.);
#9015 = FACE_BOUND('',#9016,.F.);
#9016 = EDGE_LOOP('',(#9017,#9040,#9041,#9042));
#9017 = ORIENTED_EDGE('',*,*,#9018,.F.);
#9018 = EDGE_CURVE('',#8894,#9019,#9021,.T.);
#9019 = VERTEX_POINT('',#9020);
#9020 = CARTESIAN_POINT('',(-143.175,76.2,7.85));
#9021 = SURFACE_CURVE('',#9022,(#9026,#9033),.PCURVE_S1.);
#9022 = LINE('',#9023,#9024);
#9023 = CARTESIAN_POINT('',(-143.175,-76.2,7.85));
#9024 = VECTOR('',#9025,1.);
#9025 = DIRECTION('',(-0.,1.,0.));
#9026 = PCURVE('',#8818,#9027);
#9027 = DEFINITIONAL_REPRESENTATION('',(#9028),#9032);
#9028 = LINE('',#9029,#9030);
#9029 = CARTESIAN_POINT('',(0.,0.));
#9030 = VECTOR('',#9031,1.);
#9031 = DIRECTION('',(0.,1.));
#9032 = ( GEOMETRIC_REPRESENTATION_CONTEXT(2) 
PARAMETRIC_REPRESENTATION_CONTEXT() REPRESENTATION_CONTEXT('2D SPACE',''
  ) );
#9033 = PCURVE('',#8932,#9034);
#9034 = DEFINITIONAL_REPRESENTATION('',(#9035),#9039);
#9035 = LINE('',#9036,#9037);
#9036 = CARTESIAN_POINT('',(0.,0.));
#9037 = VECTOR('',#9038,1.);
#9038 = DIRECTION('',(0.,-1.));
#9039 = ( GEOMETRIC_REPRESENTATION_CONTEXT(2) 
PARAMETRIC_REPRESENTATION_CONTEXT() REPRESENTATION_CONTEXT('2D SPACE',''
  ) );
#9040 = ORIENTED_EDGE('',*,*,#8893,.T.);
#9041 = ORIENTED_EDGE('',*,*,#8802,.T.);
#9042 = ORIENTED_EDGE('',*,*,#9043,.F.);
#9043 = EDGE_CURVE('',#9019,#8803,#9044,.T.);
#9044 = SURFACE_CURVE('',#9045,(#9049,#9056),.PCURVE_S1.);
#9045 = LINE('',#9046,#9047);
#9046 = CARTESIAN_POINT('',(-143.175,76.2,7.85));
#9047 = VECTOR('',#9048,1.);
#9048 = DIRECTION('',(1.,0.,-0.));
#9049 = PCURVE('',#8818,#9050);
#9050 = DEFINITIONAL_REPRESENTATION('',(#9051),#9055);
#9051 = LINE('',#9052,#9053);
#9052 = CARTESIAN_POINT('',(0.,152.4));
#9053 = VECTOR('',#9054,1.);
#9054 = DIRECTION('',(1.,0.));
#9055 = ( GEOMETRIC_REPRESENTATION_CONTEXT(2) 
PARAMETRIC_REPRESENTATION_CONTEXT() REPRESENTATION_CONTEXT('2D SPACE',''
  ) );
#9056 = PCURVE('',#8846,#9057);
#9057 = DEFINITIONAL_REPRESENTATION('',(#9058),#9062);
#9058 = LINE('',#9059,#9060);
#9059 = CARTESIAN_POINT('',(0.,0.));
#9060 = VECTOR('',#9061,1.);
#9061 = DIRECTION('',(0.,1.));
#9062 = ( GEOMETRIC_REPRESENTATION_CONTEXT(2) 
PARAMETRIC_REPRESENTATION_CONTEXT() REPRESENTATION_CONTEXT('2D SPACE',''
  ) );
#9063 = ADVANCED_FACE('',(#9064),#8846,.T.);
#9064 = FACE_BOUND('',#9065,.T.);
#9065 = EDGE_LOOP('',(#9066,#9067,#9088,#9089));
#9066 = ORIENTED_EDGE('',*,*,#9043,.F.);
#9067 = ORIENTED_EDGE('',*,*,#9068,.T.);
#9068 = EDGE_CURVE('',#9019,#8970,#9069,.T.);
#9069 = SURFACE_CURVE('',#9070,(#9074,#9081),.PCURVE_S1.);
#9070 = LINE('',#9071,#9072);
#9071 = CARTESIAN_POINT('',(-143.175,76.2,7.85));
#9072 = VECTOR('',#9073,1.);
#9073 = DIRECTION('',(0.,0.,1.));
#9074 = PCURVE('',#8846,#9075);
#9075 = DEFINITIONAL_REPRESENTATION('',(#9076),#9080);
#9076 = LINE('',#9077,#9078);
#9077 = CARTESIAN_POINT('',(0.,0.));
#9078 = VECTOR('',#9079,1.);
#9079 = DIRECTION('',(1.,0.));
#9080 = ( GEOMETRIC_REPRESENTATION_CONTEXT(2) 
PARAMETRIC_REPRESENTATION_CONTEXT() REPRESENTATION_CONTEXT('2D SPACE',''
  ) );
#9081 = PCURVE('',#8932,#9082);
#9082 = DEFINITIONAL_REPRESENTATION('',(#9083),#9087);
#9083 = LINE('',#9084,#9085);
#9084 = CARTESIAN_POINT('',(0.,-152.4));
#9085 = VECTOR('',#9086,1.);
#9086 = DIRECTION('',(1.,0.));
#9087 = ( GEOMETRIC_REPRESENTATION_CONTEXT(2) 
PARAMETRIC_REPRESENTATION_CONTEXT() REPRESENTATION_CONTEXT('2D SPACE',''
  ) );
#9088 = ORIENTED_EDGE('',*,*,#8994,.T.);
#9089 = ORIENTED_EDGE('',*,*,#8830,.F.);
#9090 = ADVANCED_FACE('',(#9091),#8932,.F.);
#9091 = FACE_BOUND('',#9092,.F.);
#9092 = EDGE_LOOP('',(#9093,#9094,#9095,#9096));
#9093 = ORIENTED_EDGE('',*,*,#8916,.F.);
#9094 = ORIENTED_EDGE('',*,*,#9018,.T.);
#9095 = ORIENTED_EDGE('',*,*,#9068,.T.);
#9096 = ORIENTED_EDGE('',*,*,#8969,.F.);
#9097 = ( GEOMETRIC_REPRESENTATION_CONTEXT(3) 
GLOBAL_UNCERTAINTY_ASSIGNED_CONTEXT((#9101)) 
GLOBAL_UNIT_ASSIGNED_CONTEXT((#9098,#9099,#9100)) REPRESENTATION_CONTEXT
('Context #1','3D Context with UNIT and UNCERTAINTY') );
#9098 = ( LENGTH_UNIT() NAMED_UNIT(*) SI_UNIT(.MILLI.,.METRE.) );
#9099 = ( NAMED_UNIT(*) PLANE_ANGLE_UNIT() SI_UNIT($,.RADIAN.) );
#9100 = ( NAMED_UNIT(*) SI_UNIT($,.STERADIAN.) SOLID_ANGLE_UNIT() );
#9101 = UNCERTAINTY_MEASURE_WITH_UNIT(LENGTH_MEASURE(1.E-07),#9098,
  'distance_accuracy_value','confusion accuracy');
#9102 = CONTEXT_DEPENDENT_SHAPE_REPRESENTATION(#9103,#9105);
#9103 = ( REPRESENTATION_RELATIONSHIP('','',#8122,#36) 
REPRESENTATION_RELATIONSHIP_WITH_TRANSFORMATION(#9104) 
SHAPE_REPRESENTATION_RELATIONSHIP() );
#9104 = ITEM_DEFINED_TRANSFORMATION('','',#11,#49);
#9105 = PRODUCT_DEFINITION_SHAPE('Placement','Placement of an item',
  #9106);
#9106 = NEXT_ASSEMBLY_USAGE_OCCURRENCE('4','=>[0:1:1:6]','',#31,#8117,$
  );
#9107 = PRODUCT_RELATED_PRODUCT_CATEGORY('part',$,(#8119));
#9108 = SHAPE_DEFINITION_REPRESENTATION(#9109,#9115);
#9109 = PRODUCT_DEFINITION_SHAPE('','',#9110);
#9110 = PRODUCT_DEFINITION('design','',#9111,#9114);
#9111 = PRODUCT_DEFINITION_FORMATION('','',#9112);
#9112 = PRODUCT('COMPOUND','COMPOUND','',(#9113));
#9113 = PRODUCT_CONTEXT('',#2,'mechanical');
#9114 = PRODUCT_DEFINITION_CONTEXT('part definition',#2,'design');
#9115 = SHAPE_REPRESENTATION('',(#11,#9116,#9746),#10376);
#9116 = MANIFOLD_SOLID_BREP('',#9117);
#9117 = CLOSED_SHELL('',(#9118,#9344,#9420,#9469,#9518,#9545,#9614,#9661
    ,#9708,#9733));
#9118 = ADVANCED_FACE('',(#9119,#9238),#9133,.F.);
#9119 = FACE_BOUND('',#9120,.F.);
#9120 = EDGE_LOOP('',(#9121,#9156,#9184,#9212));
#9121 = ORIENTED_EDGE('',*,*,#9122,.F.);
#9122 = EDGE_CURVE('',#9123,#9125,#9127,.T.);
#9123 = VERTEX_POINT('',#9124);
#9124 = CARTESIAN_POINT('',(-140.,-73.025,11.025));
#9125 = VERTEX_POINT('',#9126);
#9126 = CARTESIAN_POINT('',(-140.,-73.025,55.475));
#9127 = SURFACE_CURVE('',#9128,(#9132,#9144),.PCURVE_S1.);
#9128 = LINE('',#9129,#9130);
#9129 = CARTESIAN_POINT('',(-140.,-73.025,11.025));
#9130 = VECTOR('',#9131,1.);
#9131 = DIRECTION('',(0.,0.,1.));
#9132 = PCURVE('',#9133,#9138);
#9133 = PLANE('',#9134);
#9134 = AXIS2_PLACEMENT_3D('',#9135,#9136,#9137);
#9135 = CARTESIAN_POINT('',(-140.,-73.025,11.025));
#9136 = DIRECTION('',(1.,0.,-0.));
#9137 = DIRECTION('',(0.,0.,1.));
#9138 = DEFINITIONAL_REPRESENTATION('',(#9139),#9143);
#9139 = LINE('',#9140,#9141);
#9140 = CARTESIAN_POINT('',(0.,0.));
#9141 = VECTOR('',#9142,1.);
#9142 = DIRECTION('',(1.,0.));
#9143 = ( GEOMETRIC_REPRESENTATION_CONTEXT(2) 
PARAMETRIC_REPRESENTATION_CONTEXT() REPRESENTATION_CONTEXT('2D SPACE',''
  ) );
#9144 = PCURVE('',#9145,#9150);
#9145 = PLANE('',#9146);
#9146 = AXIS2_PLACEMENT_3D('',#9147,#9148,#9149);
#9147 = CARTESIAN_POINT('',(-140.,-73.025,11.025));
#9148 = DIRECTION('',(-0.,1.,0.));
#9149 = DIRECTION('',(0.,0.,1.));
#9150 = DEFINITIONAL_REPRESENTATION('',(#9151),#9155);
#9151 = LINE('',#9152,#9153);
#9152 = CARTESIAN_POINT('',(0.,0.));
#9153 = VECTOR('',#9154,1.);
#9154 = DIRECTION('',(1.,0.));
#9155 = ( GEOMETRIC_REPRESENTATION_CONTEXT(2) 
PARAMETRIC_REPRESENTATION_CONTEXT() REPRESENTATION_CONTEXT('2D SPACE',''
  ) );
#9156 = ORIENTED_EDGE('',*,*,#9157,.T.);
#9157 = EDGE_CURVE('',#9123,#9158,#9160,.T.);
#9158 = VERTEX_POINT('',#9159);
#9159 = CARTESIAN_POINT('',(-140.,73.025,11.025));
#9160 = SURFACE_CURVE('',#9161,(#9165,#9172),.PCURVE_S1.);
#9161 = LINE('',#9162,#9163);
#9162 = CARTESIAN_POINT('',(-140.,-73.025,11.025));
#9163 = VECTOR('',#9164,1.);
#9164 = DIRECTION('',(-0.,1.,0.));
#9165 = PCURVE('',#9133,#9166);
#9166 = DEFINITIONAL_REPRESENTATION('',(#9167),#9171);
#9167 = LINE('',#9168,#9169);
#9168 = CARTESIAN_POINT('',(0.,0.));
#9169 = VECTOR('',#9170,1.);
#9170 = DIRECTION('',(0.,-1.));
#9171 = ( GEOMETRIC_REPRESENTATION_CONTEXT(2) 
PARAMETRIC_REPRESENTATION_CONTEXT() REPRESENTATION_CONTEXT('2D SPACE',''
  ) );
#9172 = PCURVE('',#9173,#9178);
#9173 = PLANE('',#9174);
#9174 = AXIS2_PLACEMENT_3D('',#9175,#9176,#9177);
#9175 = CARTESIAN_POINT('',(-140.,-73.025,11.025));
#9176 = DIRECTION('',(0.,0.,1.));
#9177 = DIRECTION('',(1.,0.,-0.));
#9178 = DEFINITIONAL_REPRESENTATION('',(#9179),#9183);
#9179 = LINE('',#9180,#9181);
#9180 = CARTESIAN_POINT('',(0.,0.));
#9181 = VECTOR('',#9182,1.);
#9182 = DIRECTION('',(0.,1.));
#9183 = ( GEOMETRIC_REPRESENTATION_CONTEXT(2) 
PARAMETRIC_REPRESENTATION_CONTEXT() REPRESENTATION_CONTEXT('2D SPACE',''
  ) );
#9184 = ORIENTED_EDGE('',*,*,#9185,.T.);
#9185 = EDGE_CURVE('',#9158,#9186,#9188,.T.);
#9186 = VERTEX_POINT('',#9187);
#9187 = CARTESIAN_POINT('',(-140.,73.025,55.475));
#9188 = SURFACE_CURVE('',#9189,(#9193,#9200),.PCURVE_S1.);
#9189 = LINE('',#9190,#9191);
#9190 = CARTESIAN_POINT('',(-140.,73.025,11.025));
#9191 = VECTOR('',#9192,1.);
#9192 = DIRECTION('',(0.,0.,1.));
#9193 = PCURVE('',#9133,#9194);
#9194 = DEFINITIONAL_REPRESENTATION('',(#9195),#9199);
#9195 = LINE('',#9196,#9197);
#9196 = CARTESIAN_POINT('',(0.,-146.05));
#9197 = VECTOR('',#9198,1.);
#9198 = DIRECTION('',(1.,0.));
#9199 = ( GEOMETRIC_REPRESENTATION_CONTEXT(2) 
PARAMETRIC_REPRESENTATION_CONTEXT() REPRESENTATION_CONTEXT('2D SPACE',''
  ) );
#9200 = PCURVE('',#9201,#9206);
#9201 = PLANE('',#9202);
#9202 = AXIS2_PLACEMENT_3D('',#9203,#9204,#9205);
#9203 = CARTESIAN_POINT('',(-140.,73.025,11.025));
#9204 = DIRECTION('',(-0.,1.,0.));
#9205 = DIRECTION('',(0.,0.,1.));
#9206 = DEFINITIONAL_REPRESENTATION('',(#9207),#9211);
#9207 = LINE('',#9208,#9209);
#9208 = CARTESIAN_POINT('',(0.,0.));
#9209 = VECTOR('',#9210,1.);
#9210 = DIRECTION('',(1.,0.));
#9211 = ( GEOMETRIC_REPRESENTATION_CONTEXT(2) 
PARAMETRIC_REPRESENTATION_CONTEXT() REPRESENTATION_CONTEXT('2D SPACE',''
  ) );
#9212 = ORIENTED_EDGE('',*,*,#9213,.F.);
#9213 = EDGE_CURVE('',#9125,#9186,#9214,.T.);
#9214 = SURFACE_CURVE('',#9215,(#9219,#9226),.PCURVE_S1.);
#9215 = LINE('',#9216,#9217);
#9216 = CARTESIAN_POINT('',(-140.,-73.025,55.475));
#9217 = VECTOR('',#9218,1.);
#9218 = DIRECTION('',(-0.,1.,0.));
#9219 = PCURVE('',#9133,#9220);
#9220 = DEFINITIONAL_REPRESENTATION('',(#9221),#9225);
#9221 = LINE('',#9222,#9223);
#9222 = CARTESIAN_POINT('',(44.45,0.));
#9223 = VECTOR('',#9224,1.);
#9224 = DIRECTION('',(0.,-1.));
#9225 = ( GEOMETRIC_REPRESENTATION_CONTEXT(2) 
PARAMETRIC_REPRESENTATION_CONTEXT() REPRESENTATION_CONTEXT('2D SPACE',''
  ) );
#9226 = PCURVE('',#9227,#9232);
#9227 = PLANE('',#9228);
#9228 = AXIS2_PLACEMENT_3D('',#9229,#9230,#9231);
#9229 = CARTESIAN_POINT('',(-140.,-73.025,55.475));
#9230 = DIRECTION('',(0.,0.,1.));
#9231 = DIRECTION('',(1.,0.,-0.));
#9232 = DEFINITIONAL_REPRESENTATION('',(#9233),#9237);
#9233 = LINE('',#9234,#9235);
#9234 = CARTESIAN_POINT('',(0.,0.));
#9235 = VECTOR('',#9236,1.);
#9236 = DIRECTION('',(0.,1.));
#9237 = ( GEOMETRIC_REPRESENTATION_CONTEXT(2) 
PARAMETRIC_REPRESENTATION_CONTEXT() REPRESENTATION_CONTEXT('2D SPACE',''
  ) );
#9238 = FACE_BOUND('',#9239,.F.);
#9239 = EDGE_LOOP('',(#9240,#9268,#9294,#9320));
#9240 = ORIENTED_EDGE('',*,*,#9241,.T.);
#9241 = EDGE_CURVE('',#9242,#9244,#9246,.T.);
#9242 = VERTEX_POINT('',#9243);
#9243 = CARTESIAN_POINT('',(-140.,70.525,13.525));
#9244 = VERTEX_POINT('',#9245);
#9245 = CARTESIAN_POINT('',(-140.,-70.525,13.525));
#9246 = SURFACE_CURVE('',#9247,(#9251,#9257),.PCURVE_S1.);
#9247 = LINE('',#9248,#9249);
#9248 = CARTESIAN_POINT('',(-140.,-71.775,13.525));
#9249 = VECTOR('',#9250,1.);
#9250 = DIRECTION('',(0.,-1.,0.));
#9251 = PCURVE('',#9133,#9252);
#9252 = DEFINITIONAL_REPRESENTATION('',(#9253),#9256);
#9253 = B_SPLINE_CURVE_WITH_KNOTS('',1,(#9254,#9255),.UNSPECIFIED.,.F.,
  .F.,(2,2),(-142.3,-1.25),.PIECEWISE_BEZIER_KNOTS.);
#9254 = CARTESIAN_POINT('',(2.5,-143.55));
#9255 = CARTESIAN_POINT('',(2.5,-2.5));
#9256 = ( GEOMETRIC_REPRESENTATION_CONTEXT(2) 
PARAMETRIC_REPRESENTATION_CONTEXT() REPRESENTATION_CONTEXT('2D SPACE',''
  ) );
#9257 = PCURVE('',#9258,#9263);
#9258 = PLANE('',#9259);
#9259 = AXIS2_PLACEMENT_3D('',#9260,#9261,#9262);
#9260 = CARTESIAN_POINT('',(-141.,-70.525,13.525));
#9261 = DIRECTION('',(0.,0.,1.));
#9262 = DIRECTION('',(1.,0.,-0.));
#9263 = DEFINITIONAL_REPRESENTATION('',(#9264),#9267);
#9264 = B_SPLINE_CURVE_WITH_KNOTS('',1,(#9265,#9266),.UNSPECIFIED.,.F.,
  .F.,(2,2),(-142.3,-1.25),.PIECEWISE_BEZIER_KNOTS.);
#9265 = CARTESIAN_POINT('',(1.,141.05));
#9266 = CARTESIAN_POINT('',(1.,0.));
#9267 = ( GEOMETRIC_REPRESENTATION_CONTEXT(2) 
PARAMETRIC_REPRESENTATION_CONTEXT() REPRESENTATION_CONTEXT('2D SPACE',''
  ) );
#9268 = ORIENTED_EDGE('',*,*,#9269,.T.);
#9269 = EDGE_CURVE('',#9244,#9270,#9272,.T.);
#9270 = VERTEX_POINT('',#9271);
#9271 = CARTESIAN_POINT('',(-140.,-70.525,52.975));
#9272 = SURFACE_CURVE('',#9273,(#9277,#9283),.PCURVE_S1.);
#9273 = LINE('',#9274,#9275);
#9274 = CARTESIAN_POINT('',(-140.,-70.525,12.275));
#9275 = VECTOR('',#9276,1.);
#9276 = DIRECTION('',(0.,0.,1.));
#9277 = PCURVE('',#9133,#9278);
#9278 = DEFINITIONAL_REPRESENTATION('',(#9279),#9282);
#9279 = B_SPLINE_CURVE_WITH_KNOTS('',1,(#9280,#9281),.UNSPECIFIED.,.F.,
  .F.,(2,2),(1.25,40.7),.PIECEWISE_BEZIER_KNOTS.);
#9280 = CARTESIAN_POINT('',(2.5,-2.5));
#9281 = CARTESIAN_POINT('',(41.95,-2.5));
#9282 = ( GEOMETRIC_REPRESENTATION_CONTEXT(2) 
PARAMETRIC_REPRESENTATION_CONTEXT() REPRESENTATION_CONTEXT('2D SPACE',''
  ) );
#9283 = PCURVE('',#9284,#9289);
#9284 = PLANE('',#9285);
#9285 = AXIS2_PLACEMENT_3D('',#9286,#9287,#9288);
#9286 = CARTESIAN_POINT('',(-141.,-70.525,13.525));
#9287 = DIRECTION('',(-0.,1.,0.));
#9288 = DIRECTION('',(0.,0.,1.));
#9289 = DEFINITIONAL_REPRESENTATION('',(#9290),#9293);
#9290 = B_SPLINE_CURVE_WITH_KNOTS('',1,(#9291,#9292),.UNSPECIFIED.,.F.,
  .F.,(2,2),(1.25,40.7),.PIECEWISE_BEZIER_KNOTS.);
#9291 = CARTESIAN_POINT('',(0.,1.));
#9292 = CARTESIAN_POINT('',(39.45,1.));
#9293 = ( GEOMETRIC_REPRESENTATION_CONTEXT(2) 
PARAMETRIC_REPRESENTATION_CONTEXT() REPRESENTATION_CONTEXT('2D SPACE',''
  ) );
#9294 = ORIENTED_EDGE('',*,*,#9295,.F.);
#9295 = EDGE_CURVE('',#9296,#9270,#9298,.T.);
#9296 = VERTEX_POINT('',#9297);
#9297 = CARTESIAN_POINT('',(-140.,70.525,52.975));
#9298 = SURFACE_CURVE('',#9299,(#9303,#9309),.PCURVE_S1.);
#9299 = LINE('',#9300,#9301);
#9300 = CARTESIAN_POINT('',(-140.,-71.775,52.975));
#9301 = VECTOR('',#9302,1.);
#9302 = DIRECTION('',(0.,-1.,0.));
#9303 = PCURVE('',#9133,#9304);
#9304 = DEFINITIONAL_REPRESENTATION('',(#9305),#9308);
#9305 = B_SPLINE_CURVE_WITH_KNOTS('',1,(#9306,#9307),.UNSPECIFIED.,.F.,
  .F.,(2,2),(-142.3,-1.25),.PIECEWISE_BEZIER_KNOTS.);
#9306 = CARTESIAN_POINT('',(41.95,-143.55));
#9307 = CARTESIAN_POINT('',(41.95,-2.5));
#9308 = ( GEOMETRIC_REPRESENTATION_CONTEXT(2) 
PARAMETRIC_REPRESENTATION_CONTEXT() REPRESENTATION_CONTEXT('2D SPACE',''
  ) );
#9309 = PCURVE('',#9310,#9315);
#9310 = PLANE('',#9311);
#9311 = AXIS2_PLACEMENT_3D('',#9312,#9313,#9314);
#9312 = CARTESIAN_POINT('',(-141.,-70.525,52.975));
#9313 = DIRECTION('',(0.,0.,1.));
#9314 = DIRECTION('',(1.,0.,-0.));
#9315 = DEFINITIONAL_REPRESENTATION('',(#9316),#9319);
#9316 = B_SPLINE_CURVE_WITH_KNOTS('',1,(#9317,#9318),.UNSPECIFIED.,.F.,
  .F.,(2,2),(-142.3,-1.25),.PIECEWISE_BEZIER_KNOTS.);
#9317 = CARTESIAN_POINT('',(1.,141.05));
#9318 = CARTESIAN_POINT('',(1.,0.));
#9319 = ( GEOMETRIC_REPRESENTATION_CONTEXT(2) 
PARAMETRIC_REPRESENTATION_CONTEXT() REPRESENTATION_CONTEXT('2D SPACE',''
  ) );
#9320 = ORIENTED_EDGE('',*,*,#9321,.F.);
#9321 = EDGE_CURVE('',#9242,#9296,#9322,.T.);
#9322 = SURFACE_CURVE('',#9323,(#9327,#9333),.PCURVE_S1.);
#9323 = LINE('',#9324,#9325);
#9324 = CARTESIAN_POINT('',(-140.,70.525,12.275));
#9325 = VECTOR('',#9326,1.);
#9326 = DIRECTION('',(0.,0.,1.));
#9327 = PCURVE('',#9133,#9328);
#9328 = DEFINITIONAL_REPRESENTATION('',(#9329),#9332);
#9329 = B_SPLINE_CURVE_WITH_KNOTS('',1,(#9330,#9331),.UNSPECIFIED.,.F.,
  .F.,(2,2),(1.25,40.7),.PIECEWISE_BEZIER_KNOTS.);
#9330 = CARTESIAN_POINT('',(2.5,-143.55));
#9331 = CARTESIAN_POINT('',(41.95,-143.55));
#9332 = ( GEOMETRIC_REPRESENTATION_CONTEXT(2) 
PARAMETRIC_REPRESENTATION_CONTEXT() REPRESENTATION_CONTEXT('2D SPACE',''
  ) );
#9333 = PCURVE('',#9334,#9339);
#9334 = PLANE('',#9335);
#9335 = AXIS2_PLACEMENT_3D('',#9336,#9337,#9338);
#9336 = CARTESIAN_POINT('',(-141.,70.525,13.525));
#9337 = DIRECTION('',(-0.,1.,0.));
#9338 = DIRECTION('',(0.,0.,1.));
#9339 = DEFINITIONAL_REPRESENTATION('',(#9340),#9343);
#9340 = B_SPLINE_CURVE_WITH_KNOTS('',1,(#9341,#9342),.UNSPECIFIED.,.F.,
  .F.,(2,2),(1.25,40.7),.PIECEWISE_BEZIER_KNOTS.);
#9341 = CARTESIAN_POINT('',(0.,1.));
#9342 = CARTESIAN_POINT('',(39.45,1.));
#9343 = ( GEOMETRIC_REPRESENTATION_CONTEXT(2) 
PARAMETRIC_REPRESENTATION_CONTEXT() REPRESENTATION_CONTEXT('2D SPACE',''
  ) );
#9344 = ADVANCED_FACE('',(#9345),#9145,.F.);
#9345 = FACE_BOUND('',#9346,.F.);
#9346 = EDGE_LOOP('',(#9347,#9370,#9371,#9394));
#9347 = ORIENTED_EDGE('',*,*,#9348,.F.);
#9348 = EDGE_CURVE('',#9123,#9349,#9351,.T.);
#9349 = VERTEX_POINT('',#9350);
#9350 = CARTESIAN_POINT('',(-137.,-73.025,11.025));
#9351 = SURFACE_CURVE('',#9352,(#9356,#9363),.PCURVE_S1.);
#9352 = LINE('',#9353,#9354);
#9353 = CARTESIAN_POINT('',(-140.,-73.025,11.025));
#9354 = VECTOR('',#9355,1.);
#9355 = DIRECTION('',(1.,0.,-0.));
#9356 = PCURVE('',#9145,#9357);
#9357 = DEFINITIONAL_REPRESENTATION('',(#9358),#9362);
#9358 = LINE('',#9359,#9360);
#9359 = CARTESIAN_POINT('',(0.,0.));
#9360 = VECTOR('',#9361,1.);
#9361 = DIRECTION('',(0.,1.));
#9362 = ( GEOMETRIC_REPRESENTATION_CONTEXT(2) 
PARAMETRIC_REPRESENTATION_CONTEXT() REPRESENTATION_CONTEXT('2D SPACE',''
  ) );
#9363 = PCURVE('',#9173,#9364);
#9364 = DEFINITIONAL_REPRESENTATION('',(#9365),#9369);
#9365 = LINE('',#9366,#9367);
#9366 = CARTESIAN_POINT('',(0.,0.));
#9367 = VECTOR('',#9368,1.);
#9368 = DIRECTION('',(1.,0.));
#9369 = ( GEOMETRIC_REPRESENTATION_CONTEXT(2) 
PARAMETRIC_REPRESENTATION_CONTEXT() REPRESENTATION_CONTEXT('2D SPACE',''
  ) );
#9370 = ORIENTED_EDGE('',*,*,#9122,.T.);
#9371 = ORIENTED_EDGE('',*,*,#9372,.T.);
#9372 = EDGE_CURVE('',#9125,#9373,#9375,.T.);
#9373 = VERTEX_POINT('',#9374);
#9374 = CARTESIAN_POINT('',(-137.,-73.025,55.475));
#9375 = SURFACE_CURVE('',#9376,(#9380,#9387),.PCURVE_S1.);
#9376 = LINE('',#9377,#9378);
#9377 = CARTESIAN_POINT('',(-140.,-73.025,55.475));
#9378 = VECTOR('',#9379,1.);
#9379 = DIRECTION('',(1.,0.,-0.));
#9380 = PCURVE('',#9145,#9381);
#9381 = DEFINITIONAL_REPRESENTATION('',(#9382),#9386);
#9382 = LINE('',#9383,#9384);
#9383 = CARTESIAN_POINT('',(44.45,0.));
#9384 = VECTOR('',#9385,1.);
#9385 = DIRECTION('',(0.,1.));
#9386 = ( GEOMETRIC_REPRESENTATION_CONTEXT(2) 
PARAMETRIC_REPRESENTATION_CONTEXT() REPRESENTATION_CONTEXT('2D SPACE',''
  ) );
#9387 = PCURVE('',#9227,#9388);
#9388 = DEFINITIONAL_REPRESENTATION('',(#9389),#9393);
#9389 = LINE('',#9390,#9391);
#9390 = CARTESIAN_POINT('',(0.,0.));
#9391 = VECTOR('',#9392,1.);
#9392 = DIRECTION('',(1.,0.));
#9393 = ( GEOMETRIC_REPRESENTATION_CONTEXT(2) 
PARAMETRIC_REPRESENTATION_CONTEXT() REPRESENTATION_CONTEXT('2D SPACE',''
  ) );
#9394 = ORIENTED_EDGE('',*,*,#9395,.F.);
#9395 = EDGE_CURVE('',#9349,#9373,#9396,.T.);
#9396 = SURFACE_CURVE('',#9397,(#9401,#9408),.PCURVE_S1.);
#9397 = LINE('',#9398,#9399);
#9398 = CARTESIAN_POINT('',(-137.,-73.025,11.025));
#9399 = VECTOR('',#9400,1.);
#9400 = DIRECTION('',(0.,0.,1.));
#9401 = PCURVE('',#9145,#9402);
#9402 = DEFINITIONAL_REPRESENTATION('',(#9403),#9407);
#9403 = LINE('',#9404,#9405);
#9404 = CARTESIAN_POINT('',(0.,3.));
#9405 = VECTOR('',#9406,1.);
#9406 = DIRECTION('',(1.,0.));
#9407 = ( GEOMETRIC_REPRESENTATION_CONTEXT(2) 
PARAMETRIC_REPRESENTATION_CONTEXT() REPRESENTATION_CONTEXT('2D SPACE',''
  ) );
#9408 = PCURVE('',#9409,#9414);
#9409 = PLANE('',#9410);
#9410 = AXIS2_PLACEMENT_3D('',#9411,#9412,#9413);
#9411 = CARTESIAN_POINT('',(-137.,-73.025,11.025));
#9412 = DIRECTION('',(1.,0.,-0.));
#9413 = DIRECTION('',(0.,0.,1.));
#9414 = DEFINITIONAL_REPRESENTATION('',(#9415),#9419);
#9415 = LINE('',#9416,#9417);
#9416 = CARTESIAN_POINT('',(0.,0.));
#9417 = VECTOR('',#9418,1.);
#9418 = DIRECTION('',(1.,0.));
#9419 = ( GEOMETRIC_REPRESENTATION_CONTEXT(2) 
PARAMETRIC_REPRESENTATION_CONTEXT() REPRESENTATION_CONTEXT('2D SPACE',''
  ) );
#9420 = ADVANCED_FACE('',(#9421),#9227,.T.);
#9421 = FACE_BOUND('',#9422,.T.);
#9422 = EDGE_LOOP('',(#9423,#9424,#9425,#9448));
#9423 = ORIENTED_EDGE('',*,*,#9213,.F.);
#9424 = ORIENTED_EDGE('',*,*,#9372,.T.);
#9425 = ORIENTED_EDGE('',*,*,#9426,.T.);
#9426 = EDGE_CURVE('',#9373,#9427,#9429,.T.);
#9427 = VERTEX_POINT('',#9428);
#9428 = CARTESIAN_POINT('',(-137.,73.025,55.475));
#9429 = SURFACE_CURVE('',#9430,(#9434,#9441),.PCURVE_S1.);
#9430 = LINE('',#9431,#9432);
#9431 = CARTESIAN_POINT('',(-137.,-73.025,55.475));
#9432 = VECTOR('',#9433,1.);
#9433 = DIRECTION('',(-0.,1.,0.));
#9434 = PCURVE('',#9227,#9435);
#9435 = DEFINITIONAL_REPRESENTATION('',(#9436),#9440);
#9436 = LINE('',#9437,#9438);
#9437 = CARTESIAN_POINT('',(3.,0.));
#9438 = VECTOR('',#9439,1.);
#9439 = DIRECTION('',(0.,1.));
#9440 = ( GEOMETRIC_REPRESENTATION_CONTEXT(2) 
PARAMETRIC_REPRESENTATION_CONTEXT() REPRESENTATION_CONTEXT('2D SPACE',''
  ) );
#9441 = PCURVE('',#9409,#9442);
#9442 = DEFINITIONAL_REPRESENTATION('',(#9443),#9447);
#9443 = LINE('',#9444,#9445);
#9444 = CARTESIAN_POINT('',(44.45,0.));
#9445 = VECTOR('',#9446,1.);
#9446 = DIRECTION('',(0.,-1.));
#9447 = ( GEOMETRIC_REPRESENTATION_CONTEXT(2) 
PARAMETRIC_REPRESENTATION_CONTEXT() REPRESENTATION_CONTEXT('2D SPACE',''
  ) );
#9448 = ORIENTED_EDGE('',*,*,#9449,.F.);
#9449 = EDGE_CURVE('',#9186,#9427,#9450,.T.);
#9450 = SURFACE_CURVE('',#9451,(#9455,#9462),.PCURVE_S1.);
#9451 = LINE('',#9452,#9453);
#9452 = CARTESIAN_POINT('',(-140.,73.025,55.475));
#9453 = VECTOR('',#9454,1.);
#9454 = DIRECTION('',(1.,0.,-0.));
#9455 = PCURVE('',#9227,#9456);
#9456 = DEFINITIONAL_REPRESENTATION('',(#9457),#9461);
#9457 = LINE('',#9458,#9459);
#9458 = CARTESIAN_POINT('',(0.,146.05));
#9459 = VECTOR('',#9460,1.);
#9460 = DIRECTION('',(1.,0.));
#9461 = ( GEOMETRIC_REPRESENTATION_CONTEXT(2) 
PARAMETRIC_REPRESENTATION_CONTEXT() REPRESENTATION_CONTEXT('2D SPACE',''
  ) );
#9462 = PCURVE('',#9201,#9463);
#9463 = DEFINITIONAL_REPRESENTATION('',(#9464),#9468);
#9464 = LINE('',#9465,#9466);
#9465 = CARTESIAN_POINT('',(44.45,0.));
#9466 = VECTOR('',#9467,1.);
#9467 = DIRECTION('',(0.,1.));
#9468 = ( GEOMETRIC_REPRESENTATION_CONTEXT(2) 
PARAMETRIC_REPRESENTATION_CONTEXT() REPRESENTATION_CONTEXT('2D SPACE',''
  ) );
#9469 = ADVANCED_FACE('',(#9470),#9173,.F.);
#9470 = FACE_BOUND('',#9471,.F.);
#9471 = EDGE_LOOP('',(#9472,#9473,#9474,#9497));
#9472 = ORIENTED_EDGE('',*,*,#9157,.F.);
#9473 = ORIENTED_EDGE('',*,*,#9348,.T.);
#9474 = ORIENTED_EDGE('',*,*,#9475,.T.);
#9475 = EDGE_CURVE('',#9349,#9476,#9478,.T.);
#9476 = VERTEX_POINT('',#9477);
#9477 = CARTESIAN_POINT('',(-137.,73.025,11.025));
#9478 = SURFACE_CURVE('',#9479,(#9483,#9490),.PCURVE_S1.);
#9479 = LINE('',#9480,#9481);
#9480 = CARTESIAN_POINT('',(-137.,-73.025,11.025));
#9481 = VECTOR('',#9482,1.);
#9482 = DIRECTION('',(-0.,1.,0.));
#9483 = PCURVE('',#9173,#9484);
#9484 = DEFINITIONAL_REPRESENTATION('',(#9485),#9489);
#9485 = LINE('',#9486,#9487);
#9486 = CARTESIAN_POINT('',(3.,0.));
#9487 = VECTOR('',#9488,1.);
#9488 = DIRECTION('',(0.,1.));
#9489 = ( GEOMETRIC_REPRESENTATION_CONTEXT(2) 
PARAMETRIC_REPRESENTATION_CONTEXT() REPRESENTATION_CONTEXT('2D SPACE',''
  ) );
#9490 = PCURVE('',#9409,#9491);
#9491 = DEFINITIONAL_REPRESENTATION('',(#9492),#9496);
#9492 = LINE('',#9493,#9494);
#9493 = CARTESIAN_POINT('',(0.,0.));
#9494 = VECTOR('',#9495,1.);
#9495 = DIRECTION('',(0.,-1.));
#9496 = ( GEOMETRIC_REPRESENTATION_CONTEXT(2) 
PARAMETRIC_REPRESENTATION_CONTEXT() REPRESENTATION_CONTEXT('2D SPACE',''
  ) );
#9497 = ORIENTED_EDGE('',*,*,#9498,.F.);
#9498 = EDGE_CURVE('',#9158,#9476,#9499,.T.);
#9499 = SURFACE_CURVE('',#9500,(#9504,#9511),.PCURVE_S1.);
#9500 = LINE('',#9501,#9502);
#9501 = CARTESIAN_POINT('',(-140.,73.025,11.025));
#9502 = VECTOR('',#9503,1.);
#9503 = DIRECTION('',(1.,0.,-0.));
#9504 = PCURVE('',#9173,#9505);
#9505 = DEFINITIONAL_REPRESENTATION('',(#9506),#9510);
#9506 = LINE('',#9507,#9508);
#9507 = CARTESIAN_POINT('',(0.,146.05));
#9508 = VECTOR('',#9509,1.);
#9509 = DIRECTION('',(1.,0.));
#9510 = ( GEOMETRIC_REPRESENTATION_CONTEXT(2) 
PARAMETRIC_REPRESENTATION_CONTEXT() REPRESENTATION_CONTEXT('2D SPACE',''
  ) );
#9511 = PCURVE('',#9201,#9512);
#9512 = DEFINITIONAL_REPRESENTATION('',(#9513),#9517);
#9513 = LINE('',#9514,#9515);
#9514 = CARTESIAN_POINT('',(0.,0.));
#9515 = VECTOR('',#9516,1.);
#9516 = DIRECTION('',(0.,1.));
#9517 = ( GEOMETRIC_REPRESENTATION_CONTEXT(2) 
PARAMETRIC_REPRESENTATION_CONTEXT() REPRESENTATION_CONTEXT('2D SPACE',''
  ) );
#9518 = ADVANCED_FACE('',(#9519),#9201,.T.);
#9519 = FACE_BOUND('',#9520,.T.);
#9520 = EDGE_LOOP('',(#9521,#9522,#9523,#9524));
#9521 = ORIENTED_EDGE('',*,*,#9498,.F.);
#9522 = ORIENTED_EDGE('',*,*,#9185,.T.);
#9523 = ORIENTED_EDGE('',*,*,#9449,.T.);
#9524 = ORIENTED_EDGE('',*,*,#9525,.F.);
#9525 = EDGE_CURVE('',#9476,#9427,#9526,.T.);
#9526 = SURFACE_CURVE('',#9527,(#9531,#9538),.PCURVE_S1.);
#9527 = LINE('',#9528,#9529);
#9528 = CARTESIAN_POINT('',(-137.,73.025,11.025));
#9529 = VECTOR('',#9530,1.);
#9530 = DIRECTION('',(0.,0.,1.));
#9531 = PCURVE('',#9201,#9532);
#9532 = DEFINITIONAL_REPRESENTATION('',(#9533),#9537);
#9533 = LINE('',#9534,#9535);
#9534 = CARTESIAN_POINT('',(0.,3.));
#9535 = VECTOR('',#9536,1.);
#9536 = DIRECTION('',(1.,0.));
#9537 = ( GEOMETRIC_REPRESENTATION_CONTEXT(2) 
PARAMETRIC_REPRESENTATION_CONTEXT() REPRESENTATION_CONTEXT('2D SPACE',''
  ) );
#9538 = PCURVE('',#9409,#9539);
#9539 = DEFINITIONAL_REPRESENTATION('',(#9540),#9544);
#9540 = LINE('',#9541,#9542);
#9541 = CARTESIAN_POINT('',(0.,-146.05));
#9542 = VECTOR('',#9543,1.);
#9543 = DIRECTION('',(1.,0.));
#9544 = ( GEOMETRIC_REPRESENTATION_CONTEXT(2) 
PARAMETRIC_REPRESENTATION_CONTEXT() REPRESENTATION_CONTEXT('2D SPACE',''
  ) );
#9545 = ADVANCED_FACE('',(#9546),#9258,.T.);
#9546 = FACE_BOUND('',#9547,.T.);
#9547 = EDGE_LOOP('',(#9548,#9571,#9572,#9595));
#9548 = ORIENTED_EDGE('',*,*,#9549,.F.);
#9549 = EDGE_CURVE('',#9242,#9550,#9552,.T.);
#9550 = VERTEX_POINT('',#9551);
#9551 = CARTESIAN_POINT('',(-137.,70.525,13.525));
#9552 = SURFACE_CURVE('',#9553,(#9557,#9564),.PCURVE_S1.);
#9553 = LINE('',#9554,#9555);
#9554 = CARTESIAN_POINT('',(-141.,70.525,13.525));
#9555 = VECTOR('',#9556,1.);
#9556 = DIRECTION('',(1.,0.,-0.));
#9557 = PCURVE('',#9258,#9558);
#9558 = DEFINITIONAL_REPRESENTATION('',(#9559),#9563);
#9559 = LINE('',#9560,#9561);
#9560 = CARTESIAN_POINT('',(0.,141.05));
#9561 = VECTOR('',#9562,1.);
#9562 = DIRECTION('',(1.,0.));
#9563 = ( GEOMETRIC_REPRESENTATION_CONTEXT(2) 
PARAMETRIC_REPRESENTATION_CONTEXT() REPRESENTATION_CONTEXT('2D SPACE',''
  ) );
#9564 = PCURVE('',#9334,#9565);
#9565 = DEFINITIONAL_REPRESENTATION('',(#9566),#9570);
#9566 = LINE('',#9567,#9568);
#9567 = CARTESIAN_POINT('',(0.,0.));
#9568 = VECTOR('',#9569,1.);
#9569 = DIRECTION('',(0.,1.));
#9570 = ( GEOMETRIC_REPRESENTATION_CONTEXT(2) 
PARAMETRIC_REPRESENTATION_CONTEXT() REPRESENTATION_CONTEXT('2D SPACE',''
  ) );
#9571 = ORIENTED_EDGE('',*,*,#9241,.T.);
#9572 = ORIENTED_EDGE('',*,*,#9573,.T.);
#9573 = EDGE_CURVE('',#9244,#9574,#9576,.T.);
#9574 = VERTEX_POINT('',#9575);
#9575 = CARTESIAN_POINT('',(-137.,-70.525,13.525));
#9576 = SURFACE_CURVE('',#9577,(#9581,#9588),.PCURVE_S1.);
#9577 = LINE('',#9578,#9579);
#9578 = CARTESIAN_POINT('',(-141.,-70.525,13.525));
#9579 = VECTOR('',#9580,1.);
#9580 = DIRECTION('',(1.,0.,-0.));
#9581 = PCURVE('',#9258,#9582);
#9582 = DEFINITIONAL_REPRESENTATION('',(#9583),#9587);
#9583 = LINE('',#9584,#9585);
#9584 = CARTESIAN_POINT('',(0.,0.));
#9585 = VECTOR('',#9586,1.);
#9586 = DIRECTION('',(1.,0.));
#9587 = ( GEOMETRIC_REPRESENTATION_CONTEXT(2) 
PARAMETRIC_REPRESENTATION_CONTEXT() REPRESENTATION_CONTEXT('2D SPACE',''
  ) );
#9588 = PCURVE('',#9284,#9589);
#9589 = DEFINITIONAL_REPRESENTATION('',(#9590),#9594);
#9590 = LINE('',#9591,#9592);
#9591 = CARTESIAN_POINT('',(0.,0.));
#9592 = VECTOR('',#9593,1.);
#9593 = DIRECTION('',(0.,1.));
#9594 = ( GEOMETRIC_REPRESENTATION_CONTEXT(2) 
PARAMETRIC_REPRESENTATION_CONTEXT() REPRESENTATION_CONTEXT('2D SPACE',''
  ) );
#9595 = ORIENTED_EDGE('',*,*,#9596,.F.);
#9596 = EDGE_CURVE('',#9550,#9574,#9597,.T.);
#9597 = SURFACE_CURVE('',#9598,(#9602,#9608),.PCURVE_S1.);
#9598 = LINE('',#9599,#9600);
#9599 = CARTESIAN_POINT('',(-137.,-71.775,13.525));
#9600 = VECTOR('',#9601,1.);
#9601 = DIRECTION('',(0.,-1.,0.));
#9602 = PCURVE('',#9258,#9603);
#9603 = DEFINITIONAL_REPRESENTATION('',(#9604),#9607);
#9604 = B_SPLINE_CURVE_WITH_KNOTS('',1,(#9605,#9606),.UNSPECIFIED.,.F.,
  .F.,(2,2),(-142.3,-1.25),.PIECEWISE_BEZIER_KNOTS.);
#9605 = CARTESIAN_POINT('',(4.,141.05));
#9606 = CARTESIAN_POINT('',(4.,0.));
#9607 = ( GEOMETRIC_REPRESENTATION_CONTEXT(2) 
PARAMETRIC_REPRESENTATION_CONTEXT() REPRESENTATION_CONTEXT('2D SPACE',''
  ) );
#9608 = PCURVE('',#9409,#9609);
#9609 = DEFINITIONAL_REPRESENTATION('',(#9610),#9613);
#9610 = B_SPLINE_CURVE_WITH_KNOTS('',1,(#9611,#9612),.UNSPECIFIED.,.F.,
  .F.,(2,2),(-142.3,-1.25),.PIECEWISE_BEZIER_KNOTS.);
#9611 = CARTESIAN_POINT('',(2.5,-143.55));
#9612 = CARTESIAN_POINT('',(2.5,-2.5));
#9613 = ( GEOMETRIC_REPRESENTATION_CONTEXT(2) 
PARAMETRIC_REPRESENTATION_CONTEXT() REPRESENTATION_CONTEXT('2D SPACE',''
  ) );
#9614 = ADVANCED_FACE('',(#9615),#9334,.F.);
#9615 = FACE_BOUND('',#9616,.F.);
#9616 = EDGE_LOOP('',(#9617,#9618,#9619,#9642));
#9617 = ORIENTED_EDGE('',*,*,#9549,.F.);
#9618 = ORIENTED_EDGE('',*,*,#9321,.T.);
#9619 = ORIENTED_EDGE('',*,*,#9620,.T.);
#9620 = EDGE_CURVE('',#9296,#9621,#9623,.T.);
#9621 = VERTEX_POINT('',#9622);
#9622 = CARTESIAN_POINT('',(-137.,70.525,52.975));
#9623 = SURFACE_CURVE('',#9624,(#9628,#9635),.PCURVE_S1.);
#9624 = LINE('',#9625,#9626);
#9625 = CARTESIAN_POINT('',(-141.,70.525,52.975));
#9626 = VECTOR('',#9627,1.);
#9627 = DIRECTION('',(1.,0.,-0.));
#9628 = PCURVE('',#9334,#9629);
#9629 = DEFINITIONAL_REPRESENTATION('',(#9630),#9634);
#9630 = LINE('',#9631,#9632);
#9631 = CARTESIAN_POINT('',(39.45,0.));
#9632 = VECTOR('',#9633,1.);
#9633 = DIRECTION('',(0.,1.));
#9634 = ( GEOMETRIC_REPRESENTATION_CONTEXT(2) 
PARAMETRIC_REPRESENTATION_CONTEXT() REPRESENTATION_CONTEXT('2D SPACE',''
  ) );
#9635 = PCURVE('',#9310,#9636);
#9636 = DEFINITIONAL_REPRESENTATION('',(#9637),#9641);
#9637 = LINE('',#9638,#9639);
#9638 = CARTESIAN_POINT('',(0.,141.05));
#9639 = VECTOR('',#9640,1.);
#9640 = DIRECTION('',(1.,0.));
#9641 = ( GEOMETRIC_REPRESENTATION_CONTEXT(2) 
PARAMETRIC_REPRESENTATION_CONTEXT() REPRESENTATION_CONTEXT('2D SPACE',''
  ) );
#9642 = ORIENTED_EDGE('',*,*,#9643,.F.);
#9643 = EDGE_CURVE('',#9550,#9621,#9644,.T.);
#9644 = SURFACE_CURVE('',#9645,(#9649,#9655),.PCURVE_S1.);
#9645 = LINE('',#9646,#9647);
#9646 = CARTESIAN_POINT('',(-137.,70.525,12.275));
#9647 = VECTOR('',#9648,1.);
#9648 = DIRECTION('',(0.,0.,1.));
#9649 = PCURVE('',#9334,#9650);
#9650 = DEFINITIONAL_REPRESENTATION('',(#9651),#9654);
#9651 = B_SPLINE_CURVE_WITH_KNOTS('',1,(#9652,#9653),.UNSPECIFIED.,.F.,
  .F.,(2,2),(1.25,40.7),.PIECEWISE_BEZIER_KNOTS.);
#9652 = CARTESIAN_POINT('',(0.,4.));
#9653 = CARTESIAN_POINT('',(39.45,4.));
#9654 = ( GEOMETRIC_REPRESENTATION_CONTEXT(2) 
PARAMETRIC_REPRESENTATION_CONTEXT() REPRESENTATION_CONTEXT('2D SPACE',''
  ) );
#9655 = PCURVE('',#9409,#9656);
#9656 = DEFINITIONAL_REPRESENTATION('',(#9657),#9660);
#9657 = B_SPLINE_CURVE_WITH_KNOTS('',1,(#9658,#9659),.UNSPECIFIED.,.F.,
  .F.,(2,2),(1.25,40.7),.PIECEWISE_BEZIER_KNOTS.);
#9658 = CARTESIAN_POINT('',(2.5,-143.55));
#9659 = CARTESIAN_POINT('',(41.95,-143.55));
#9660 = ( GEOMETRIC_REPRESENTATION_CONTEXT(2) 
PARAMETRIC_REPRESENTATION_CONTEXT() REPRESENTATION_CONTEXT('2D SPACE',''
  ) );
#9661 = ADVANCED_FACE('',(#9662),#9310,.F.);
#9662 = FACE_BOUND('',#9663,.F.);
#9663 = EDGE_LOOP('',(#9664,#9665,#9666,#9689));
#9664 = ORIENTED_EDGE('',*,*,#9620,.F.);
#9665 = ORIENTED_EDGE('',*,*,#9295,.T.);
#9666 = ORIENTED_EDGE('',*,*,#9667,.T.);
#9667 = EDGE_CURVE('',#9270,#9668,#9670,.T.);
#9668 = VERTEX_POINT('',#9669);
#9669 = CARTESIAN_POINT('',(-137.,-70.525,52.975));
#9670 = SURFACE_CURVE('',#9671,(#9675,#9682),.PCURVE_S1.);
#9671 = LINE('',#9672,#9673);
#9672 = CARTESIAN_POINT('',(-141.,-70.525,52.975));
#9673 = VECTOR('',#9674,1.);
#9674 = DIRECTION('',(1.,0.,-0.));
#9675 = PCURVE('',#9310,#9676);
#9676 = DEFINITIONAL_REPRESENTATION('',(#9677),#9681);
#9677 = LINE('',#9678,#9679);
#9678 = CARTESIAN_POINT('',(0.,0.));
#9679 = VECTOR('',#9680,1.);
#9680 = DIRECTION('',(1.,0.));
#9681 = ( GEOMETRIC_REPRESENTATION_CONTEXT(2) 
PARAMETRIC_REPRESENTATION_CONTEXT() REPRESENTATION_CONTEXT('2D SPACE',''
  ) );
#9682 = PCURVE('',#9284,#9683);
#9683 = DEFINITIONAL_REPRESENTATION('',(#9684),#9688);
#9684 = LINE('',#9685,#9686);
#9685 = CARTESIAN_POINT('',(39.45,0.));
#9686 = VECTOR('',#9687,1.);
#9687 = DIRECTION('',(0.,1.));
#9688 = ( GEOMETRIC_REPRESENTATION_CONTEXT(2) 
PARAMETRIC_REPRESENTATION_CONTEXT() REPRESENTATION_CONTEXT('2D SPACE',''
  ) );
#9689 = ORIENTED_EDGE('',*,*,#9690,.F.);
#9690 = EDGE_CURVE('',#9621,#9668,#9691,.T.);
#9691 = SURFACE_CURVE('',#9692,(#9696,#9702),.PCURVE_S1.);
#9692 = LINE('',#9693,#9694);
#9693 = CARTESIAN_POINT('',(-137.,-71.775,52.975));
#9694 = VECTOR('',#9695,1.);
#9695 = DIRECTION('',(0.,-1.,0.));
#9696 = PCURVE('',#9310,#9697);
#9697 = DEFINITIONAL_REPRESENTATION('',(#9698),#9701);
#9698 = B_SPLINE_CURVE_WITH_KNOTS('',1,(#9699,#9700),.UNSPECIFIED.,.F.,
  .F.,(2,2),(-142.3,-1.25),.PIECEWISE_BEZIER_KNOTS.);
#9699 = CARTESIAN_POINT('',(4.,141.05));
#9700 = CARTESIAN_POINT('',(4.,0.));
#9701 = ( GEOMETRIC_REPRESENTATION_CONTEXT(2) 
PARAMETRIC_REPRESENTATION_CONTEXT() REPRESENTATION_CONTEXT('2D SPACE',''
  ) );
#9702 = PCURVE('',#9409,#9703);
#9703 = DEFINITIONAL_REPRESENTATION('',(#9704),#9707);
#9704 = B_SPLINE_CURVE_WITH_KNOTS('',1,(#9705,#9706),.UNSPECIFIED.,.F.,
  .F.,(2,2),(-142.3,-1.25),.PIECEWISE_BEZIER_KNOTS.);
#9705 = CARTESIAN_POINT('',(41.95,-143.55));
#9706 = CARTESIAN_POINT('',(41.95,-2.5));
#9707 = ( GEOMETRIC_REPRESENTATION_CONTEXT(2) 
PARAMETRIC_REPRESENTATION_CONTEXT() REPRESENTATION_CONTEXT('2D SPACE',''
  ) );
#9708 = ADVANCED_FACE('',(#9709),#9284,.T.);
#9709 = FACE_BOUND('',#9710,.T.);
#9710 = EDGE_LOOP('',(#9711,#9712,#9713,#9714));
#9711 = ORIENTED_EDGE('',*,*,#9573,.F.);
#9712 = ORIENTED_EDGE('',*,*,#9269,.T.);
#9713 = ORIENTED_EDGE('',*,*,#9667,.T.);
#9714 = ORIENTED_EDGE('',*,*,#9715,.F.);
#9715 = EDGE_CURVE('',#9574,#9668,#9716,.T.);
#9716 = SURFACE_CURVE('',#9717,(#9721,#9727),.PCURVE_S1.);
#9717 = LINE('',#9718,#9719);
#9718 = CARTESIAN_POINT('',(-137.,-70.525,12.275));
#9719 = VECTOR('',#9720,1.);
#9720 = DIRECTION('',(0.,0.,1.));
#9721 = PCURVE('',#9284,#9722);
#9722 = DEFINITIONAL_REPRESENTATION('',(#9723),#9726);
#9723 = B_SPLINE_CURVE_WITH_KNOTS('',1,(#9724,#9725),.UNSPECIFIED.,.F.,
  .F.,(2,2),(1.25,40.7),.PIECEWISE_BEZIER_KNOTS.);
#9724 = CARTESIAN_POINT('',(0.,4.));
#9725 = CARTESIAN_POINT('',(39.45,4.));
#9726 = ( GEOMETRIC_REPRESENTATION_CONTEXT(2) 
PARAMETRIC_REPRESENTATION_CONTEXT() REPRESENTATION_CONTEXT('2D SPACE',''
  ) );
#9727 = PCURVE('',#9409,#9728);
#9728 = DEFINITIONAL_REPRESENTATION('',(#9729),#9732);
#9729 = B_SPLINE_CURVE_WITH_KNOTS('',1,(#9730,#9731),.UNSPECIFIED.,.F.,
  .F.,(2,2),(1.25,40.7),.PIECEWISE_BEZIER_KNOTS.);
#9730 = CARTESIAN_POINT('',(2.5,-2.5));
#9731 = CARTESIAN_POINT('',(41.95,-2.5));
#9732 = ( GEOMETRIC_REPRESENTATION_CONTEXT(2) 
PARAMETRIC_REPRESENTATION_CONTEXT() REPRESENTATION_CONTEXT('2D SPACE',''
  ) );
#9733 = ADVANCED_FACE('',(#9734,#9740),#9409,.T.);
#9734 = FACE_BOUND('',#9735,.T.);
#9735 = EDGE_LOOP('',(#9736,#9737,#9738,#9739));
#9736 = ORIENTED_EDGE('',*,*,#9395,.F.);
#9737 = ORIENTED_EDGE('',*,*,#9475,.T.);
#9738 = ORIENTED_EDGE('',*,*,#9525,.T.);
#9739 = ORIENTED_EDGE('',*,*,#9426,.F.);
#9740 = FACE_BOUND('',#9741,.T.);
#9741 = EDGE_LOOP('',(#9742,#9743,#9744,#9745));
#9742 = ORIENTED_EDGE('',*,*,#9596,.T.);
#9743 = ORIENTED_EDGE('',*,*,#9715,.T.);
#9744 = ORIENTED_EDGE('',*,*,#9690,.F.);
#9745 = ORIENTED_EDGE('',*,*,#9643,.F.);
#9746 = MANIFOLD_SOLID_BREP('',#9747);
#9747 = CLOSED_SHELL('',(#9748,#9974,#10050,#10099,#10148,#10175,#10244,
    #10291,#10338,#10363));
#9748 = ADVANCED_FACE('',(#9749,#9868),#9763,.F.);
#9749 = FACE_BOUND('',#9750,.F.);
#9750 = EDGE_LOOP('',(#9751,#9786,#9814,#9842));
#9751 = ORIENTED_EDGE('',*,*,#9752,.F.);
#9752 = EDGE_CURVE('',#9753,#9755,#9757,.T.);
#9753 = VERTEX_POINT('',#9754);
#9754 = CARTESIAN_POINT('',(137.,-73.025,11.025));
#9755 = VERTEX_POINT('',#9756);
#9756 = CARTESIAN_POINT('',(137.,-73.025,55.475));
#9757 = SURFACE_CURVE('',#9758,(#9762,#9774),.PCURVE_S1.);
#9758 = LINE('',#9759,#9760);
#9759 = CARTESIAN_POINT('',(137.,-73.025,11.025));
#9760 = VECTOR('',#9761,1.);
#9761 = DIRECTION('',(0.,0.,1.));
#9762 = PCURVE('',#9763,#9768);
#9763 = PLANE('',#9764);
#9764 = AXIS2_PLACEMENT_3D('',#9765,#9766,#9767);
#9765 = CARTESIAN_POINT('',(137.,-73.025,11.025));
#9766 = DIRECTION('',(1.,0.,-0.));
#9767 = DIRECTION('',(0.,0.,1.));
#9768 = DEFINITIONAL_REPRESENTATION('',(#9769),#9773);
#9769 = LINE('',#9770,#9771);
#9770 = CARTESIAN_POINT('',(0.,0.));
#9771 = VECTOR('',#9772,1.);
#9772 = DIRECTION('',(1.,0.));
#9773 = ( GEOMETRIC_REPRESENTATION_CONTEXT(2) 
PARAMETRIC_REPRESENTATION_CONTEXT() REPRESENTATION_CONTEXT('2D SPACE',''
  ) );
#9774 = PCURVE('',#9775,#9780);
#9775 = PLANE('',#9776);
#9776 = AXIS2_PLACEMENT_3D('',#9777,#9778,#9779);
#9777 = CARTESIAN_POINT('',(137.,-73.025,11.025));
#9778 = DIRECTION('',(-0.,1.,0.));
#9779 = DIRECTION('',(0.,0.,1.));
#9780 = DEFINITIONAL_REPRESENTATION('',(#9781),#9785);
#9781 = LINE('',#9782,#9783);
#9782 = CARTESIAN_POINT('',(0.,0.));
#9783 = VECTOR('',#9784,1.);
#9784 = DIRECTION('',(1.,0.));
#9785 = ( GEOMETRIC_REPRESENTATION_CONTEXT(2) 
PARAMETRIC_REPRESENTATION_CONTEXT() REPRESENTATION_CONTEXT('2D SPACE',''
  ) );
#9786 = ORIENTED_EDGE('',*,*,#9787,.T.);
#9787 = EDGE_CURVE('',#9753,#9788,#9790,.T.);
#9788 = VERTEX_POINT('',#9789);
#9789 = CARTESIAN_POINT('',(137.,73.025,11.025));
#9790 = SURFACE_CURVE('',#9791,(#9795,#9802),.PCURVE_S1.);
#9791 = LINE('',#9792,#9793);
#9792 = CARTESIAN_POINT('',(137.,-73.025,11.025));
#9793 = VECTOR('',#9794,1.);
#9794 = DIRECTION('',(-0.,1.,0.));
#9795 = PCURVE('',#9763,#9796);
#9796 = DEFINITIONAL_REPRESENTATION('',(#9797),#9801);
#9797 = LINE('',#9798,#9799);
#9798 = CARTESIAN_POINT('',(0.,0.));
#9799 = VECTOR('',#9800,1.);
#9800 = DIRECTION('',(0.,-1.));
#9801 = ( GEOMETRIC_REPRESENTATION_CONTEXT(2) 
PARAMETRIC_REPRESENTATION_CONTEXT() REPRESENTATION_CONTEXT('2D SPACE',''
  ) );
#9802 = PCURVE('',#9803,#9808);
#9803 = PLANE('',#9804);
#9804 = AXIS2_PLACEMENT_3D('',#9805,#9806,#9807);
#9805 = CARTESIAN_POINT('',(137.,-73.025,11.025));
#9806 = DIRECTION('',(0.,0.,1.));
#9807 = DIRECTION('',(1.,0.,-0.));
#9808 = DEFINITIONAL_REPRESENTATION('',(#9809),#9813);
#9809 = LINE('',#9810,#9811);
#9810 = CARTESIAN_POINT('',(0.,0.));
#9811 = VECTOR('',#9812,1.);
#9812 = DIRECTION('',(0.,1.));
#9813 = ( GEOMETRIC_REPRESENTATION_CONTEXT(2) 
PARAMETRIC_REPRESENTATION_CONTEXT() REPRESENTATION_CONTEXT('2D SPACE',''
  ) );
#9814 = ORIENTED_EDGE('',*,*,#9815,.T.);
#9815 = EDGE_CURVE('',#9788,#9816,#9818,.T.);
#9816 = VERTEX_POINT('',#9817);
#9817 = CARTESIAN_POINT('',(137.,73.025,55.475));
#9818 = SURFACE_CURVE('',#9819,(#9823,#9830),.PCURVE_S1.);
#9819 = LINE('',#9820,#9821);
#9820 = CARTESIAN_POINT('',(137.,73.025,11.025));
#9821 = VECTOR('',#9822,1.);
#9822 = DIRECTION('',(0.,0.,1.));
#9823 = PCURVE('',#9763,#9824);
#9824 = DEFINITIONAL_REPRESENTATION('',(#9825),#9829);
#9825 = LINE('',#9826,#9827);
#9826 = CARTESIAN_POINT('',(0.,-146.05));
#9827 = VECTOR('',#9828,1.);
#9828 = DIRECTION('',(1.,0.));
#9829 = ( GEOMETRIC_REPRESENTATION_CONTEXT(2) 
PARAMETRIC_REPRESENTATION_CONTEXT() REPRESENTATION_CONTEXT('2D SPACE',''
  ) );
#9830 = PCURVE('',#9831,#9836);
#9831 = PLANE('',#9832);
#9832 = AXIS2_PLACEMENT_3D('',#9833,#9834,#9835);
#9833 = CARTESIAN_POINT('',(137.,73.025,11.025));
#9834 = DIRECTION('',(-0.,1.,0.));
#9835 = DIRECTION('',(0.,0.,1.));
#9836 = DEFINITIONAL_REPRESENTATION('',(#9837),#9841);
#9837 = LINE('',#9838,#9839);
#9838 = CARTESIAN_POINT('',(0.,0.));
#9839 = VECTOR('',#9840,1.);
#9840 = DIRECTION('',(1.,0.));
#9841 = ( GEOMETRIC_REPRESENTATION_CONTEXT(2) 
PARAMETRIC_REPRESENTATION_CONTEXT() REPRESENTATION_CONTEXT('2D SPACE',''
  ) );
#9842 = ORIENTED_EDGE('',*,*,#9843,.F.);
#9843 = EDGE_CURVE('',#9755,#9816,#9844,.T.);
#9844 = SURFACE_CURVE('',#9845,(#9849,#9856),.PCURVE_S1.);
#9845 = LINE('',#9846,#9847);
#9846 = CARTESIAN_POINT('',(137.,-73.025,55.475));
#9847 = VECTOR('',#9848,1.);
#9848 = DIRECTION('',(-0.,1.,0.));
#9849 = PCURVE('',#9763,#9850);
#9850 = DEFINITIONAL_REPRESENTATION('',(#9851),#9855);
#9851 = LINE('',#9852,#9853);
#9852 = CARTESIAN_POINT('',(44.45,0.));
#9853 = VECTOR('',#9854,1.);
#9854 = DIRECTION('',(0.,-1.));
#9855 = ( GEOMETRIC_REPRESENTATION_CONTEXT(2) 
PARAMETRIC_REPRESENTATION_CONTEXT() REPRESENTATION_CONTEXT('2D SPACE',''
  ) );
#9856 = PCURVE('',#9857,#9862);
#9857 = PLANE('',#9858);
#9858 = AXIS2_PLACEMENT_3D('',#9859,#9860,#9861);
#9859 = CARTESIAN_POINT('',(137.,-73.025,55.475));
#9860 = DIRECTION('',(0.,0.,1.));
#9861 = DIRECTION('',(1.,0.,-0.));
#9862 = DEFINITIONAL_REPRESENTATION('',(#9863),#9867);
#9863 = LINE('',#9864,#9865);
#9864 = CARTESIAN_POINT('',(0.,0.));
#9865 = VECTOR('',#9866,1.);
#9866 = DIRECTION('',(0.,1.));
#9867 = ( GEOMETRIC_REPRESENTATION_CONTEXT(2) 
PARAMETRIC_REPRESENTATION_CONTEXT() REPRESENTATION_CONTEXT('2D SPACE',''
  ) );
#9868 = FACE_BOUND('',#9869,.F.);
#9869 = EDGE_LOOP('',(#9870,#9898,#9924,#9950));
#9870 = ORIENTED_EDGE('',*,*,#9871,.T.);
#9871 = EDGE_CURVE('',#9872,#9874,#9876,.T.);
#9872 = VERTEX_POINT('',#9873);
#9873 = CARTESIAN_POINT('',(137.,70.525,13.525));
#9874 = VERTEX_POINT('',#9875);
#9875 = CARTESIAN_POINT('',(137.,-70.525,13.525));
#9876 = SURFACE_CURVE('',#9877,(#9881,#9887),.PCURVE_S1.);
#9877 = LINE('',#9878,#9879);
#9878 = CARTESIAN_POINT('',(137.,-71.775,13.525));
#9879 = VECTOR('',#9880,1.);
#9880 = DIRECTION('',(0.,-1.,0.));
#9881 = PCURVE('',#9763,#9882);
#9882 = DEFINITIONAL_REPRESENTATION('',(#9883),#9886);
#9883 = B_SPLINE_CURVE_WITH_KNOTS('',1,(#9884,#9885),.UNSPECIFIED.,.F.,
  .F.,(2,2),(-142.3,-1.25),.PIECEWISE_BEZIER_KNOTS.);
#9884 = CARTESIAN_POINT('',(2.5,-143.55));
#9885 = CARTESIAN_POINT('',(2.5,-2.5));
#9886 = ( GEOMETRIC_REPRESENTATION_CONTEXT(2) 
PARAMETRIC_REPRESENTATION_CONTEXT() REPRESENTATION_CONTEXT('2D SPACE',''
  ) );
#9887 = PCURVE('',#9888,#9893);
#9888 = PLANE('',#9889);
#9889 = AXIS2_PLACEMENT_3D('',#9890,#9891,#9892);
#9890 = CARTESIAN_POINT('',(136.,-70.525,13.525));
#9891 = DIRECTION('',(0.,0.,1.));
#9892 = DIRECTION('',(1.,0.,-0.));
#9893 = DEFINITIONAL_REPRESENTATION('',(#9894),#9897);
#9894 = B_SPLINE_CURVE_WITH_KNOTS('',1,(#9895,#9896),.UNSPECIFIED.,.F.,
  .F.,(2,2),(-142.3,-1.25),.PIECEWISE_BEZIER_KNOTS.);
#9895 = CARTESIAN_POINT('',(1.,141.05));
#9896 = CARTESIAN_POINT('',(1.,0.));
#9897 = ( GEOMETRIC_REPRESENTATION_CONTEXT(2) 
PARAMETRIC_REPRESENTATION_CONTEXT() REPRESENTATION_CONTEXT('2D SPACE',''
  ) );
#9898 = ORIENTED_EDGE('',*,*,#9899,.T.);
#9899 = EDGE_CURVE('',#9874,#9900,#9902,.T.);
#9900 = VERTEX_POINT('',#9901);
#9901 = CARTESIAN_POINT('',(137.,-70.525,52.975));
#9902 = SURFACE_CURVE('',#9903,(#9907,#9913),.PCURVE_S1.);
#9903 = LINE('',#9904,#9905);
#9904 = CARTESIAN_POINT('',(137.,-70.525,12.275));
#9905 = VECTOR('',#9906,1.);
#9906 = DIRECTION('',(0.,0.,1.));
#9907 = PCURVE('',#9763,#9908);
#9908 = DEFINITIONAL_REPRESENTATION('',(#9909),#9912);
#9909 = B_SPLINE_CURVE_WITH_KNOTS('',1,(#9910,#9911),.UNSPECIFIED.,.F.,
  .F.,(2,2),(1.25,40.7),.PIECEWISE_BEZIER_KNOTS.);
#9910 = CARTESIAN_POINT('',(2.5,-2.5));
#9911 = CARTESIAN_POINT('',(41.95,-2.5));
#9912 = ( GEOMETRIC_REPRESENTATION_CONTEXT(2) 
PARAMETRIC_REPRESENTATION_CONTEXT() REPRESENTATION_CONTEXT('2D SPACE',''
  ) );
#9913 = PCURVE('',#9914,#9919);
#9914 = PLANE('',#9915);
#9915 = AXIS2_PLACEMENT_3D('',#9916,#9917,#9918);
#9916 = CARTESIAN_POINT('',(136.,-70.525,13.525));
#9917 = DIRECTION('',(-0.,1.,0.));
#9918 = DIRECTION('',(0.,0.,1.));
#9919 = DEFINITIONAL_REPRESENTATION('',(#9920),#9923);
#9920 = B_SPLINE_CURVE_WITH_KNOTS('',1,(#9921,#9922),.UNSPECIFIED.,.F.,
  .F.,(2,2),(1.25,40.7),.PIECEWISE_BEZIER_KNOTS.);
#9921 = CARTESIAN_POINT('',(0.,1.));
#9922 = CARTESIAN_POINT('',(39.45,1.));
#9923 = ( GEOMETRIC_REPRESENTATION_CONTEXT(2) 
PARAMETRIC_REPRESENTATION_CONTEXT() REPRESENTATION_CONTEXT('2D SPACE',''
  ) );
#9924 = ORIENTED_EDGE('',*,*,#9925,.F.);
#9925 = EDGE_CURVE('',#9926,#9900,#9928,.T.);
#9926 = VERTEX_POINT('',#9927);
#9927 = CARTESIAN_POINT('',(137.,70.525,52.975));
#9928 = SURFACE_CURVE('',#9929,(#9933,#9939),.PCURVE_S1.);
#9929 = LINE('',#9930,#9931);
#9930 = CARTESIAN_POINT('',(137.,-71.775,52.975));
#9931 = VECTOR('',#9932,1.);
#9932 = DIRECTION('',(0.,-1.,0.));
#9933 = PCURVE('',#9763,#9934);
#9934 = DEFINITIONAL_REPRESENTATION('',(#9935),#9938);
#9935 = B_SPLINE_CURVE_WITH_KNOTS('',1,(#9936,#9937),.UNSPECIFIED.,.F.,
  .F.,(2,2),(-142.3,-1.25),.PIECEWISE_BEZIER_KNOTS.);
#9936 = CARTESIAN_POINT('',(41.95,-143.55));
#9937 = CARTESIAN_POINT('',(41.95,-2.5));
#9938 = ( GEOMETRIC_REPRESENTATION_CONTEXT(2) 
PARAMETRIC_REPRESENTATION_CONTEXT() REPRESENTATION_CONTEXT('2D SPACE',''
  ) );
#9939 = PCURVE('',#9940,#9945);
#9940 = PLANE('',#9941);
#9941 = AXIS2_PLACEMENT_3D('',#9942,#9943,#9944);
#9942 = CARTESIAN_POINT('',(136.,-70.525,52.975));
#9943 = DIRECTION('',(0.,0.,1.));
#9944 = DIRECTION('',(1.,0.,-0.));
#9945 = DEFINITIONAL_REPRESENTATION('',(#9946),#9949);
#9946 = B_SPLINE_CURVE_WITH_KNOTS('',1,(#9947,#9948),.UNSPECIFIED.,.F.,
  .F.,(2,2),(-142.3,-1.25),.PIECEWISE_BEZIER_KNOTS.);
#9947 = CARTESIAN_POINT('',(1.,141.05));
#9948 = CARTESIAN_POINT('',(1.,0.));
#9949 = ( GEOMETRIC_REPRESENTATION_CONTEXT(2) 
PARAMETRIC_REPRESENTATION_CONTEXT() REPRESENTATION_CONTEXT('2D SPACE',''
  ) );
#9950 = ORIENTED_EDGE('',*,*,#9951,.F.);
#9951 = EDGE_CURVE('',#9872,#9926,#9952,.T.);
#9952 = SURFACE_CURVE('',#9953,(#9957,#9963),.PCURVE_S1.);
#9953 = LINE('',#9954,#9955);
#9954 = CARTESIAN_POINT('',(137.,70.525,12.275));
#9955 = VECTOR('',#9956,1.);
#9956 = DIRECTION('',(0.,0.,1.));
#9957 = PCURVE('',#9763,#9958);
#9958 = DEFINITIONAL_REPRESENTATION('',(#9959),#9962);
#9959 = B_SPLINE_CURVE_WITH_KNOTS('',1,(#9960,#9961),.UNSPECIFIED.,.F.,
  .F.,(2,2),(1.25,40.7),.PIECEWISE_BEZIER_KNOTS.);
#9960 = CARTESIAN_POINT('',(2.5,-143.55));
#9961 = CARTESIAN_POINT('',(41.95,-143.55));
#9962 = ( GEOMETRIC_REPRESENTATION_CONTEXT(2) 
PARAMETRIC_REPRESENTATION_CONTEXT() REPRESENTATION_CONTEXT('2D SPACE',''
  ) );
#9963 = PCURVE('',#9964,#9969);
#9964 = PLANE('',#9965);
#9965 = AXIS2_PLACEMENT_3D('',#9966,#9967,#9968);
#9966 = CARTESIAN_POINT('',(136.,70.525,13.525));
#9967 = DIRECTION('',(-0.,1.,0.));
#9968 = DIRECTION('',(0.,0.,1.));
#9969 = DEFINITIONAL_REPRESENTATION('',(#9970),#9973);
#9970 = B_SPLINE_CURVE_WITH_KNOTS('',1,(#9971,#9972),.UNSPECIFIED.,.F.,
  .F.,(2,2),(1.25,40.7),.PIECEWISE_BEZIER_KNOTS.);
#9971 = CARTESIAN_POINT('',(0.,1.));
#9972 = CARTESIAN_POINT('',(39.45,1.));
#9973 = ( GEOMETRIC_REPRESENTATION_CONTEXT(2) 
PARAMETRIC_REPRESENTATION_CONTEXT() REPRESENTATION_CONTEXT('2D SPACE',''
  ) );
#9974 = ADVANCED_FACE('',(#9975),#9775,.F.);
#9975 = FACE_BOUND('',#9976,.F.);
#9976 = EDGE_LOOP('',(#9977,#10000,#10001,#10024));
#9977 = ORIENTED_EDGE('',*,*,#9978,.F.);
#9978 = EDGE_CURVE('',#9753,#9979,#9981,.T.);
#9979 = VERTEX_POINT('',#9980);
#9980 = CARTESIAN_POINT('',(140.,-73.025,11.025));
#9981 = SURFACE_CURVE('',#9982,(#9986,#9993),.PCURVE_S1.);
#9982 = LINE('',#9983,#9984);
#9983 = CARTESIAN_POINT('',(137.,-73.025,11.025));
#9984 = VECTOR('',#9985,1.);
#9985 = DIRECTION('',(1.,0.,-0.));
#9986 = PCURVE('',#9775,#9987);
#9987 = DEFINITIONAL_REPRESENTATION('',(#9988),#9992);
#9988 = LINE('',#9989,#9990);
#9989 = CARTESIAN_POINT('',(0.,0.));
#9990 = VECTOR('',#9991,1.);
#9991 = DIRECTION('',(0.,1.));
#9992 = ( GEOMETRIC_REPRESENTATION_CONTEXT(2) 
PARAMETRIC_REPRESENTATION_CONTEXT() REPRESENTATION_CONTEXT('2D SPACE',''
  ) );
#9993 = PCURVE('',#9803,#9994);
#9994 = DEFINITIONAL_REPRESENTATION('',(#9995),#9999);
#9995 = LINE('',#9996,#9997);
#9996 = CARTESIAN_POINT('',(0.,0.));
#9997 = VECTOR('',#9998,1.);
#9998 = DIRECTION('',(1.,0.));
#9999 = ( GEOMETRIC_REPRESENTATION_CONTEXT(2) 
PARAMETRIC_REPRESENTATION_CONTEXT() REPRESENTATION_CONTEXT('2D SPACE',''
  ) );
#10000 = ORIENTED_EDGE('',*,*,#9752,.T.);
#10001 = ORIENTED_EDGE('',*,*,#10002,.T.);
#10002 = EDGE_CURVE('',#9755,#10003,#10005,.T.);
#10003 = VERTEX_POINT('',#10004);
#10004 = CARTESIAN_POINT('',(140.,-73.025,55.475));
#10005 = SURFACE_CURVE('',#10006,(#10010,#10017),.PCURVE_S1.);
#10006 = LINE('',#10007,#10008);
#10007 = CARTESIAN_POINT('',(137.,-73.025,55.475));
#10008 = VECTOR('',#10009,1.);
#10009 = DIRECTION('',(1.,0.,-0.));
#10010 = PCURVE('',#9775,#10011);
#10011 = DEFINITIONAL_REPRESENTATION('',(#10012),#10016);
#10012 = LINE('',#10013,#10014);
#10013 = CARTESIAN_POINT('',(44.45,0.));
#10014 = VECTOR('',#10015,1.);
#10015 = DIRECTION('',(0.,1.));
#10016 = ( GEOMETRIC_REPRESENTATION_CONTEXT(2) 
PARAMETRIC_REPRESENTATION_CONTEXT() REPRESENTATION_CONTEXT('2D SPACE',''
  ) );
#10017 = PCURVE('',#9857,#10018);
#10018 = DEFINITIONAL_REPRESENTATION('',(#10019),#10023);
#10019 = LINE('',#10020,#10021);
#10020 = CARTESIAN_POINT('',(0.,0.));
#10021 = VECTOR('',#10022,1.);
#10022 = DIRECTION('',(1.,0.));
#10023 = ( GEOMETRIC_REPRESENTATION_CONTEXT(2) 
PARAMETRIC_REPRESENTATION_CONTEXT() REPRESENTATION_CONTEXT('2D SPACE',''
  ) );
#10024 = ORIENTED_EDGE('',*,*,#10025,.F.);
#10025 = EDGE_CURVE('',#9979,#10003,#10026,.T.);
#10026 = SURFACE_CURVE('',#10027,(#10031,#10038),.PCURVE_S1.);
#10027 = LINE('',#10028,#10029);
#10028 = CARTESIAN_POINT('',(140.,-73.025,11.025));
#10029 = VECTOR('',#10030,1.);
#10030 = DIRECTION('',(0.,0.,1.));
#10031 = PCURVE('',#9775,#10032);
#10032 = DEFINITIONAL_REPRESENTATION('',(#10033),#10037);
#10033 = LINE('',#10034,#10035);
#10034 = CARTESIAN_POINT('',(0.,3.));
#10035 = VECTOR('',#10036,1.);
#10036 = DIRECTION('',(1.,0.));
#10037 = ( GEOMETRIC_REPRESENTATION_CONTEXT(2) 
PARAMETRIC_REPRESENTATION_CONTEXT() REPRESENTATION_CONTEXT('2D SPACE',''
  ) );
#10038 = PCURVE('',#10039,#10044);
#10039 = PLANE('',#10040);
#10040 = AXIS2_PLACEMENT_3D('',#10041,#10042,#10043);
#10041 = CARTESIAN_POINT('',(140.,-73.025,11.025));
#10042 = DIRECTION('',(1.,0.,-0.));
#10043 = DIRECTION('',(0.,0.,1.));
#10044 = DEFINITIONAL_REPRESENTATION('',(#10045),#10049);
#10045 = LINE('',#10046,#10047);
#10046 = CARTESIAN_POINT('',(0.,0.));
#10047 = VECTOR('',#10048,1.);
#10048 = DIRECTION('',(1.,0.));
#10049 = ( GEOMETRIC_REPRESENTATION_CONTEXT(2) 
PARAMETRIC_REPRESENTATION_CONTEXT() REPRESENTATION_CONTEXT('2D SPACE',''
  ) );
#10050 = ADVANCED_FACE('',(#10051),#9857,.T.);
#10051 = FACE_BOUND('',#10052,.T.);
#10052 = EDGE_LOOP('',(#10053,#10054,#10055,#10078));
#10053 = ORIENTED_EDGE('',*,*,#9843,.F.);
#10054 = ORIENTED_EDGE('',*,*,#10002,.T.);
#10055 = ORIENTED_EDGE('',*,*,#10056,.T.);
#10056 = EDGE_CURVE('',#10003,#10057,#10059,.T.);
#10057 = VERTEX_POINT('',#10058);
#10058 = CARTESIAN_POINT('',(140.,73.025,55.475));
#10059 = SURFACE_CURVE('',#10060,(#10064,#10071),.PCURVE_S1.);
#10060 = LINE('',#10061,#10062);
#10061 = CARTESIAN_POINT('',(140.,-73.025,55.475));
#10062 = VECTOR('',#10063,1.);
#10063 = DIRECTION('',(-0.,1.,0.));
#10064 = PCURVE('',#9857,#10065);
#10065 = DEFINITIONAL_REPRESENTATION('',(#10066),#10070);
#10066 = LINE('',#10067,#10068);
#10067 = CARTESIAN_POINT('',(3.,0.));
#10068 = VECTOR('',#10069,1.);
#10069 = DIRECTION('',(0.,1.));
#10070 = ( GEOMETRIC_REPRESENTATION_CONTEXT(2) 
PARAMETRIC_REPRESENTATION_CONTEXT() REPRESENTATION_CONTEXT('2D SPACE',''
  ) );
#10071 = PCURVE('',#10039,#10072);
#10072 = DEFINITIONAL_REPRESENTATION('',(#10073),#10077);
#10073 = LINE('',#10074,#10075);
#10074 = CARTESIAN_POINT('',(44.45,0.));
#10075 = VECTOR('',#10076,1.);
#10076 = DIRECTION('',(0.,-1.));
#10077 = ( GEOMETRIC_REPRESENTATION_CONTEXT(2) 
PARAMETRIC_REPRESENTATION_CONTEXT() REPRESENTATION_CONTEXT('2D SPACE',''
  ) );
#10078 = ORIENTED_EDGE('',*,*,#10079,.F.);
#10079 = EDGE_CURVE('',#9816,#10057,#10080,.T.);
#10080 = SURFACE_CURVE('',#10081,(#10085,#10092),.PCURVE_S1.);
#10081 = LINE('',#10082,#10083);
#10082 = CARTESIAN_POINT('',(137.,73.025,55.475));
#10083 = VECTOR('',#10084,1.);
#10084 = DIRECTION('',(1.,0.,-0.));
#10085 = PCURVE('',#9857,#10086);
#10086 = DEFINITIONAL_REPRESENTATION('',(#10087),#10091);
#10087 = LINE('',#10088,#10089);
#10088 = CARTESIAN_POINT('',(0.,146.05));
#10089 = VECTOR('',#10090,1.);
#10090 = DIRECTION('',(1.,0.));
#10091 = ( GEOMETRIC_REPRESENTATION_CONTEXT(2) 
PARAMETRIC_REPRESENTATION_CONTEXT() REPRESENTATION_CONTEXT('2D SPACE',''
  ) );
#10092 = PCURVE('',#9831,#10093);
#10093 = DEFINITIONAL_REPRESENTATION('',(#10094),#10098);
#10094 = LINE('',#10095,#10096);
#10095 = CARTESIAN_POINT('',(44.45,0.));
#10096 = VECTOR('',#10097,1.);
#10097 = DIRECTION('',(0.,1.));
#10098 = ( GEOMETRIC_REPRESENTATION_CONTEXT(2) 
PARAMETRIC_REPRESENTATION_CONTEXT() REPRESENTATION_CONTEXT('2D SPACE',''
  ) );
#10099 = ADVANCED_FACE('',(#10100),#9803,.F.);
#10100 = FACE_BOUND('',#10101,.F.);
#10101 = EDGE_LOOP('',(#10102,#10103,#10104,#10127));
#10102 = ORIENTED_EDGE('',*,*,#9787,.F.);
#10103 = ORIENTED_EDGE('',*,*,#9978,.T.);
#10104 = ORIENTED_EDGE('',*,*,#10105,.T.);
#10105 = EDGE_CURVE('',#9979,#10106,#10108,.T.);
#10106 = VERTEX_POINT('',#10107);
#10107 = CARTESIAN_POINT('',(140.,73.025,11.025));
#10108 = SURFACE_CURVE('',#10109,(#10113,#10120),.PCURVE_S1.);
#10109 = LINE('',#10110,#10111);
#10110 = CARTESIAN_POINT('',(140.,-73.025,11.025));
#10111 = VECTOR('',#10112,1.);
#10112 = DIRECTION('',(-0.,1.,0.));
#10113 = PCURVE('',#9803,#10114);
#10114 = DEFINITIONAL_REPRESENTATION('',(#10115),#10119);
#10115 = LINE('',#10116,#10117);
#10116 = CARTESIAN_POINT('',(3.,0.));
#10117 = VECTOR('',#10118,1.);
#10118 = DIRECTION('',(0.,1.));
#10119 = ( GEOMETRIC_REPRESENTATION_CONTEXT(2) 
PARAMETRIC_REPRESENTATION_CONTEXT() REPRESENTATION_CONTEXT('2D SPACE',''
  ) );
#10120 = PCURVE('',#10039,#10121);
#10121 = DEFINITIONAL_REPRESENTATION('',(#10122),#10126);
#10122 = LINE('',#10123,#10124);
#10123 = CARTESIAN_POINT('',(0.,0.));
#10124 = VECTOR('',#10125,1.);
#10125 = DIRECTION('',(0.,-1.));
#10126 = ( GEOMETRIC_REPRESENTATION_CONTEXT(2) 
PARAMETRIC_REPRESENTATION_CONTEXT() REPRESENTATION_CONTEXT('2D SPACE',''
  ) );
#10127 = ORIENTED_EDGE('',*,*,#10128,.F.);
#10128 = EDGE_CURVE('',#9788,#10106,#10129,.T.);
#10129 = SURFACE_CURVE('',#10130,(#10134,#10141),.PCURVE_S1.);
#10130 = LINE('',#10131,#10132);
#10131 = CARTESIAN_POINT('',(137.,73.025,11.025));
#10132 = VECTOR('',#10133,1.);
#10133 = DIRECTION('',(1.,0.,-0.));
#10134 = PCURVE('',#9803,#10135);
#10135 = DEFINITIONAL_REPRESENTATION('',(#10136),#10140);
#10136 = LINE('',#10137,#10138);
#10137 = CARTESIAN_POINT('',(0.,146.05));
#10138 = VECTOR('',#10139,1.);
#10139 = DIRECTION('',(1.,0.));
#10140 = ( GEOMETRIC_REPRESENTATION_CONTEXT(2) 
PARAMETRIC_REPRESENTATION_CONTEXT() REPRESENTATION_CONTEXT('2D SPACE',''
  ) );
#10141 = PCURVE('',#9831,#10142);
#10142 = DEFINITIONAL_REPRESENTATION('',(#10143),#10147);
#10143 = LINE('',#10144,#10145);
#10144 = CARTESIAN_POINT('',(0.,0.));
#10145 = VECTOR('',#10146,1.);
#10146 = DIRECTION('',(0.,1.));
#10147 = ( GEOMETRIC_REPRESENTATION_CONTEXT(2) 
PARAMETRIC_REPRESENTATION_CONTEXT() REPRESENTATION_CONTEXT('2D SPACE',''
  ) );
#10148 = ADVANCED_FACE('',(#10149),#9831,.T.);
#10149 = FACE_BOUND('',#10150,.T.);
#10150 = EDGE_LOOP('',(#10151,#10152,#10153,#10154));
#10151 = ORIENTED_EDGE('',*,*,#10128,.F.);
#10152 = ORIENTED_EDGE('',*,*,#9815,.T.);
#10153 = ORIENTED_EDGE('',*,*,#10079,.T.);
#10154 = ORIENTED_EDGE('',*,*,#10155,.F.);
#10155 = EDGE_CURVE('',#10106,#10057,#10156,.T.);
#10156 = SURFACE_CURVE('',#10157,(#10161,#10168),.PCURVE_S1.);
#10157 = LINE('',#10158,#10159);
#10158 = CARTESIAN_POINT('',(140.,73.025,11.025));
#10159 = VECTOR('',#10160,1.);
#10160 = DIRECTION('',(0.,0.,1.));
#10161 = PCURVE('',#9831,#10162);
#10162 = DEFINITIONAL_REPRESENTATION('',(#10163),#10167);
#10163 = LINE('',#10164,#10165);
#10164 = CARTESIAN_POINT('',(0.,3.));
#10165 = VECTOR('',#10166,1.);
#10166 = DIRECTION('',(1.,0.));
#10167 = ( GEOMETRIC_REPRESENTATION_CONTEXT(2) 
PARAMETRIC_REPRESENTATION_CONTEXT() REPRESENTATION_CONTEXT('2D SPACE',''
  ) );
#10168 = PCURVE('',#10039,#10169);
#10169 = DEFINITIONAL_REPRESENTATION('',(#10170),#10174);
#10170 = LINE('',#10171,#10172);
#10171 = CARTESIAN_POINT('',(0.,-146.05));
#10172 = VECTOR('',#10173,1.);
#10173 = DIRECTION('',(1.,0.));
#10174 = ( GEOMETRIC_REPRESENTATION_CONTEXT(2) 
PARAMETRIC_REPRESENTATION_CONTEXT() REPRESENTATION_CONTEXT('2D SPACE',''
  ) );
#10175 = ADVANCED_FACE('',(#10176),#9888,.T.);
#10176 = FACE_BOUND('',#10177,.T.);
#10177 = EDGE_LOOP('',(#10178,#10201,#10202,#10225));
#10178 = ORIENTED_EDGE('',*,*,#10179,.F.);
#10179 = EDGE_CURVE('',#9872,#10180,#10182,.T.);
#10180 = VERTEX_POINT('',#10181);
#10181 = CARTESIAN_POINT('',(140.,70.525,13.525));
#10182 = SURFACE_CURVE('',#10183,(#10187,#10194),.PCURVE_S1.);
#10183 = LINE('',#10184,#10185);
#10184 = CARTESIAN_POINT('',(136.,70.525,13.525));
#10185 = VECTOR('',#10186,1.);
#10186 = DIRECTION('',(1.,0.,-0.));
#10187 = PCURVE('',#9888,#10188);
#10188 = DEFINITIONAL_REPRESENTATION('',(#10189),#10193);
#10189 = LINE('',#10190,#10191);
#10190 = CARTESIAN_POINT('',(0.,141.05));
#10191 = VECTOR('',#10192,1.);
#10192 = DIRECTION('',(1.,0.));
#10193 = ( GEOMETRIC_REPRESENTATION_CONTEXT(2) 
PARAMETRIC_REPRESENTATION_CONTEXT() REPRESENTATION_CONTEXT('2D SPACE',''
  ) );
#10194 = PCURVE('',#9964,#10195);
#10195 = DEFINITIONAL_REPRESENTATION('',(#10196),#10200);
#10196 = LINE('',#10197,#10198);
#10197 = CARTESIAN_POINT('',(0.,0.));
#10198 = VECTOR('',#10199,1.);
#10199 = DIRECTION('',(0.,1.));
#10200 = ( GEOMETRIC_REPRESENTATION_CONTEXT(2) 
PARAMETRIC_REPRESENTATION_CONTEXT() REPRESENTATION_CONTEXT('2D SPACE',''
  ) );
#10201 = ORIENTED_EDGE('',*,*,#9871,.T.);
#10202 = ORIENTED_EDGE('',*,*,#10203,.T.);
#10203 = EDGE_CURVE('',#9874,#10204,#10206,.T.);
#10204 = VERTEX_POINT('',#10205);
#10205 = CARTESIAN_POINT('',(140.,-70.525,13.525));
#10206 = SURFACE_CURVE('',#10207,(#10211,#10218),.PCURVE_S1.);
#10207 = LINE('',#10208,#10209);
#10208 = CARTESIAN_POINT('',(136.,-70.525,13.525));
#10209 = VECTOR('',#10210,1.);
#10210 = DIRECTION('',(1.,0.,-0.));
#10211 = PCURVE('',#9888,#10212);
#10212 = DEFINITIONAL_REPRESENTATION('',(#10213),#10217);
#10213 = LINE('',#10214,#10215);
#10214 = CARTESIAN_POINT('',(0.,0.));
#10215 = VECTOR('',#10216,1.);
#10216 = DIRECTION('',(1.,0.));
#10217 = ( GEOMETRIC_REPRESENTATION_CONTEXT(2) 
PARAMETRIC_REPRESENTATION_CONTEXT() REPRESENTATION_CONTEXT('2D SPACE',''
  ) );
#10218 = PCURVE('',#9914,#10219);
#10219 = DEFINITIONAL_REPRESENTATION('',(#10220),#10224);
#10220 = LINE('',#10221,#10222);
#10221 = CARTESIAN_POINT('',(0.,0.));
#10222 = VECTOR('',#10223,1.);
#10223 = DIRECTION('',(0.,1.));
#10224 = ( GEOMETRIC_REPRESENTATION_CONTEXT(2) 
PARAMETRIC_REPRESENTATION_CONTEXT() REPRESENTATION_CONTEXT('2D SPACE',''
  ) );
#10225 = ORIENTED_EDGE('',*,*,#10226,.F.);
#10226 = EDGE_CURVE('',#10180,#10204,#10227,.T.);
#10227 = SURFACE_CURVE('',#10228,(#10232,#10238),.PCURVE_S1.);
#10228 = LINE('',#10229,#10230);
#10229 = CARTESIAN_POINT('',(140.,-71.775,13.525));
#10230 = VECTOR('',#10231,1.);
#10231 = DIRECTION('',(0.,-1.,0.));
#10232 = PCURVE('',#9888,#10233);
#10233 = DEFINITIONAL_REPRESENTATION('',(#10234),#10237);
#10234 = B_SPLINE_CURVE_WITH_KNOTS('',1,(#10235,#10236),.UNSPECIFIED.,
  .F.,.F.,(2,2),(-142.3,-1.25),.PIECEWISE_BEZIER_KNOTS.);
#10235 = CARTESIAN_POINT('',(4.,141.05));
#10236 = CARTESIAN_POINT('',(4.,0.));
#10237 = ( GEOMETRIC_REPRESENTATION_CONTEXT(2) 
PARAMETRIC_REPRESENTATION_CONTEXT() REPRESENTATION_CONTEXT('2D SPACE',''
  ) );
#10238 = PCURVE('',#10039,#10239);
#10239 = DEFINITIONAL_REPRESENTATION('',(#10240),#10243);
#10240 = B_SPLINE_CURVE_WITH_KNOTS('',1,(#10241,#10242),.UNSPECIFIED.,
  .F.,.F.,(2,2),(-142.3,-1.25),.PIECEWISE_BEZIER_KNOTS.);
#10241 = CARTESIAN_POINT('',(2.5,-143.55));
#10242 = CARTESIAN_POINT('',(2.5,-2.5));
#10243 = ( GEOMETRIC_REPRESENTATION_CONTEXT(2) 
PARAMETRIC_REPRESENTATION_CONTEXT() REPRESENTATION_CONTEXT('2D SPACE',''
  ) );
#10244 = ADVANCED_FACE('',(#10245),#9964,.F.);
#10245 = FACE_BOUND('',#10246,.F.);
#10246 = EDGE_LOOP('',(#10247,#10248,#10249,#10272));
#10247 = ORIENTED_EDGE('',*,*,#10179,.F.);
#10248 = ORIENTED_EDGE('',*,*,#9951,.T.);
#10249 = ORIENTED_EDGE('',*,*,#10250,.T.);
#10250 = EDGE_CURVE('',#9926,#10251,#10253,.T.);
#10251 = VERTEX_POINT('',#10252);
#10252 = CARTESIAN_POINT('',(140.,70.525,52.975));
#10253 = SURFACE_CURVE('',#10254,(#10258,#10265),.PCURVE_S1.);
#10254 = LINE('',#10255,#10256);
#10255 = CARTESIAN_POINT('',(136.,70.525,52.975));
#10256 = VECTOR('',#10257,1.);
#10257 = DIRECTION('',(1.,0.,-0.));
#10258 = PCURVE('',#9964,#10259);
#10259 = DEFINITIONAL_REPRESENTATION('',(#10260),#10264);
#10260 = LINE('',#10261,#10262);
#10261 = CARTESIAN_POINT('',(39.45,0.));
#10262 = VECTOR('',#10263,1.);
#10263 = DIRECTION('',(0.,1.));
#10264 = ( GEOMETRIC_REPRESENTATION_CONTEXT(2) 
PARAMETRIC_REPRESENTATION_CONTEXT() REPRESENTATION_CONTEXT('2D SPACE',''
  ) );
#10265 = PCURVE('',#9940,#10266);
#10266 = DEFINITIONAL_REPRESENTATION('',(#10267),#10271);
#10267 = LINE('',#10268,#10269);
#10268 = CARTESIAN_POINT('',(0.,141.05));
#10269 = VECTOR('',#10270,1.);
#10270 = DIRECTION('',(1.,0.));
#10271 = ( GEOMETRIC_REPRESENTATION_CONTEXT(2) 
PARAMETRIC_REPRESENTATION_CONTEXT() REPRESENTATION_CONTEXT('2D SPACE',''
  ) );
#10272 = ORIENTED_EDGE('',*,*,#10273,.F.);
#10273 = EDGE_CURVE('',#10180,#10251,#10274,.T.);
#10274 = SURFACE_CURVE('',#10275,(#10279,#10285),.PCURVE_S1.);
#10275 = LINE('',#10276,#10277);
#10276 = CARTESIAN_POINT('',(140.,70.525,12.275));
#10277 = VECTOR('',#10278,1.);
#10278 = DIRECTION('',(0.,0.,1.));
#10279 = PCURVE('',#9964,#10280);
#10280 = DEFINITIONAL_REPRESENTATION('',(#10281),#10284);
#10281 = B_SPLINE_CURVE_WITH_KNOTS('',1,(#10282,#10283),.UNSPECIFIED.,
  .F.,.F.,(2,2),(1.25,40.7),.PIECEWISE_BEZIER_KNOTS.);
#10282 = CARTESIAN_POINT('',(0.,4.));
#10283 = CARTESIAN_POINT('',(39.45,4.));
#10284 = ( GEOMETRIC_REPRESENTATION_CONTEXT(2) 
PARAMETRIC_REPRESENTATION_CONTEXT() REPRESENTATION_CONTEXT('2D SPACE',''
  ) );
#10285 = PCURVE('',#10039,#10286);
#10286 = DEFINITIONAL_REPRESENTATION('',(#10287),#10290);
#10287 = B_SPLINE_CURVE_WITH_KNOTS('',1,(#10288,#10289),.UNSPECIFIED.,
  .F.,.F.,(2,2),(1.25,40.7),.PIECEWISE_BEZIER_KNOTS.);
#10288 = CARTESIAN_POINT('',(2.5,-143.55));
#10289 = CARTESIAN_POINT('',(41.95,-143.55));
#10290 = ( GEOMETRIC_REPRESENTATION_CONTEXT(2) 
PARAMETRIC_REPRESENTATION_CONTEXT() REPRESENTATION_CONTEXT('2D SPACE',''
  ) );
#10291 = ADVANCED_FACE('',(#10292),#9940,.F.);
#10292 = FACE_BOUND('',#10293,.F.);
#10293 = EDGE_LOOP('',(#10294,#10295,#10296,#10319));
#10294 = ORIENTED_EDGE('',*,*,#10250,.F.);
#10295 = ORIENTED_EDGE('',*,*,#9925,.T.);
#10296 = ORIENTED_EDGE('',*,*,#10297,.T.);
#10297 = EDGE_CURVE('',#9900,#10298,#10300,.T.);
#10298 = VERTEX_POINT('',#10299);
#10299 = CARTESIAN_POINT('',(140.,-70.525,52.975));
#10300 = SURFACE_CURVE('',#10301,(#10305,#10312),.PCURVE_S1.);
#10301 = LINE('',#10302,#10303);
#10302 = CARTESIAN_POINT('',(136.,-70.525,52.975));
#10303 = VECTOR('',#10304,1.);
#10304 = DIRECTION('',(1.,0.,-0.));
#10305 = PCURVE('',#9940,#10306);
#10306 = DEFINITIONAL_REPRESENTATION('',(#10307),#10311);
#10307 = LINE('',#10308,#10309);
#10308 = CARTESIAN_POINT('',(0.,0.));
#10309 = VECTOR('',#10310,1.);
#10310 = DIRECTION('',(1.,0.));
#10311 = ( GEOMETRIC_REPRESENTATION_CONTEXT(2) 
PARAMETRIC_REPRESENTATION_CONTEXT() REPRESENTATION_CONTEXT('2D SPACE',''
  ) );
#10312 = PCURVE('',#9914,#10313);
#10313 = DEFINITIONAL_REPRESENTATION('',(#10314),#10318);
#10314 = LINE('',#10315,#10316);
#10315 = CARTESIAN_POINT('',(39.45,0.));
#10316 = VECTOR('',#10317,1.);
#10317 = DIRECTION('',(0.,1.));
#10318 = ( GEOMETRIC_REPRESENTATION_CONTEXT(2) 
PARAMETRIC_REPRESENTATION_CONTEXT() REPRESENTATION_CONTEXT('2D SPACE',''
  ) );
#10319 = ORIENTED_EDGE('',*,*,#10320,.F.);
#10320 = EDGE_CURVE('',#10251,#10298,#10321,.T.);
#10321 = SURFACE_CURVE('',#10322,(#10326,#10332),.PCURVE_S1.);
#10322 = LINE('',#10323,#10324);
#10323 = CARTESIAN_POINT('',(140.,-71.775,52.975));
#10324 = VECTOR('',#10325,1.);
#10325 = DIRECTION('',(0.,-1.,0.));
#10326 = PCURVE('',#9940,#10327);
#10327 = DEFINITIONAL_REPRESENTATION('',(#10328),#10331);
#10328 = B_SPLINE_CURVE_WITH_KNOTS('',1,(#10329,#10330),.UNSPECIFIED.,
  .F.,.F.,(2,2),(-142.3,-1.25),.PIECEWISE_BEZIER_KNOTS.);
#10329 = CARTESIAN_POINT('',(4.,141.05));
#10330 = CARTESIAN_POINT('',(4.,0.));
#10331 = ( GEOMETRIC_REPRESENTATION_CONTEXT(2) 
PARAMETRIC_REPRESENTATION_CONTEXT() REPRESENTATION_CONTEXT('2D SPACE',''
  ) );
#10332 = PCURVE('',#10039,#10333);
#10333 = DEFINITIONAL_REPRESENTATION('',(#10334),#10337);
#10334 = B_SPLINE_CURVE_WITH_KNOTS('',1,(#10335,#10336),.UNSPECIFIED.,
  .F.,.F.,(2,2),(-142.3,-1.25),.PIECEWISE_BEZIER_KNOTS.);
#10335 = CARTESIAN_POINT('',(41.95,-143.55));
#10336 = CARTESIAN_POINT('',(41.95,-2.5));
#10337 = ( GEOMETRIC_REPRESENTATION_CONTEXT(2) 
PARAMETRIC_REPRESENTATION_CONTEXT() REPRESENTATION_CONTEXT('2D SPACE',''
  ) );
#10338 = ADVANCED_FACE('',(#10339),#9914,.T.);
#10339 = FACE_BOUND('',#10340,.T.);
#10340 = EDGE_LOOP('',(#10341,#10342,#10343,#10344));
#10341 = ORIENTED_EDGE('',*,*,#10203,.F.);
#10342 = ORIENTED_EDGE('',*,*,#9899,.T.);
#10343 = ORIENTED_EDGE('',*,*,#10297,.T.);
#10344 = ORIENTED_EDGE('',*,*,#10345,.F.);
#10345 = EDGE_CURVE('',#10204,#10298,#10346,.T.);
#10346 = SURFACE_CURVE('',#10347,(#10351,#10357),.PCURVE_S1.);
#10347 = LINE('',#10348,#10349);
#10348 = CARTESIAN_POINT('',(140.,-70.525,12.275));
#10349 = VECTOR('',#10350,1.);
#10350 = DIRECTION('',(0.,0.,1.));
#10351 = PCURVE('',#9914,#10352);
#10352 = DEFINITIONAL_REPRESENTATION('',(#10353),#10356);
#10353 = B_SPLINE_CURVE_WITH_KNOTS('',1,(#10354,#10355),.UNSPECIFIED.,
  .F.,.F.,(2,2),(1.25,40.7),.PIECEWISE_BEZIER_KNOTS.);
#10354 = CARTESIAN_POINT('',(0.,4.));
#10355 = CARTESIAN_POINT('',(39.45,4.));
#10356 = ( GEOMETRIC_REPRESENTATION_CONTEXT(2) 
PARAMETRIC_REPRESENTATION_CONTEXT() REPRESENTATION_CONTEXT('2D SPACE',''
  ) );
#10357 = PCURVE('',#10039,#10358);
#10358 = DEFINITIONAL_REPRESENTATION('',(#10359),#10362);
#10359 = B_SPLINE_CURVE_WITH_KNOTS('',1,(#10360,#10361),.UNSPECIFIED.,
  .F.,.F.,(2,2),(1.25,40.7),.PIECEWISE_BEZIER_KNOTS.);
#10360 = CARTESIAN_POINT('',(2.5,-2.5));
#10361 = CARTESIAN_POINT('',(41.95,-2.5));
#10362 = ( GEOMETRIC_REPRESENTATION_CONTEXT(2) 
PARAMETRIC_REPRESENTATION_CONTEXT() REPRESENTATION_CONTEXT('2D SPACE',''
  ) );
#10363 = ADVANCED_FACE('',(#10364,#10370),#10039,.T.);
#10364 = FACE_BOUND('',#10365,.T.);
#10365 = EDGE_LOOP('',(#10366,#10367,#10368,#10369));
#10366 = ORIENTED_EDGE('',*,*,#10025,.F.);
#10367 = ORIENTED_EDGE('',*,*,#10105,.T.);
#10368 = ORIENTED_EDGE('',*,*,#10155,.T.);
#10369 = ORIENTED_EDGE('',*,*,#10056,.F.);
#10370 = FACE_BOUND('',#10371,.T.);
#10371 = EDGE_LOOP('',(#10372,#10373,#10374,#10375));
#10372 = ORIENTED_EDGE('',*,*,#10226,.T.);
#10373 = ORIENTED_EDGE('',*,*,#10345,.T.);
#10374 = ORIENTED_EDGE('',*,*,#10320,.F.);
#10375 = ORIENTED_EDGE('',*,*,#10273,.F.);
#10376 = ( GEOMETRIC_REPRESENTATION_CONTEXT(3) 
GLOBAL_UNCERTAINTY_ASSIGNED_CONTEXT((#10380)) 
GLOBAL_UNIT_ASSIGNED_CONTEXT((#10377,#10378,#10379)) 
REPRESENTATION_CONTEXT('Context #1',
  '3D Context with UNIT and UNCERTAINTY') );
#10377 = ( LENGTH_UNIT() NAMED_UNIT(*) SI_UNIT(.MILLI.,.METRE.) );
#10378 = ( NAMED_UNIT(*) PLANE_ANGLE_UNIT() SI_UNIT($,.RADIAN.) );
#10379 = ( NAMED_UNIT(*) SI_UNIT($,.STERADIAN.) SOLID_ANGLE_UNIT() );
#10380 = UNCERTAINTY_MEASURE_WITH_UNIT(LENGTH_MEASURE(1.E-07),#10377,
  'distance_accuracy_value','confusion accuracy');
#10381 = CONTEXT_DEPENDENT_SHAPE_REPRESENTATION(#10382,#10384);
#10382 = ( REPRESENTATION_RELATIONSHIP('','',#9115,#36) 
REPRESENTATION_RELATIONSHIP_WITH_TRANSFORMATION(#10383) 
SHAPE_REPRESENTATION_RELATIONSHIP() );
#10383 = ITEM_DEFINED_TRANSFORMATION('','',#11,#53);
#10384 = PRODUCT_DEFINITION_SHAPE('Placement','Placement of an item',
  #10385);
#10385 = NEXT_ASSEMBLY_USAGE_OCCURRENCE('5','=>[0:1:1:7]','',#31,#9110,$
  );
#10386 = PRODUCT_RELATED_PRODUCT_CATEGORY('part',$,(#9112));
#10387 = SHAPE_DEFINITION_REPRESENTATION(#10388,#10394);
#10388 = PRODUCT_DEFINITION_SHAPE('','',#10389);
#10389 = PRODUCT_DEFINITION('design','',#10390,#10393);
#10390 = PRODUCT_DEFINITION_FORMATION('','',#10391);
#10391 = PRODUCT('COMPOUND','COMPOUND','',(#10392));
#10392 = PRODUCT_CONTEXT('',#2,'mechanical');
#10393 = PRODUCT_DEFINITION_CONTEXT('part definition',#2,'design');
#10394 = SHAPE_REPRESENTATION('',(#11,#10395,#10493,#10591,#10689,#10787
    ,#10885,#10983,#11081,#11179,#11277,#11375,#11473),#11571);
#10395 = MANIFOLD_SOLID_BREP('',#10396);
#10396 = CLOSED_SHELL('',(#10397,#10485,#10489));
#10397 = ADVANCED_FACE('',(#10398),#10411,.T.);
#10398 = FACE_BOUND('',#10399,.T.);
#10399 = EDGE_LOOP('',(#10400,#10434,#10457,#10484));
#10400 = ORIENTED_EDGE('',*,*,#10401,.F.);
#10401 = EDGE_CURVE('',#10402,#10402,#10404,.T.);
#10402 = VERTEX_POINT('',#10403);
#10403 = CARTESIAN_POINT('',(-127.7375,-41.75,59.85));
#10404 = SURFACE_CURVE('',#10405,(#10410,#10422),.PCURVE_S1.);
#10405 = CIRCLE('',#10406,4.5);
#10406 = AXIS2_PLACEMENT_3D('',#10407,#10408,#10409);
#10407 = CARTESIAN_POINT('',(-132.2375,-41.75,59.85));
#10408 = DIRECTION('',(0.,0.,1.));
#10409 = DIRECTION('',(1.,0.,-0.));
#10410 = PCURVE('',#10411,#10416);
#10411 = CYLINDRICAL_SURFACE('',#10412,4.5);
#10412 = AXIS2_PLACEMENT_3D('',#10413,#10414,#10415);
#10413 = CARTESIAN_POINT('',(-132.2375,-41.75,58.65));
#10414 = DIRECTION('',(0.,0.,1.));
#10415 = DIRECTION('',(1.,0.,-0.));
#10416 = DEFINITIONAL_REPRESENTATION('',(#10417),#10421);
#10417 = LINE('',#10418,#10419);
#10418 = CARTESIAN_POINT('',(0.,1.2));
#10419 = VECTOR('',#10420,1.);
#10420 = DIRECTION('',(1.,0.));
#10421 = ( GEOMETRIC_REPRESENTATION_CONTEXT(2) 
PARAMETRIC_REPRESENTATION_CONTEXT() REPRESENTATION_CONTEXT('2D SPACE',''
  ) );
#10422 = PCURVE('',#10423,#10428);
#10423 = PLANE('',#10424);
#10424 = AXIS2_PLACEMENT_3D('',#10425,#10426,#10427);
#10425 = CARTESIAN_POINT('',(-132.2375,-41.75,59.85));
#10426 = DIRECTION('',(0.,0.,1.));
#10427 = DIRECTION('',(1.,0.,-0.));
#10428 = DEFINITIONAL_REPRESENTATION('',(#10429),#10433);
#10429 = CIRCLE('',#10430,4.5);
#10430 = AXIS2_PLACEMENT_2D('',#10431,#10432);
#10431 = CARTESIAN_POINT('',(0.,0.));
#10432 = DIRECTION('',(1.,0.));
#10433 = ( GEOMETRIC_REPRESENTATION_CONTEXT(2) 
PARAMETRIC_REPRESENTATION_CONTEXT() REPRESENTATION_CONTEXT('2D SPACE',''
  ) );
#10434 = ORIENTED_EDGE('',*,*,#10435,.F.);
#10435 = EDGE_CURVE('',#10436,#10402,#10438,.T.);
#10436 = VERTEX_POINT('',#10437);
#10437 = CARTESIAN_POINT('',(-127.7375,-41.75,58.65));
#10438 = SEAM_CURVE('',#10439,(#10443,#10450),.PCURVE_S1.);
#10439 = LINE('',#10440,#10441);
#10440 = CARTESIAN_POINT('',(-127.7375,-41.75,58.65));
#10441 = VECTOR('',#10442,1.);
#10442 = DIRECTION('',(0.,0.,1.));
#10443 = PCURVE('',#10411,#10444);
#10444 = DEFINITIONAL_REPRESENTATION('',(#10445),#10449);
#10445 = LINE('',#10446,#10447);
#10446 = CARTESIAN_POINT('',(6.28318530718,-0.));
#10447 = VECTOR('',#10448,1.);
#10448 = DIRECTION('',(0.,1.));
#10449 = ( GEOMETRIC_REPRESENTATION_CONTEXT(2) 
PARAMETRIC_REPRESENTATION_CONTEXT() REPRESENTATION_CONTEXT('2D SPACE',''
  ) );
#10450 = PCURVE('',#10411,#10451);
#10451 = DEFINITIONAL_REPRESENTATION('',(#10452),#10456);
#10452 = LINE('',#10453,#10454);
#10453 = CARTESIAN_POINT('',(0.,-0.));
#10454 = VECTOR('',#10455,1.);
#10455 = DIRECTION('',(0.,1.));
#10456 = ( GEOMETRIC_REPRESENTATION_CONTEXT(2) 
PARAMETRIC_REPRESENTATION_CONTEXT() REPRESENTATION_CONTEXT('2D SPACE',''
  ) );
#10457 = ORIENTED_EDGE('',*,*,#10458,.T.);
#10458 = EDGE_CURVE('',#10436,#10436,#10459,.T.);
#10459 = SURFACE_CURVE('',#10460,(#10465,#10472),.PCURVE_S1.);
#10460 = CIRCLE('',#10461,4.5);
#10461 = AXIS2_PLACEMENT_3D('',#10462,#10463,#10464);
#10462 = CARTESIAN_POINT('',(-132.2375,-41.75,58.65));
#10463 = DIRECTION('',(0.,0.,1.));
#10464 = DIRECTION('',(1.,0.,-0.));
#10465 = PCURVE('',#10411,#10466);
#10466 = DEFINITIONAL_REPRESENTATION('',(#10467),#10471);
#10467 = LINE('',#10468,#10469);
#10468 = CARTESIAN_POINT('',(0.,0.));
#10469 = VECTOR('',#10470,1.);
#10470 = DIRECTION('',(1.,0.));
#10471 = ( GEOMETRIC_REPRESENTATION_CONTEXT(2) 
PARAMETRIC_REPRESENTATION_CONTEXT() REPRESENTATION_CONTEXT('2D SPACE',''
  ) );
#10472 = PCURVE('',#10473,#10478);
#10473 = PLANE('',#10474);
#10474 = AXIS2_PLACEMENT_3D('',#10475,#10476,#10477);
#10475 = CARTESIAN_POINT('',(-132.2375,-41.75,58.65));
#10476 = DIRECTION('',(0.,0.,1.));
#10477 = DIRECTION('',(1.,0.,-0.));
#10478 = DEFINITIONAL_REPRESENTATION('',(#10479),#10483);
#10479 = CIRCLE('',#10480,4.5);
#10480 = AXIS2_PLACEMENT_2D('',#10481,#10482);
#10481 = CARTESIAN_POINT('',(0.,0.));
#10482 = DIRECTION('',(1.,0.));
#10483 = ( GEOMETRIC_REPRESENTATION_CONTEXT(2) 
PARAMETRIC_REPRESENTATION_CONTEXT() REPRESENTATION_CONTEXT('2D SPACE',''
  ) );
#10484 = ORIENTED_EDGE('',*,*,#10435,.T.);
#10485 = ADVANCED_FACE('',(#10486),#10423,.T.);
#10486 = FACE_BOUND('',#10487,.T.);
#10487 = EDGE_LOOP('',(#10488));
#10488 = ORIENTED_EDGE('',*,*,#10401,.T.);
#10489 = ADVANCED_FACE('',(#10490),#10473,.F.);
#10490 = FACE_BOUND('',#10491,.T.);
#10491 = EDGE_LOOP('',(#10492));
#10492 = ORIENTED_EDGE('',*,*,#10458,.F.);
#10493 = MANIFOLD_SOLID_BREP('',#10494);
#10494 = CLOSED_SHELL('',(#10495,#10583,#10587));
#10495 = ADVANCED_FACE('',(#10496),#10509,.T.);
#10496 = FACE_BOUND('',#10497,.T.);
#10497 = EDGE_LOOP('',(#10498,#10532,#10555,#10582));
#10498 = ORIENTED_EDGE('',*,*,#10499,.F.);
#10499 = EDGE_CURVE('',#10500,#10500,#10502,.T.);
#10500 = VERTEX_POINT('',#10501);
#10501 = CARTESIAN_POINT('',(-127.7375,-41.75,7.85));
#10502 = SURFACE_CURVE('',#10503,(#10508,#10520),.PCURVE_S1.);
#10503 = CIRCLE('',#10504,4.5);
#10504 = AXIS2_PLACEMENT_3D('',#10505,#10506,#10507);
#10505 = CARTESIAN_POINT('',(-132.2375,-41.75,7.85));
#10506 = DIRECTION('',(0.,0.,1.));
#10507 = DIRECTION('',(1.,0.,-0.));
#10508 = PCURVE('',#10509,#10514);
#10509 = CYLINDRICAL_SURFACE('',#10510,4.5);
#10510 = AXIS2_PLACEMENT_3D('',#10511,#10512,#10513);
#10511 = CARTESIAN_POINT('',(-132.2375,-41.75,6.65));
#10512 = DIRECTION('',(0.,0.,1.));
#10513 = DIRECTION('',(1.,0.,-0.));
#10514 = DEFINITIONAL_REPRESENTATION('',(#10515),#10519);
#10515 = LINE('',#10516,#10517);
#10516 = CARTESIAN_POINT('',(0.,1.2));
#10517 = VECTOR('',#10518,1.);
#10518 = DIRECTION('',(1.,0.));
#10519 = ( GEOMETRIC_REPRESENTATION_CONTEXT(2) 
PARAMETRIC_REPRESENTATION_CONTEXT() REPRESENTATION_CONTEXT('2D SPACE',''
  ) );
#10520 = PCURVE('',#10521,#10526);
#10521 = PLANE('',#10522);
#10522 = AXIS2_PLACEMENT_3D('',#10523,#10524,#10525);
#10523 = CARTESIAN_POINT('',(-132.2375,-41.75,7.85));
#10524 = DIRECTION('',(0.,0.,1.));
#10525 = DIRECTION('',(1.,0.,-0.));
#10526 = DEFINITIONAL_REPRESENTATION('',(#10527),#10531);
#10527 = CIRCLE('',#10528,4.5);
#10528 = AXIS2_PLACEMENT_2D('',#10529,#10530);
#10529 = CARTESIAN_POINT('',(0.,0.));
#10530 = DIRECTION('',(1.,0.));
#10531 = ( GEOMETRIC_REPRESENTATION_CONTEXT(2) 
PARAMETRIC_REPRESENTATION_CONTEXT() REPRESENTATION_CONTEXT('2D SPACE',''
  ) );
#10532 = ORIENTED_EDGE('',*,*,#10533,.F.);
#10533 = EDGE_CURVE('',#10534,#10500,#10536,.T.);
#10534 = VERTEX_POINT('',#10535);
#10535 = CARTESIAN_POINT('',(-127.7375,-41.75,6.65));
#10536 = SEAM_CURVE('',#10537,(#10541,#10548),.PCURVE_S1.);
#10537 = LINE('',#10538,#10539);
#10538 = CARTESIAN_POINT('',(-127.7375,-41.75,6.65));
#10539 = VECTOR('',#10540,1.);
#10540 = DIRECTION('',(0.,0.,1.));
#10541 = PCURVE('',#10509,#10542);
#10542 = DEFINITIONAL_REPRESENTATION('',(#10543),#10547);
#10543 = LINE('',#10544,#10545);
#10544 = CARTESIAN_POINT('',(6.28318530718,-0.));
#10545 = VECTOR('',#10546,1.);
#10546 = DIRECTION('',(0.,1.));
#10547 = ( GEOMETRIC_REPRESENTATION_CONTEXT(2) 
PARAMETRIC_REPRESENTATION_CONTEXT() REPRESENTATION_CONTEXT('2D SPACE',''
  ) );
#10548 = PCURVE('',#10509,#10549);
#10549 = DEFINITIONAL_REPRESENTATION('',(#10550),#10554);
#10550 = LINE('',#10551,#10552);
#10551 = CARTESIAN_POINT('',(0.,-0.));
#10552 = VECTOR('',#10553,1.);
#10553 = DIRECTION('',(0.,1.));
#10554 = ( GEOMETRIC_REPRESENTATION_CONTEXT(2) 
PARAMETRIC_REPRESENTATION_CONTEXT() REPRESENTATION_CONTEXT('2D SPACE',''
  ) );
#10555 = ORIENTED_EDGE('',*,*,#10556,.T.);
#10556 = EDGE_CURVE('',#10534,#10534,#10557,.T.);
#10557 = SURFACE_CURVE('',#10558,(#10563,#10570),.PCURVE_S1.);
#10558 = CIRCLE('',#10559,4.5);
#10559 = AXIS2_PLACEMENT_3D('',#10560,#10561,#10562);
#10560 = CARTESIAN_POINT('',(-132.2375,-41.75,6.65));
#10561 = DIRECTION('',(0.,0.,1.));
#10562 = DIRECTION('',(1.,0.,-0.));
#10563 = PCURVE('',#10509,#10564);
#10564 = DEFINITIONAL_REPRESENTATION('',(#10565),#10569);
#10565 = LINE('',#10566,#10567);
#10566 = CARTESIAN_POINT('',(0.,0.));
#10567 = VECTOR('',#10568,1.);
#10568 = DIRECTION('',(1.,0.));
#10569 = ( GEOMETRIC_REPRESENTATION_CONTEXT(2) 
PARAMETRIC_REPRESENTATION_CONTEXT() REPRESENTATION_CONTEXT('2D SPACE',''
  ) );
#10570 = PCURVE('',#10571,#10576);
#10571 = PLANE('',#10572);
#10572 = AXIS2_PLACEMENT_3D('',#10573,#10574,#10575);
#10573 = CARTESIAN_POINT('',(-132.2375,-41.75,6.65));
#10574 = DIRECTION('',(0.,0.,1.));
#10575 = DIRECTION('',(1.,0.,-0.));
#10576 = DEFINITIONAL_REPRESENTATION('',(#10577),#10581);
#10577 = CIRCLE('',#10578,4.5);
#10578 = AXIS2_PLACEMENT_2D('',#10579,#10580);
#10579 = CARTESIAN_POINT('',(0.,0.));
#10580 = DIRECTION('',(1.,0.));
#10581 = ( GEOMETRIC_REPRESENTATION_CONTEXT(2) 
PARAMETRIC_REPRESENTATION_CONTEXT() REPRESENTATION_CONTEXT('2D SPACE',''
  ) );
#10582 = ORIENTED_EDGE('',*,*,#10533,.T.);
#10583 = ADVANCED_FACE('',(#10584),#10521,.T.);
#10584 = FACE_BOUND('',#10585,.T.);
#10585 = EDGE_LOOP('',(#10586));
#10586 = ORIENTED_EDGE('',*,*,#10499,.T.);
#10587 = ADVANCED_FACE('',(#10588),#10571,.F.);
#10588 = FACE_BOUND('',#10589,.T.);
#10589 = EDGE_LOOP('',(#10590));
#10590 = ORIENTED_EDGE('',*,*,#10556,.F.);
#10591 = MANIFOLD_SOLID_BREP('',#10592);
#10592 = CLOSED_SHELL('',(#10593,#10681,#10685));
#10593 = ADVANCED_FACE('',(#10594),#10607,.T.);
#10594 = FACE_BOUND('',#10595,.T.);
#10595 = EDGE_LOOP('',(#10596,#10630,#10653,#10680));
#10596 = ORIENTED_EDGE('',*,*,#10597,.F.);
#10597 = EDGE_CURVE('',#10598,#10598,#10600,.T.);
#10598 = VERTEX_POINT('',#10599);
#10599 = CARTESIAN_POINT('',(-127.7375,8.25,59.85));
#10600 = SURFACE_CURVE('',#10601,(#10606,#10618),.PCURVE_S1.);
#10601 = CIRCLE('',#10602,4.5);
#10602 = AXIS2_PLACEMENT_3D('',#10603,#10604,#10605);
#10603 = CARTESIAN_POINT('',(-132.2375,8.25,59.85));
#10604 = DIRECTION('',(0.,0.,1.));
#10605 = DIRECTION('',(1.,0.,-0.));
#10606 = PCURVE('',#10607,#10612);
#10607 = CYLINDRICAL_SURFACE('',#10608,4.5);
#10608 = AXIS2_PLACEMENT_3D('',#10609,#10610,#10611);
#10609 = CARTESIAN_POINT('',(-132.2375,8.25,58.65));
#10610 = DIRECTION('',(0.,0.,1.));
#10611 = DIRECTION('',(1.,0.,-0.));
#10612 = DEFINITIONAL_REPRESENTATION('',(#10613),#10617);
#10613 = LINE('',#10614,#10615);
#10614 = CARTESIAN_POINT('',(0.,1.2));
#10615 = VECTOR('',#10616,1.);
#10616 = DIRECTION('',(1.,0.));
#10617 = ( GEOMETRIC_REPRESENTATION_CONTEXT(2) 
PARAMETRIC_REPRESENTATION_CONTEXT() REPRESENTATION_CONTEXT('2D SPACE',''
  ) );
#10618 = PCURVE('',#10619,#10624);
#10619 = PLANE('',#10620);
#10620 = AXIS2_PLACEMENT_3D('',#10621,#10622,#10623);
#10621 = CARTESIAN_POINT('',(-132.2375,8.25,59.85));
#10622 = DIRECTION('',(0.,0.,1.));
#10623 = DIRECTION('',(1.,0.,-0.));
#10624 = DEFINITIONAL_REPRESENTATION('',(#10625),#10629);
#10625 = CIRCLE('',#10626,4.5);
#10626 = AXIS2_PLACEMENT_2D('',#10627,#10628);
#10627 = CARTESIAN_POINT('',(0.,0.));
#10628 = DIRECTION('',(1.,0.));
#10629 = ( GEOMETRIC_REPRESENTATION_CONTEXT(2) 
PARAMETRIC_REPRESENTATION_CONTEXT() REPRESENTATION_CONTEXT('2D SPACE',''
  ) );
#10630 = ORIENTED_EDGE('',*,*,#10631,.F.);
#10631 = EDGE_CURVE('',#10632,#10598,#10634,.T.);
#10632 = VERTEX_POINT('',#10633);
#10633 = CARTESIAN_POINT('',(-127.7375,8.25,58.65));
#10634 = SEAM_CURVE('',#10635,(#10639,#10646),.PCURVE_S1.);
#10635 = LINE('',#10636,#10637);
#10636 = CARTESIAN_POINT('',(-127.7375,8.25,58.65));
#10637 = VECTOR('',#10638,1.);
#10638 = DIRECTION('',(0.,0.,1.));
#10639 = PCURVE('',#10607,#10640);
#10640 = DEFINITIONAL_REPRESENTATION('',(#10641),#10645);
#10641 = LINE('',#10642,#10643);
#10642 = CARTESIAN_POINT('',(6.28318530718,-0.));
#10643 = VECTOR('',#10644,1.);
#10644 = DIRECTION('',(0.,1.));
#10645 = ( GEOMETRIC_REPRESENTATION_CONTEXT(2) 
PARAMETRIC_REPRESENTATION_CONTEXT() REPRESENTATION_CONTEXT('2D SPACE',''
  ) );
#10646 = PCURVE('',#10607,#10647);
#10647 = DEFINITIONAL_REPRESENTATION('',(#10648),#10652);
#10648 = LINE('',#10649,#10650);
#10649 = CARTESIAN_POINT('',(0.,-0.));
#10650 = VECTOR('',#10651,1.);
#10651 = DIRECTION('',(0.,1.));
#10652 = ( GEOMETRIC_REPRESENTATION_CONTEXT(2) 
PARAMETRIC_REPRESENTATION_CONTEXT() REPRESENTATION_CONTEXT('2D SPACE',''
  ) );
#10653 = ORIENTED_EDGE('',*,*,#10654,.T.);
#10654 = EDGE_CURVE('',#10632,#10632,#10655,.T.);
#10655 = SURFACE_CURVE('',#10656,(#10661,#10668),.PCURVE_S1.);
#10656 = CIRCLE('',#10657,4.5);
#10657 = AXIS2_PLACEMENT_3D('',#10658,#10659,#10660);
#10658 = CARTESIAN_POINT('',(-132.2375,8.25,58.65));
#10659 = DIRECTION('',(0.,0.,1.));
#10660 = DIRECTION('',(1.,0.,-0.));
#10661 = PCURVE('',#10607,#10662);
#10662 = DEFINITIONAL_REPRESENTATION('',(#10663),#10667);
#10663 = LINE('',#10664,#10665);
#10664 = CARTESIAN_POINT('',(0.,0.));
#10665 = VECTOR('',#10666,1.);
#10666 = DIRECTION('',(1.,0.));
#10667 = ( GEOMETRIC_REPRESENTATION_CONTEXT(2) 
PARAMETRIC_REPRESENTATION_CONTEXT() REPRESENTATION_CONTEXT('2D SPACE',''
  ) );
#10668 = PCURVE('',#10669,#10674);
#10669 = PLANE('',#10670);
#10670 = AXIS2_PLACEMENT_3D('',#10671,#10672,#10673);
#10671 = CARTESIAN_POINT('',(-132.2375,8.25,58.65));
#10672 = DIRECTION('',(0.,0.,1.));
#10673 = DIRECTION('',(1.,0.,-0.));
#10674 = DEFINITIONAL_REPRESENTATION('',(#10675),#10679);
#10675 = CIRCLE('',#10676,4.5);
#10676 = AXIS2_PLACEMENT_2D('',#10677,#10678);
#10677 = CARTESIAN_POINT('',(0.,0.));
#10678 = DIRECTION('',(1.,0.));
#10679 = ( GEOMETRIC_REPRESENTATION_CONTEXT(2) 
PARAMETRIC_REPRESENTATION_CONTEXT() REPRESENTATION_CONTEXT('2D SPACE',''
  ) );
#10680 = ORIENTED_EDGE('',*,*,#10631,.T.);
#10681 = ADVANCED_FACE('',(#10682),#10619,.T.);
#10682 = FACE_BOUND('',#10683,.T.);
#10683 = EDGE_LOOP('',(#10684));
#10684 = ORIENTED_EDGE('',*,*,#10597,.T.);
#10685 = ADVANCED_FACE('',(#10686),#10669,.F.);
#10686 = FACE_BOUND('',#10687,.T.);
#10687 = EDGE_LOOP('',(#10688));
#10688 = ORIENTED_EDGE('',*,*,#10654,.F.);
#10689 = MANIFOLD_SOLID_BREP('',#10690);
#10690 = CLOSED_SHELL('',(#10691,#10779,#10783));
#10691 = ADVANCED_FACE('',(#10692),#10705,.T.);
#10692 = FACE_BOUND('',#10693,.T.);
#10693 = EDGE_LOOP('',(#10694,#10728,#10751,#10778));
#10694 = ORIENTED_EDGE('',*,*,#10695,.F.);
#10695 = EDGE_CURVE('',#10696,#10696,#10698,.T.);
#10696 = VERTEX_POINT('',#10697);
#10697 = CARTESIAN_POINT('',(-127.7375,8.25,7.85));
#10698 = SURFACE_CURVE('',#10699,(#10704,#10716),.PCURVE_S1.);
#10699 = CIRCLE('',#10700,4.5);
#10700 = AXIS2_PLACEMENT_3D('',#10701,#10702,#10703);
#10701 = CARTESIAN_POINT('',(-132.2375,8.25,7.85));
#10702 = DIRECTION('',(0.,0.,1.));
#10703 = DIRECTION('',(1.,0.,-0.));
#10704 = PCURVE('',#10705,#10710);
#10705 = CYLINDRICAL_SURFACE('',#10706,4.5);
#10706 = AXIS2_PLACEMENT_3D('',#10707,#10708,#10709);
#10707 = CARTESIAN_POINT('',(-132.2375,8.25,6.65));
#10708 = DIRECTION('',(0.,0.,1.));
#10709 = DIRECTION('',(1.,0.,-0.));
#10710 = DEFINITIONAL_REPRESENTATION('',(#10711),#10715);
#10711 = LINE('',#10712,#10713);
#10712 = CARTESIAN_POINT('',(0.,1.2));
#10713 = VECTOR('',#10714,1.);
#10714 = DIRECTION('',(1.,0.));
#10715 = ( GEOMETRIC_REPRESENTATION_CONTEXT(2) 
PARAMETRIC_REPRESENTATION_CONTEXT() REPRESENTATION_CONTEXT('2D SPACE',''
  ) );
#10716 = PCURVE('',#10717,#10722);
#10717 = PLANE('',#10718);
#10718 = AXIS2_PLACEMENT_3D('',#10719,#10720,#10721);
#10719 = CARTESIAN_POINT('',(-132.2375,8.25,7.85));
#10720 = DIRECTION('',(0.,0.,1.));
#10721 = DIRECTION('',(1.,0.,-0.));
#10722 = DEFINITIONAL_REPRESENTATION('',(#10723),#10727);
#10723 = CIRCLE('',#10724,4.5);
#10724 = AXIS2_PLACEMENT_2D('',#10725,#10726);
#10725 = CARTESIAN_POINT('',(0.,0.));
#10726 = DIRECTION('',(1.,0.));
#10727 = ( GEOMETRIC_REPRESENTATION_CONTEXT(2) 
PARAMETRIC_REPRESENTATION_CONTEXT() REPRESENTATION_CONTEXT('2D SPACE',''
  ) );
#10728 = ORIENTED_EDGE('',*,*,#10729,.F.);
#10729 = EDGE_CURVE('',#10730,#10696,#10732,.T.);
#10730 = VERTEX_POINT('',#10731);
#10731 = CARTESIAN_POINT('',(-127.7375,8.25,6.65));
#10732 = SEAM_CURVE('',#10733,(#10737,#10744),.PCURVE_S1.);
#10733 = LINE('',#10734,#10735);
#10734 = CARTESIAN_POINT('',(-127.7375,8.25,6.65));
#10735 = VECTOR('',#10736,1.);
#10736 = DIRECTION('',(0.,0.,1.));
#10737 = PCURVE('',#10705,#10738);
#10738 = DEFINITIONAL_REPRESENTATION('',(#10739),#10743);
#10739 = LINE('',#10740,#10741);
#10740 = CARTESIAN_POINT('',(6.28318530718,-0.));
#10741 = VECTOR('',#10742,1.);
#10742 = DIRECTION('',(0.,1.));
#10743 = ( GEOMETRIC_REPRESENTATION_CONTEXT(2) 
PARAMETRIC_REPRESENTATION_CONTEXT() REPRESENTATION_CONTEXT('2D SPACE',''
  ) );
#10744 = PCURVE('',#10705,#10745);
#10745 = DEFINITIONAL_REPRESENTATION('',(#10746),#10750);
#10746 = LINE('',#10747,#10748);
#10747 = CARTESIAN_POINT('',(0.,-0.));
#10748 = VECTOR('',#10749,1.);
#10749 = DIRECTION('',(0.,1.));
#10750 = ( GEOMETRIC_REPRESENTATION_CONTEXT(2) 
PARAMETRIC_REPRESENTATION_CONTEXT() REPRESENTATION_CONTEXT('2D SPACE',''
  ) );
#10751 = ORIENTED_EDGE('',*,*,#10752,.T.);
#10752 = EDGE_CURVE('',#10730,#10730,#10753,.T.);
#10753 = SURFACE_CURVE('',#10754,(#10759,#10766),.PCURVE_S1.);
#10754 = CIRCLE('',#10755,4.5);
#10755 = AXIS2_PLACEMENT_3D('',#10756,#10757,#10758);
#10756 = CARTESIAN_POINT('',(-132.2375,8.25,6.65));
#10757 = DIRECTION('',(0.,0.,1.));
#10758 = DIRECTION('',(1.,0.,-0.));
#10759 = PCURVE('',#10705,#10760);
#10760 = DEFINITIONAL_REPRESENTATION('',(#10761),#10765);
#10761 = LINE('',#10762,#10763);
#10762 = CARTESIAN_POINT('',(0.,0.));
#10763 = VECTOR('',#10764,1.);
#10764 = DIRECTION('',(1.,0.));
#10765 = ( GEOMETRIC_REPRESENTATION_CONTEXT(2) 
PARAMETRIC_REPRESENTATION_CONTEXT() REPRESENTATION_CONTEXT('2D SPACE',''
  ) );
#10766 = PCURVE('',#10767,#10772);
#10767 = PLANE('',#10768);
#10768 = AXIS2_PLACEMENT_3D('',#10769,#10770,#10771);
#10769 = CARTESIAN_POINT('',(-132.2375,8.25,6.65));
#10770 = DIRECTION('',(0.,0.,1.));
#10771 = DIRECTION('',(1.,0.,-0.));
#10772 = DEFINITIONAL_REPRESENTATION('',(#10773),#10777);
#10773 = CIRCLE('',#10774,4.5);
#10774 = AXIS2_PLACEMENT_2D('',#10775,#10776);
#10775 = CARTESIAN_POINT('',(0.,0.));
#10776 = DIRECTION('',(1.,0.));
#10777 = ( GEOMETRIC_REPRESENTATION_CONTEXT(2) 
PARAMETRIC_REPRESENTATION_CONTEXT() REPRESENTATION_CONTEXT('2D SPACE',''
  ) );
#10778 = ORIENTED_EDGE('',*,*,#10729,.T.);
#10779 = ADVANCED_FACE('',(#10780),#10717,.T.);
#10780 = FACE_BOUND('',#10781,.T.);
#10781 = EDGE_LOOP('',(#10782));
#10782 = ORIENTED_EDGE('',*,*,#10695,.T.);
#10783 = ADVANCED_FACE('',(#10784),#10767,.F.);
#10784 = FACE_BOUND('',#10785,.T.);
#10785 = EDGE_LOOP('',(#10786));
#10786 = ORIENTED_EDGE('',*,*,#10752,.F.);
#10787 = MANIFOLD_SOLID_BREP('',#10788);
#10788 = CLOSED_SHELL('',(#10789,#10877,#10881));
#10789 = ADVANCED_FACE('',(#10790),#10803,.T.);
#10790 = FACE_BOUND('',#10791,.T.);
#10791 = EDGE_LOOP('',(#10792,#10826,#10849,#10876));
#10792 = ORIENTED_EDGE('',*,*,#10793,.F.);
#10793 = EDGE_CURVE('',#10794,#10794,#10796,.T.);
#10794 = VERTEX_POINT('',#10795);
#10795 = CARTESIAN_POINT('',(-127.7375,58.25,59.85));
#10796 = SURFACE_CURVE('',#10797,(#10802,#10814),.PCURVE_S1.);
#10797 = CIRCLE('',#10798,4.5);
#10798 = AXIS2_PLACEMENT_3D('',#10799,#10800,#10801);
#10799 = CARTESIAN_POINT('',(-132.2375,58.25,59.85));
#10800 = DIRECTION('',(0.,0.,1.));
#10801 = DIRECTION('',(1.,0.,-0.));
#10802 = PCURVE('',#10803,#10808);
#10803 = CYLINDRICAL_SURFACE('',#10804,4.5);
#10804 = AXIS2_PLACEMENT_3D('',#10805,#10806,#10807);
#10805 = CARTESIAN_POINT('',(-132.2375,58.25,58.65));
#10806 = DIRECTION('',(0.,0.,1.));
#10807 = DIRECTION('',(1.,0.,-0.));
#10808 = DEFINITIONAL_REPRESENTATION('',(#10809),#10813);
#10809 = LINE('',#10810,#10811);
#10810 = CARTESIAN_POINT('',(0.,1.2));
#10811 = VECTOR('',#10812,1.);
#10812 = DIRECTION('',(1.,0.));
#10813 = ( GEOMETRIC_REPRESENTATION_CONTEXT(2) 
PARAMETRIC_REPRESENTATION_CONTEXT() REPRESENTATION_CONTEXT('2D SPACE',''
  ) );
#10814 = PCURVE('',#10815,#10820);
#10815 = PLANE('',#10816);
#10816 = AXIS2_PLACEMENT_3D('',#10817,#10818,#10819);
#10817 = CARTESIAN_POINT('',(-132.2375,58.25,59.85));
#10818 = DIRECTION('',(0.,0.,1.));
#10819 = DIRECTION('',(1.,0.,-0.));
#10820 = DEFINITIONAL_REPRESENTATION('',(#10821),#10825);
#10821 = CIRCLE('',#10822,4.5);
#10822 = AXIS2_PLACEMENT_2D('',#10823,#10824);
#10823 = CARTESIAN_POINT('',(0.,0.));
#10824 = DIRECTION('',(1.,0.));
#10825 = ( GEOMETRIC_REPRESENTATION_CONTEXT(2) 
PARAMETRIC_REPRESENTATION_CONTEXT() REPRESENTATION_CONTEXT('2D SPACE',''
  ) );
#10826 = ORIENTED_EDGE('',*,*,#10827,.F.);
#10827 = EDGE_CURVE('',#10828,#10794,#10830,.T.);
#10828 = VERTEX_POINT('',#10829);
#10829 = CARTESIAN_POINT('',(-127.7375,58.25,58.65));
#10830 = SEAM_CURVE('',#10831,(#10835,#10842),.PCURVE_S1.);
#10831 = LINE('',#10832,#10833);
#10832 = CARTESIAN_POINT('',(-127.7375,58.25,58.65));
#10833 = VECTOR('',#10834,1.);
#10834 = DIRECTION('',(0.,0.,1.));
#10835 = PCURVE('',#10803,#10836);
#10836 = DEFINITIONAL_REPRESENTATION('',(#10837),#10841);
#10837 = LINE('',#10838,#10839);
#10838 = CARTESIAN_POINT('',(6.28318530718,-0.));
#10839 = VECTOR('',#10840,1.);
#10840 = DIRECTION('',(0.,1.));
#10841 = ( GEOMETRIC_REPRESENTATION_CONTEXT(2) 
PARAMETRIC_REPRESENTATION_CONTEXT() REPRESENTATION_CONTEXT('2D SPACE',''
  ) );
#10842 = PCURVE('',#10803,#10843);
#10843 = DEFINITIONAL_REPRESENTATION('',(#10844),#10848);
#10844 = LINE('',#10845,#10846);
#10845 = CARTESIAN_POINT('',(0.,-0.));
#10846 = VECTOR('',#10847,1.);
#10847 = DIRECTION('',(0.,1.));
#10848 = ( GEOMETRIC_REPRESENTATION_CONTEXT(2) 
PARAMETRIC_REPRESENTATION_CONTEXT() REPRESENTATION_CONTEXT('2D SPACE',''
  ) );
#10849 = ORIENTED_EDGE('',*,*,#10850,.T.);
#10850 = EDGE_CURVE('',#10828,#10828,#10851,.T.);
#10851 = SURFACE_CURVE('',#10852,(#10857,#10864),.PCURVE_S1.);
#10852 = CIRCLE('',#10853,4.5);
#10853 = AXIS2_PLACEMENT_3D('',#10854,#10855,#10856);
#10854 = CARTESIAN_POINT('',(-132.2375,58.25,58.65));
#10855 = DIRECTION('',(0.,0.,1.));
#10856 = DIRECTION('',(1.,0.,-0.));
#10857 = PCURVE('',#10803,#10858);
#10858 = DEFINITIONAL_REPRESENTATION('',(#10859),#10863);
#10859 = LINE('',#10860,#10861);
#10860 = CARTESIAN_POINT('',(0.,0.));
#10861 = VECTOR('',#10862,1.);
#10862 = DIRECTION('',(1.,0.));
#10863 = ( GEOMETRIC_REPRESENTATION_CONTEXT(2) 
PARAMETRIC_REPRESENTATION_CONTEXT() REPRESENTATION_CONTEXT('2D SPACE',''
  ) );
#10864 = PCURVE('',#10865,#10870);
#10865 = PLANE('',#10866);
#10866 = AXIS2_PLACEMENT_3D('',#10867,#10868,#10869);
#10867 = CARTESIAN_POINT('',(-132.2375,58.25,58.65));
#10868 = DIRECTION('',(0.,0.,1.));
#10869 = DIRECTION('',(1.,0.,-0.));
#10870 = DEFINITIONAL_REPRESENTATION('',(#10871),#10875);
#10871 = CIRCLE('',#10872,4.5);
#10872 = AXIS2_PLACEMENT_2D('',#10873,#10874);
#10873 = CARTESIAN_POINT('',(0.,0.));
#10874 = DIRECTION('',(1.,0.));
#10875 = ( GEOMETRIC_REPRESENTATION_CONTEXT(2) 
PARAMETRIC_REPRESENTATION_CONTEXT() REPRESENTATION_CONTEXT('2D SPACE',''
  ) );
#10876 = ORIENTED_EDGE('',*,*,#10827,.T.);
#10877 = ADVANCED_FACE('',(#10878),#10815,.T.);
#10878 = FACE_BOUND('',#10879,.T.);
#10879 = EDGE_LOOP('',(#10880));
#10880 = ORIENTED_EDGE('',*,*,#10793,.T.);
#10881 = ADVANCED_FACE('',(#10882),#10865,.F.);
#10882 = FACE_BOUND('',#10883,.T.);
#10883 = EDGE_LOOP('',(#10884));
#10884 = ORIENTED_EDGE('',*,*,#10850,.F.);
#10885 = MANIFOLD_SOLID_BREP('',#10886);
#10886 = CLOSED_SHELL('',(#10887,#10975,#10979));
#10887 = ADVANCED_FACE('',(#10888),#10901,.T.);
#10888 = FACE_BOUND('',#10889,.T.);
#10889 = EDGE_LOOP('',(#10890,#10924,#10947,#10974));
#10890 = ORIENTED_EDGE('',*,*,#10891,.F.);
#10891 = EDGE_CURVE('',#10892,#10892,#10894,.T.);
#10892 = VERTEX_POINT('',#10893);
#10893 = CARTESIAN_POINT('',(-127.7375,58.25,7.85));
#10894 = SURFACE_CURVE('',#10895,(#10900,#10912),.PCURVE_S1.);
#10895 = CIRCLE('',#10896,4.5);
#10896 = AXIS2_PLACEMENT_3D('',#10897,#10898,#10899);
#10897 = CARTESIAN_POINT('',(-132.2375,58.25,7.85));
#10898 = DIRECTION('',(0.,0.,1.));
#10899 = DIRECTION('',(1.,0.,-0.));
#10900 = PCURVE('',#10901,#10906);
#10901 = CYLINDRICAL_SURFACE('',#10902,4.5);
#10902 = AXIS2_PLACEMENT_3D('',#10903,#10904,#10905);
#10903 = CARTESIAN_POINT('',(-132.2375,58.25,6.65));
#10904 = DIRECTION('',(0.,0.,1.));
#10905 = DIRECTION('',(1.,0.,-0.));
#10906 = DEFINITIONAL_REPRESENTATION('',(#10907),#10911);
#10907 = LINE('',#10908,#10909);
#10908 = CARTESIAN_POINT('',(0.,1.2));
#10909 = VECTOR('',#10910,1.);
#10910 = DIRECTION('',(1.,0.));
#10911 = ( GEOMETRIC_REPRESENTATION_CONTEXT(2) 
PARAMETRIC_REPRESENTATION_CONTEXT() REPRESENTATION_CONTEXT('2D SPACE',''
  ) );
#10912 = PCURVE('',#10913,#10918);
#10913 = PLANE('',#10914);
#10914 = AXIS2_PLACEMENT_3D('',#10915,#10916,#10917);
#10915 = CARTESIAN_POINT('',(-132.2375,58.25,7.85));
#10916 = DIRECTION('',(0.,0.,1.));
#10917 = DIRECTION('',(1.,0.,-0.));
#10918 = DEFINITIONAL_REPRESENTATION('',(#10919),#10923);
#10919 = CIRCLE('',#10920,4.5);
#10920 = AXIS2_PLACEMENT_2D('',#10921,#10922);
#10921 = CARTESIAN_POINT('',(0.,0.));
#10922 = DIRECTION('',(1.,0.));
#10923 = ( GEOMETRIC_REPRESENTATION_CONTEXT(2) 
PARAMETRIC_REPRESENTATION_CONTEXT() REPRESENTATION_CONTEXT('2D SPACE',''
  ) );
#10924 = ORIENTED_EDGE('',*,*,#10925,.F.);
#10925 = EDGE_CURVE('',#10926,#10892,#10928,.T.);
#10926 = VERTEX_POINT('',#10927);
#10927 = CARTESIAN_POINT('',(-127.7375,58.25,6.65));
#10928 = SEAM_CURVE('',#10929,(#10933,#10940),.PCURVE_S1.);
#10929 = LINE('',#10930,#10931);
#10930 = CARTESIAN_POINT('',(-127.7375,58.25,6.65));
#10931 = VECTOR('',#10932,1.);
#10932 = DIRECTION('',(0.,0.,1.));
#10933 = PCURVE('',#10901,#10934);
#10934 = DEFINITIONAL_REPRESENTATION('',(#10935),#10939);
#10935 = LINE('',#10936,#10937);
#10936 = CARTESIAN_POINT('',(6.28318530718,-0.));
#10937 = VECTOR('',#10938,1.);
#10938 = DIRECTION('',(0.,1.));
#10939 = ( GEOMETRIC_REPRESENTATION_CONTEXT(2) 
PARAMETRIC_REPRESENTATION_CONTEXT() REPRESENTATION_CONTEXT('2D SPACE',''
  ) );
#10940 = PCURVE('',#10901,#10941);
#10941 = DEFINITIONAL_REPRESENTATION('',(#10942),#10946);
#10942 = LINE('',#10943,#10944);
#10943 = CARTESIAN_POINT('',(0.,-0.));
#10944 = VECTOR('',#10945,1.);
#10945 = DIRECTION('',(0.,1.));
#10946 = ( GEOMETRIC_REPRESENTATION_CONTEXT(2) 
PARAMETRIC_REPRESENTATION_CONTEXT() REPRESENTATION_CONTEXT('2D SPACE',''
  ) );
#10947 = ORIENTED_EDGE('',*,*,#10948,.T.);
#10948 = EDGE_CURVE('',#10926,#10926,#10949,.T.);
#10949 = SURFACE_CURVE('',#10950,(#10955,#10962),.PCURVE_S1.);
#10950 = CIRCLE('',#10951,4.5);
#10951 = AXIS2_PLACEMENT_3D('',#10952,#10953,#10954);
#10952 = CARTESIAN_POINT('',(-132.2375,58.25,6.65));
#10953 = DIRECTION('',(0.,0.,1.));
#10954 = DIRECTION('',(1.,0.,-0.));
#10955 = PCURVE('',#10901,#10956);
#10956 = DEFINITIONAL_REPRESENTATION('',(#10957),#10961);
#10957 = LINE('',#10958,#10959);
#10958 = CARTESIAN_POINT('',(0.,0.));
#10959 = VECTOR('',#10960,1.);
#10960 = DIRECTION('',(1.,0.));
#10961 = ( GEOMETRIC_REPRESENTATION_CONTEXT(2) 
PARAMETRIC_REPRESENTATION_CONTEXT() REPRESENTATION_CONTEXT('2D SPACE',''
  ) );
#10962 = PCURVE('',#10963,#10968);
#10963 = PLANE('',#10964);
#10964 = AXIS2_PLACEMENT_3D('',#10965,#10966,#10967);
#10965 = CARTESIAN_POINT('',(-132.2375,58.25,6.65));
#10966 = DIRECTION('',(0.,0.,1.));
#10967 = DIRECTION('',(1.,0.,-0.));
#10968 = DEFINITIONAL_REPRESENTATION('',(#10969),#10973);
#10969 = CIRCLE('',#10970,4.5);
#10970 = AXIS2_PLACEMENT_2D('',#10971,#10972);
#10971 = CARTESIAN_POINT('',(0.,0.));
#10972 = DIRECTION('',(1.,0.));
#10973 = ( GEOMETRIC_REPRESENTATION_CONTEXT(2) 
PARAMETRIC_REPRESENTATION_CONTEXT() REPRESENTATION_CONTEXT('2D SPACE',''
  ) );
#10974 = ORIENTED_EDGE('',*,*,#10925,.T.);
#10975 = ADVANCED_FACE('',(#10976),#10913,.T.);
#10976 = FACE_BOUND('',#10977,.T.);
#10977 = EDGE_LOOP('',(#10978));
#10978 = ORIENTED_EDGE('',*,*,#10891,.T.);
#10979 = ADVANCED_FACE('',(#10980),#10963,.F.);
#10980 = FACE_BOUND('',#10981,.T.);
#10981 = EDGE_LOOP('',(#10982));
#10982 = ORIENTED_EDGE('',*,*,#10948,.F.);
#10983 = MANIFOLD_SOLID_BREP('',#10984);
#10984 = CLOSED_SHELL('',(#10985,#11073,#11077));
#10985 = ADVANCED_FACE('',(#10986),#10999,.T.);
#10986 = FACE_BOUND('',#10987,.T.);
#10987 = EDGE_LOOP('',(#10988,#11022,#11045,#11072));
#10988 = ORIENTED_EDGE('',*,*,#10989,.F.);
#10989 = EDGE_CURVE('',#10990,#10990,#10992,.T.);
#10990 = VERTEX_POINT('',#10991);
#10991 = CARTESIAN_POINT('',(136.7375,-41.75,59.85));
#10992 = SURFACE_CURVE('',#10993,(#10998,#11010),.PCURVE_S1.);
#10993 = CIRCLE('',#10994,4.5);
#10994 = AXIS2_PLACEMENT_3D('',#10995,#10996,#10997);
#10995 = CARTESIAN_POINT('',(132.2375,-41.75,59.85));
#10996 = DIRECTION('',(0.,0.,1.));
#10997 = DIRECTION('',(1.,0.,-0.));
#10998 = PCURVE('',#10999,#11004);
#10999 = CYLINDRICAL_SURFACE('',#11000,4.5);
#11000 = AXIS2_PLACEMENT_3D('',#11001,#11002,#11003);
#11001 = CARTESIAN_POINT('',(132.2375,-41.75,58.65));
#11002 = DIRECTION('',(0.,0.,1.));
#11003 = DIRECTION('',(1.,0.,-0.));
#11004 = DEFINITIONAL_REPRESENTATION('',(#11005),#11009);
#11005 = LINE('',#11006,#11007);
#11006 = CARTESIAN_POINT('',(0.,1.2));
#11007 = VECTOR('',#11008,1.);
#11008 = DIRECTION('',(1.,0.));
#11009 = ( GEOMETRIC_REPRESENTATION_CONTEXT(2) 
PARAMETRIC_REPRESENTATION_CONTEXT() REPRESENTATION_CONTEXT('2D SPACE',''
  ) );
#11010 = PCURVE('',#11011,#11016);
#11011 = PLANE('',#11012);
#11012 = AXIS2_PLACEMENT_3D('',#11013,#11014,#11015);
#11013 = CARTESIAN_POINT('',(132.2375,-41.75,59.85));
#11014 = DIRECTION('',(0.,0.,1.));
#11015 = DIRECTION('',(1.,0.,-0.));
#11016 = DEFINITIONAL_REPRESENTATION('',(#11017),#11021);
#11017 = CIRCLE('',#11018,4.5);
#11018 = AXIS2_PLACEMENT_2D('',#11019,#11020);
#11019 = CARTESIAN_POINT('',(0.,0.));
#11020 = DIRECTION('',(1.,0.));
#11021 = ( GEOMETRIC_REPRESENTATION_CONTEXT(2) 
PARAMETRIC_REPRESENTATION_CONTEXT() REPRESENTATION_CONTEXT('2D SPACE',''
  ) );
#11022 = ORIENTED_EDGE('',*,*,#11023,.F.);
#11023 = EDGE_CURVE('',#11024,#10990,#11026,.T.);
#11024 = VERTEX_POINT('',#11025);
#11025 = CARTESIAN_POINT('',(136.7375,-41.75,58.65));
#11026 = SEAM_CURVE('',#11027,(#11031,#11038),.PCURVE_S1.);
#11027 = LINE('',#11028,#11029);
#11028 = CARTESIAN_POINT('',(136.7375,-41.75,58.65));
#11029 = VECTOR('',#11030,1.);
#11030 = DIRECTION('',(0.,0.,1.));
#11031 = PCURVE('',#10999,#11032);
#11032 = DEFINITIONAL_REPRESENTATION('',(#11033),#11037);
#11033 = LINE('',#11034,#11035);
#11034 = CARTESIAN_POINT('',(6.28318530718,-0.));
#11035 = VECTOR('',#11036,1.);
#11036 = DIRECTION('',(0.,1.));
#11037 = ( GEOMETRIC_REPRESENTATION_CONTEXT(2) 
PARAMETRIC_REPRESENTATION_CONTEXT() REPRESENTATION_CONTEXT('2D SPACE',''
  ) );
#11038 = PCURVE('',#10999,#11039);
#11039 = DEFINITIONAL_REPRESENTATION('',(#11040),#11044);
#11040 = LINE('',#11041,#11042);
#11041 = CARTESIAN_POINT('',(0.,-0.));
#11042 = VECTOR('',#11043,1.);
#11043 = DIRECTION('',(0.,1.));
#11044 = ( GEOMETRIC_REPRESENTATION_CONTEXT(2) 
PARAMETRIC_REPRESENTATION_CONTEXT() REPRESENTATION_CONTEXT('2D SPACE',''
  ) );
#11045 = ORIENTED_EDGE('',*,*,#11046,.T.);
#11046 = EDGE_CURVE('',#11024,#11024,#11047,.T.);
#11047 = SURFACE_CURVE('',#11048,(#11053,#11060),.PCURVE_S1.);
#11048 = CIRCLE('',#11049,4.5);
#11049 = AXIS2_PLACEMENT_3D('',#11050,#11051,#11052);
#11050 = CARTESIAN_POINT('',(132.2375,-41.75,58.65));
#11051 = DIRECTION('',(0.,0.,1.));
#11052 = DIRECTION('',(1.,0.,-0.));
#11053 = PCURVE('',#10999,#11054);
#11054 = DEFINITIONAL_REPRESENTATION('',(#11055),#11059);
#11055 = LINE('',#11056,#11057);
#11056 = CARTESIAN_POINT('',(0.,0.));
#11057 = VECTOR('',#11058,1.);
#11058 = DIRECTION('',(1.,0.));
#11059 = ( GEOMETRIC_REPRESENTATION_CONTEXT(2) 
PARAMETRIC_REPRESENTATION_CONTEXT() REPRESENTATION_CONTEXT('2D SPACE',''
  ) );
#11060 = PCURVE('',#11061,#11066);
#11061 = PLANE('',#11062);
#11062 = AXIS2_PLACEMENT_3D('',#11063,#11064,#11065);
#11063 = CARTESIAN_POINT('',(132.2375,-41.75,58.65));
#11064 = DIRECTION('',(0.,0.,1.));
#11065 = DIRECTION('',(1.,0.,-0.));
#11066 = DEFINITIONAL_REPRESENTATION('',(#11067),#11071);
#11067 = CIRCLE('',#11068,4.5);
#11068 = AXIS2_PLACEMENT_2D('',#11069,#11070);
#11069 = CARTESIAN_POINT('',(0.,0.));
#11070 = DIRECTION('',(1.,0.));
#11071 = ( GEOMETRIC_REPRESENTATION_CONTEXT(2) 
PARAMETRIC_REPRESENTATION_CONTEXT() REPRESENTATION_CONTEXT('2D SPACE',''
  ) );
#11072 = ORIENTED_EDGE('',*,*,#11023,.T.);
#11073 = ADVANCED_FACE('',(#11074),#11011,.T.);
#11074 = FACE_BOUND('',#11075,.T.);
#11075 = EDGE_LOOP('',(#11076));
#11076 = ORIENTED_EDGE('',*,*,#10989,.T.);
#11077 = ADVANCED_FACE('',(#11078),#11061,.F.);
#11078 = FACE_BOUND('',#11079,.T.);
#11079 = EDGE_LOOP('',(#11080));
#11080 = ORIENTED_EDGE('',*,*,#11046,.F.);
#11081 = MANIFOLD_SOLID_BREP('',#11082);
#11082 = CLOSED_SHELL('',(#11083,#11171,#11175));
#11083 = ADVANCED_FACE('',(#11084),#11097,.T.);
#11084 = FACE_BOUND('',#11085,.T.);
#11085 = EDGE_LOOP('',(#11086,#11120,#11143,#11170));
#11086 = ORIENTED_EDGE('',*,*,#11087,.F.);
#11087 = EDGE_CURVE('',#11088,#11088,#11090,.T.);
#11088 = VERTEX_POINT('',#11089);
#11089 = CARTESIAN_POINT('',(136.7375,-41.75,7.85));
#11090 = SURFACE_CURVE('',#11091,(#11096,#11108),.PCURVE_S1.);
#11091 = CIRCLE('',#11092,4.5);
#11092 = AXIS2_PLACEMENT_3D('',#11093,#11094,#11095);
#11093 = CARTESIAN_POINT('',(132.2375,-41.75,7.85));
#11094 = DIRECTION('',(0.,0.,1.));
#11095 = DIRECTION('',(1.,0.,-0.));
#11096 = PCURVE('',#11097,#11102);
#11097 = CYLINDRICAL_SURFACE('',#11098,4.5);
#11098 = AXIS2_PLACEMENT_3D('',#11099,#11100,#11101);
#11099 = CARTESIAN_POINT('',(132.2375,-41.75,6.65));
#11100 = DIRECTION('',(0.,0.,1.));
#11101 = DIRECTION('',(1.,0.,-0.));
#11102 = DEFINITIONAL_REPRESENTATION('',(#11103),#11107);
#11103 = LINE('',#11104,#11105);
#11104 = CARTESIAN_POINT('',(0.,1.2));
#11105 = VECTOR('',#11106,1.);
#11106 = DIRECTION('',(1.,0.));
#11107 = ( GEOMETRIC_REPRESENTATION_CONTEXT(2) 
PARAMETRIC_REPRESENTATION_CONTEXT() REPRESENTATION_CONTEXT('2D SPACE',''
  ) );
#11108 = PCURVE('',#11109,#11114);
#11109 = PLANE('',#11110);
#11110 = AXIS2_PLACEMENT_3D('',#11111,#11112,#11113);
#11111 = CARTESIAN_POINT('',(132.2375,-41.75,7.85));
#11112 = DIRECTION('',(0.,0.,1.));
#11113 = DIRECTION('',(1.,0.,-0.));
#11114 = DEFINITIONAL_REPRESENTATION('',(#11115),#11119);
#11115 = CIRCLE('',#11116,4.5);
#11116 = AXIS2_PLACEMENT_2D('',#11117,#11118);
#11117 = CARTESIAN_POINT('',(0.,0.));
#11118 = DIRECTION('',(1.,0.));
#11119 = ( GEOMETRIC_REPRESENTATION_CONTEXT(2) 
PARAMETRIC_REPRESENTATION_CONTEXT() REPRESENTATION_CONTEXT('2D SPACE',''
  ) );
#11120 = ORIENTED_EDGE('',*,*,#11121,.F.);
#11121 = EDGE_CURVE('',#11122,#11088,#11124,.T.);
#11122 = VERTEX_POINT('',#11123);
#11123 = CARTESIAN_POINT('',(136.7375,-41.75,6.65));
#11124 = SEAM_CURVE('',#11125,(#11129,#11136),.PCURVE_S1.);
#11125 = LINE('',#11126,#11127);
#11126 = CARTESIAN_POINT('',(136.7375,-41.75,6.65));
#11127 = VECTOR('',#11128,1.);
#11128 = DIRECTION('',(0.,0.,1.));
#11129 = PCURVE('',#11097,#11130);
#11130 = DEFINITIONAL_REPRESENTATION('',(#11131),#11135);
#11131 = LINE('',#11132,#11133);
#11132 = CARTESIAN_POINT('',(6.28318530718,-0.));
#11133 = VECTOR('',#11134,1.);
#11134 = DIRECTION('',(0.,1.));
#11135 = ( GEOMETRIC_REPRESENTATION_CONTEXT(2) 
PARAMETRIC_REPRESENTATION_CONTEXT() REPRESENTATION_CONTEXT('2D SPACE',''
  ) );
#11136 = PCURVE('',#11097,#11137);
#11137 = DEFINITIONAL_REPRESENTATION('',(#11138),#11142);
#11138 = LINE('',#11139,#11140);
#11139 = CARTESIAN_POINT('',(0.,-0.));
#11140 = VECTOR('',#11141,1.);
#11141 = DIRECTION('',(0.,1.));
#11142 = ( GEOMETRIC_REPRESENTATION_CONTEXT(2) 
PARAMETRIC_REPRESENTATION_CONTEXT() REPRESENTATION_CONTEXT('2D SPACE',''
  ) );
#11143 = ORIENTED_EDGE('',*,*,#11144,.T.);
#11144 = EDGE_CURVE('',#11122,#11122,#11145,.T.);
#11145 = SURFACE_CURVE('',#11146,(#11151,#11158),.PCURVE_S1.);
#11146 = CIRCLE('',#11147,4.5);
#11147 = AXIS2_PLACEMENT_3D('',#11148,#11149,#11150);
#11148 = CARTESIAN_POINT('',(132.2375,-41.75,6.65));
#11149 = DIRECTION('',(0.,0.,1.));
#11150 = DIRECTION('',(1.,0.,-0.));
#11151 = PCURVE('',#11097,#11152);
#11152 = DEFINITIONAL_REPRESENTATION('',(#11153),#11157);
#11153 = LINE('',#11154,#11155);
#11154 = CARTESIAN_POINT('',(0.,0.));
#11155 = VECTOR('',#11156,1.);
#11156 = DIRECTION('',(1.,0.));
#11157 = ( GEOMETRIC_REPRESENTATION_CONTEXT(2) 
PARAMETRIC_REPRESENTATION_CONTEXT() REPRESENTATION_CONTEXT('2D SPACE',''
  ) );
#11158 = PCURVE('',#11159,#11164);
#11159 = PLANE('',#11160);
#11160 = AXIS2_PLACEMENT_3D('',#11161,#11162,#11163);
#11161 = CARTESIAN_POINT('',(132.2375,-41.75,6.65));
#11162 = DIRECTION('',(0.,0.,1.));
#11163 = DIRECTION('',(1.,0.,-0.));
#11164 = DEFINITIONAL_REPRESENTATION('',(#11165),#11169);
#11165 = CIRCLE('',#11166,4.5);
#11166 = AXIS2_PLACEMENT_2D('',#11167,#11168);
#11167 = CARTESIAN_POINT('',(0.,0.));
#11168 = DIRECTION('',(1.,0.));
#11169 = ( GEOMETRIC_REPRESENTATION_CONTEXT(2) 
PARAMETRIC_REPRESENTATION_CONTEXT() REPRESENTATION_CONTEXT('2D SPACE',''
  ) );
#11170 = ORIENTED_EDGE('',*,*,#11121,.T.);
#11171 = ADVANCED_FACE('',(#11172),#11109,.T.);
#11172 = FACE_BOUND('',#11173,.T.);
#11173 = EDGE_LOOP('',(#11174));
#11174 = ORIENTED_EDGE('',*,*,#11087,.T.);
#11175 = ADVANCED_FACE('',(#11176),#11159,.F.);
#11176 = FACE_BOUND('',#11177,.T.);
#11177 = EDGE_LOOP('',(#11178));
#11178 = ORIENTED_EDGE('',*,*,#11144,.F.);
#11179 = MANIFOLD_SOLID_BREP('',#11180);
#11180 = CLOSED_SHELL('',(#11181,#11269,#11273));
#11181 = ADVANCED_FACE('',(#11182),#11195,.T.);
#11182 = FACE_BOUND('',#11183,.T.);
#11183 = EDGE_LOOP('',(#11184,#11218,#11241,#11268));
#11184 = ORIENTED_EDGE('',*,*,#11185,.F.);
#11185 = EDGE_CURVE('',#11186,#11186,#11188,.T.);
#11186 = VERTEX_POINT('',#11187);
#11187 = CARTESIAN_POINT('',(136.7375,8.25,59.85));
#11188 = SURFACE_CURVE('',#11189,(#11194,#11206),.PCURVE_S1.);
#11189 = CIRCLE('',#11190,4.5);
#11190 = AXIS2_PLACEMENT_3D('',#11191,#11192,#11193);
#11191 = CARTESIAN_POINT('',(132.2375,8.25,59.85));
#11192 = DIRECTION('',(0.,0.,1.));
#11193 = DIRECTION('',(1.,0.,-0.));
#11194 = PCURVE('',#11195,#11200);
#11195 = CYLINDRICAL_SURFACE('',#11196,4.5);
#11196 = AXIS2_PLACEMENT_3D('',#11197,#11198,#11199);
#11197 = CARTESIAN_POINT('',(132.2375,8.25,58.65));
#11198 = DIRECTION('',(0.,0.,1.));
#11199 = DIRECTION('',(1.,0.,-0.));
#11200 = DEFINITIONAL_REPRESENTATION('',(#11201),#11205);
#11201 = LINE('',#11202,#11203);
#11202 = CARTESIAN_POINT('',(0.,1.2));
#11203 = VECTOR('',#11204,1.);
#11204 = DIRECTION('',(1.,0.));
#11205 = ( GEOMETRIC_REPRESENTATION_CONTEXT(2) 
PARAMETRIC_REPRESENTATION_CONTEXT() REPRESENTATION_CONTEXT('2D SPACE',''
  ) );
#11206 = PCURVE('',#11207,#11212);
#11207 = PLANE('',#11208);
#11208 = AXIS2_PLACEMENT_3D('',#11209,#11210,#11211);
#11209 = CARTESIAN_POINT('',(132.2375,8.25,59.85));
#11210 = DIRECTION('',(0.,0.,1.));
#11211 = DIRECTION('',(1.,0.,-0.));
#11212 = DEFINITIONAL_REPRESENTATION('',(#11213),#11217);
#11213 = CIRCLE('',#11214,4.5);
#11214 = AXIS2_PLACEMENT_2D('',#11215,#11216);
#11215 = CARTESIAN_POINT('',(0.,0.));
#11216 = DIRECTION('',(1.,0.));
#11217 = ( GEOMETRIC_REPRESENTATION_CONTEXT(2) 
PARAMETRIC_REPRESENTATION_CONTEXT() REPRESENTATION_CONTEXT('2D SPACE',''
  ) );
#11218 = ORIENTED_EDGE('',*,*,#11219,.F.);
#11219 = EDGE_CURVE('',#11220,#11186,#11222,.T.);
#11220 = VERTEX_POINT('',#11221);
#11221 = CARTESIAN_POINT('',(136.7375,8.25,58.65));
#11222 = SEAM_CURVE('',#11223,(#11227,#11234),.PCURVE_S1.);
#11223 = LINE('',#11224,#11225);
#11224 = CARTESIAN_POINT('',(136.7375,8.25,58.65));
#11225 = VECTOR('',#11226,1.);
#11226 = DIRECTION('',(0.,0.,1.));
#11227 = PCURVE('',#11195,#11228);
#11228 = DEFINITIONAL_REPRESENTATION('',(#11229),#11233);
#11229 = LINE('',#11230,#11231);
#11230 = CARTESIAN_POINT('',(6.28318530718,-0.));
#11231 = VECTOR('',#11232,1.);
#11232 = DIRECTION('',(0.,1.));
#11233 = ( GEOMETRIC_REPRESENTATION_CONTEXT(2) 
PARAMETRIC_REPRESENTATION_CONTEXT() REPRESENTATION_CONTEXT('2D SPACE',''
  ) );
#11234 = PCURVE('',#11195,#11235);
#11235 = DEFINITIONAL_REPRESENTATION('',(#11236),#11240);
#11236 = LINE('',#11237,#11238);
#11237 = CARTESIAN_POINT('',(0.,-0.));
#11238 = VECTOR('',#11239,1.);
#11239 = DIRECTION('',(0.,1.));
#11240 = ( GEOMETRIC_REPRESENTATION_CONTEXT(2) 
PARAMETRIC_REPRESENTATION_CONTEXT() REPRESENTATION_CONTEXT('2D SPACE',''
  ) );
#11241 = ORIENTED_EDGE('',*,*,#11242,.T.);
#11242 = EDGE_CURVE('',#11220,#11220,#11243,.T.);
#11243 = SURFACE_CURVE('',#11244,(#11249,#11256),.PCURVE_S1.);
#11244 = CIRCLE('',#11245,4.5);
#11245 = AXIS2_PLACEMENT_3D('',#11246,#11247,#11248);
#11246 = CARTESIAN_POINT('',(132.2375,8.25,58.65));
#11247 = DIRECTION('',(0.,0.,1.));
#11248 = DIRECTION('',(1.,0.,-0.));
#11249 = PCURVE('',#11195,#11250);
#11250 = DEFINITIONAL_REPRESENTATION('',(#11251),#11255);
#11251 = LINE('',#11252,#11253);
#11252 = CARTESIAN_POINT('',(0.,0.));
#11253 = VECTOR('',#11254,1.);
#11254 = DIRECTION('',(1.,0.));
#11255 = ( GEOMETRIC_REPRESENTATION_CONTEXT(2) 
PARAMETRIC_REPRESENTATION_CONTEXT() REPRESENTATION_CONTEXT('2D SPACE',''
  ) );
#11256 = PCURVE('',#11257,#11262);
#11257 = PLANE('',#11258);
#11258 = AXIS2_PLACEMENT_3D('',#11259,#11260,#11261);
#11259 = CARTESIAN_POINT('',(132.2375,8.25,58.65));
#11260 = DIRECTION('',(0.,0.,1.));
#11261 = DIRECTION('',(1.,0.,-0.));
#11262 = DEFINITIONAL_REPRESENTATION('',(#11263),#11267);
#11263 = CIRCLE('',#11264,4.5);
#11264 = AXIS2_PLACEMENT_2D('',#11265,#11266);
#11265 = CARTESIAN_POINT('',(0.,0.));
#11266 = DIRECTION('',(1.,0.));
#11267 = ( GEOMETRIC_REPRESENTATION_CONTEXT(2) 
PARAMETRIC_REPRESENTATION_CONTEXT() REPRESENTATION_CONTEXT('2D SPACE',''
  ) );
#11268 = ORIENTED_EDGE('',*,*,#11219,.T.);
#11269 = ADVANCED_FACE('',(#11270),#11207,.T.);
#11270 = FACE_BOUND('',#11271,.T.);
#11271 = EDGE_LOOP('',(#11272));
#11272 = ORIENTED_EDGE('',*,*,#11185,.T.);
#11273 = ADVANCED_FACE('',(#11274),#11257,.F.);
#11274 = FACE_BOUND('',#11275,.T.);
#11275 = EDGE_LOOP('',(#11276));
#11276 = ORIENTED_EDGE('',*,*,#11242,.F.);
#11277 = MANIFOLD_SOLID_BREP('',#11278);
#11278 = CLOSED_SHELL('',(#11279,#11367,#11371));
#11279 = ADVANCED_FACE('',(#11280),#11293,.T.);
#11280 = FACE_BOUND('',#11281,.T.);
#11281 = EDGE_LOOP('',(#11282,#11316,#11339,#11366));
#11282 = ORIENTED_EDGE('',*,*,#11283,.F.);
#11283 = EDGE_CURVE('',#11284,#11284,#11286,.T.);
#11284 = VERTEX_POINT('',#11285);
#11285 = CARTESIAN_POINT('',(136.7375,8.25,7.85));
#11286 = SURFACE_CURVE('',#11287,(#11292,#11304),.PCURVE_S1.);
#11287 = CIRCLE('',#11288,4.5);
#11288 = AXIS2_PLACEMENT_3D('',#11289,#11290,#11291);
#11289 = CARTESIAN_POINT('',(132.2375,8.25,7.85));
#11290 = DIRECTION('',(0.,0.,1.));
#11291 = DIRECTION('',(1.,0.,-0.));
#11292 = PCURVE('',#11293,#11298);
#11293 = CYLINDRICAL_SURFACE('',#11294,4.5);
#11294 = AXIS2_PLACEMENT_3D('',#11295,#11296,#11297);
#11295 = CARTESIAN_POINT('',(132.2375,8.25,6.65));
#11296 = DIRECTION('',(0.,0.,1.));
#11297 = DIRECTION('',(1.,0.,-0.));
#11298 = DEFINITIONAL_REPRESENTATION('',(#11299),#11303);
#11299 = LINE('',#11300,#11301);
#11300 = CARTESIAN_POINT('',(0.,1.2));
#11301 = VECTOR('',#11302,1.);
#11302 = DIRECTION('',(1.,0.));
#11303 = ( GEOMETRIC_REPRESENTATION_CONTEXT(2) 
PARAMETRIC_REPRESENTATION_CONTEXT() REPRESENTATION_CONTEXT('2D SPACE',''
  ) );
#11304 = PCURVE('',#11305,#11310);
#11305 = PLANE('',#11306);
#11306 = AXIS2_PLACEMENT_3D('',#11307,#11308,#11309);
#11307 = CARTESIAN_POINT('',(132.2375,8.25,7.85));
#11308 = DIRECTION('',(0.,0.,1.));
#11309 = DIRECTION('',(1.,0.,-0.));
#11310 = DEFINITIONAL_REPRESENTATION('',(#11311),#11315);
#11311 = CIRCLE('',#11312,4.5);
#11312 = AXIS2_PLACEMENT_2D('',#11313,#11314);
#11313 = CARTESIAN_POINT('',(0.,0.));
#11314 = DIRECTION('',(1.,0.));
#11315 = ( GEOMETRIC_REPRESENTATION_CONTEXT(2) 
PARAMETRIC_REPRESENTATION_CONTEXT() REPRESENTATION_CONTEXT('2D SPACE',''
  ) );
#11316 = ORIENTED_EDGE('',*,*,#11317,.F.);
#11317 = EDGE_CURVE('',#11318,#11284,#11320,.T.);
#11318 = VERTEX_POINT('',#11319);
#11319 = CARTESIAN_POINT('',(136.7375,8.25,6.65));
#11320 = SEAM_CURVE('',#11321,(#11325,#11332),.PCURVE_S1.);
#11321 = LINE('',#11322,#11323);
#11322 = CARTESIAN_POINT('',(136.7375,8.25,6.65));
#11323 = VECTOR('',#11324,1.);
#11324 = DIRECTION('',(0.,0.,1.));
#11325 = PCURVE('',#11293,#11326);
#11326 = DEFINITIONAL_REPRESENTATION('',(#11327),#11331);
#11327 = LINE('',#11328,#11329);
#11328 = CARTESIAN_POINT('',(6.28318530718,-0.));
#11329 = VECTOR('',#11330,1.);
#11330 = DIRECTION('',(0.,1.));
#11331 = ( GEOMETRIC_REPRESENTATION_CONTEXT(2) 
PARAMETRIC_REPRESENTATION_CONTEXT() REPRESENTATION_CONTEXT('2D SPACE',''
  ) );
#11332 = PCURVE('',#11293,#11333);
#11333 = DEFINITIONAL_REPRESENTATION('',(#11334),#11338);
#11334 = LINE('',#11335,#11336);
#11335 = CARTESIAN_POINT('',(0.,-0.));
#11336 = VECTOR('',#11337,1.);
#11337 = DIRECTION('',(0.,1.));
#11338 = ( GEOMETRIC_REPRESENTATION_CONTEXT(2) 
PARAMETRIC_REPRESENTATION_CONTEXT() REPRESENTATION_CONTEXT('2D SPACE',''
  ) );
#11339 = ORIENTED_EDGE('',*,*,#11340,.T.);
#11340 = EDGE_CURVE('',#11318,#11318,#11341,.T.);
#11341 = SURFACE_CURVE('',#11342,(#11347,#11354),.PCURVE_S1.);
#11342 = CIRCLE('',#11343,4.5);
#11343 = AXIS2_PLACEMENT_3D('',#11344,#11345,#11346);
#11344 = CARTESIAN_POINT('',(132.2375,8.25,6.65));
#11345 = DIRECTION('',(0.,0.,1.));
#11346 = DIRECTION('',(1.,0.,-0.));
#11347 = PCURVE('',#11293,#11348);
#11348 = DEFINITIONAL_REPRESENTATION('',(#11349),#11353);
#11349 = LINE('',#11350,#11351);
#11350 = CARTESIAN_POINT('',(0.,0.));
#11351 = VECTOR('',#11352,1.);
#11352 = DIRECTION('',(1.,0.));
#11353 = ( GEOMETRIC_REPRESENTATION_CONTEXT(2) 
PARAMETRIC_REPRESENTATION_CONTEXT() REPRESENTATION_CONTEXT('2D SPACE',''
  ) );
#11354 = PCURVE('',#11355,#11360);
#11355 = PLANE('',#11356);
#11356 = AXIS2_PLACEMENT_3D('',#11357,#11358,#11359);
#11357 = CARTESIAN_POINT('',(132.2375,8.25,6.65));
#11358 = DIRECTION('',(0.,0.,1.));
#11359 = DIRECTION('',(1.,0.,-0.));
#11360 = DEFINITIONAL_REPRESENTATION('',(#11361),#11365);
#11361 = CIRCLE('',#11362,4.5);
#11362 = AXIS2_PLACEMENT_2D('',#11363,#11364);
#11363 = CARTESIAN_POINT('',(0.,0.));
#11364 = DIRECTION('',(1.,0.));
#11365 = ( GEOMETRIC_REPRESENTATION_CONTEXT(2) 
PARAMETRIC_REPRESENTATION_CONTEXT() REPRESENTATION_CONTEXT('2D SPACE',''
  ) );
#11366 = ORIENTED_EDGE('',*,*,#11317,.T.);
#11367 = ADVANCED_FACE('',(#11368),#11305,.T.);
#11368 = FACE_BOUND('',#11369,.T.);
#11369 = EDGE_LOOP('',(#11370));
#11370 = ORIENTED_EDGE('',*,*,#11283,.T.);
#11371 = ADVANCED_FACE('',(#11372),#11355,.F.);
#11372 = FACE_BOUND('',#11373,.T.);
#11373 = EDGE_LOOP('',(#11374));
#11374 = ORIENTED_EDGE('',*,*,#11340,.F.);
#11375 = MANIFOLD_SOLID_BREP('',#11376);
#11376 = CLOSED_SHELL('',(#11377,#11465,#11469));
#11377 = ADVANCED_FACE('',(#11378),#11391,.T.);
#11378 = FACE_BOUND('',#11379,.T.);
#11379 = EDGE_LOOP('',(#11380,#11414,#11437,#11464));
#11380 = ORIENTED_EDGE('',*,*,#11381,.F.);
#11381 = EDGE_CURVE('',#11382,#11382,#11384,.T.);
#11382 = VERTEX_POINT('',#11383);
#11383 = CARTESIAN_POINT('',(136.7375,58.25,59.85));
#11384 = SURFACE_CURVE('',#11385,(#11390,#11402),.PCURVE_S1.);
#11385 = CIRCLE('',#11386,4.5);
#11386 = AXIS2_PLACEMENT_3D('',#11387,#11388,#11389);
#11387 = CARTESIAN_POINT('',(132.2375,58.25,59.85));
#11388 = DIRECTION('',(0.,0.,1.));
#11389 = DIRECTION('',(1.,0.,-0.));
#11390 = PCURVE('',#11391,#11396);
#11391 = CYLINDRICAL_SURFACE('',#11392,4.5);
#11392 = AXIS2_PLACEMENT_3D('',#11393,#11394,#11395);
#11393 = CARTESIAN_POINT('',(132.2375,58.25,58.65));
#11394 = DIRECTION('',(0.,0.,1.));
#11395 = DIRECTION('',(1.,0.,-0.));
#11396 = DEFINITIONAL_REPRESENTATION('',(#11397),#11401);
#11397 = LINE('',#11398,#11399);
#11398 = CARTESIAN_POINT('',(0.,1.2));
#11399 = VECTOR('',#11400,1.);
#11400 = DIRECTION('',(1.,0.));
#11401 = ( GEOMETRIC_REPRESENTATION_CONTEXT(2) 
PARAMETRIC_REPRESENTATION_CONTEXT() REPRESENTATION_CONTEXT('2D SPACE',''
  ) );
#11402 = PCURVE('',#11403,#11408);
#11403 = PLANE('',#11404);
#11404 = AXIS2_PLACEMENT_3D('',#11405,#11406,#11407);
#11405 = CARTESIAN_POINT('',(132.2375,58.25,59.85));
#11406 = DIRECTION('',(0.,0.,1.));
#11407 = DIRECTION('',(1.,0.,-0.));
#11408 = DEFINITIONAL_REPRESENTATION('',(#11409),#11413);
#11409 = CIRCLE('',#11410,4.5);
#11410 = AXIS2_PLACEMENT_2D('',#11411,#11412);
#11411 = CARTESIAN_POINT('',(0.,0.));
#11412 = DIRECTION('',(1.,0.));
#11413 = ( GEOMETRIC_REPRESENTATION_CONTEXT(2) 
PARAMETRIC_REPRESENTATION_CONTEXT() REPRESENTATION_CONTEXT('2D SPACE',''
  ) );
#11414 = ORIENTED_EDGE('',*,*,#11415,.F.);
#11415 = EDGE_CURVE('',#11416,#11382,#11418,.T.);
#11416 = VERTEX_POINT('',#11417);
#11417 = CARTESIAN_POINT('',(136.7375,58.25,58.65));
#11418 = SEAM_CURVE('',#11419,(#11423,#11430),.PCURVE_S1.);
#11419 = LINE('',#11420,#11421);
#11420 = CARTESIAN_POINT('',(136.7375,58.25,58.65));
#11421 = VECTOR('',#11422,1.);
#11422 = DIRECTION('',(0.,0.,1.));
#11423 = PCURVE('',#11391,#11424);
#11424 = DEFINITIONAL_REPRESENTATION('',(#11425),#11429);
#11425 = LINE('',#11426,#11427);
#11426 = CARTESIAN_POINT('',(6.28318530718,-0.));
#11427 = VECTOR('',#11428,1.);
#11428 = DIRECTION('',(0.,1.));
#11429 = ( GEOMETRIC_REPRESENTATION_CONTEXT(2) 
PARAMETRIC_REPRESENTATION_CONTEXT() REPRESENTATION_CONTEXT('2D SPACE',''
  ) );
#11430 = PCURVE('',#11391,#11431);
#11431 = DEFINITIONAL_REPRESENTATION('',(#11432),#11436);
#11432 = LINE('',#11433,#11434);
#11433 = CARTESIAN_POINT('',(0.,-0.));
#11434 = VECTOR('',#11435,1.);
#11435 = DIRECTION('',(0.,1.));
#11436 = ( GEOMETRIC_REPRESENTATION_CONTEXT(2) 
PARAMETRIC_REPRESENTATION_CONTEXT() REPRESENTATION_CONTEXT('2D SPACE',''
  ) );
#11437 = ORIENTED_EDGE('',*,*,#11438,.T.);
#11438 = EDGE_CURVE('',#11416,#11416,#11439,.T.);
#11439 = SURFACE_CURVE('',#11440,(#11445,#11452),.PCURVE_S1.);
#11440 = CIRCLE('',#11441,4.5);
#11441 = AXIS2_PLACEMENT_3D('',#11442,#11443,#11444);
#11442 = CARTESIAN_POINT('',(132.2375,58.25,58.65));
#11443 = DIRECTION('',(0.,0.,1.));
#11444 = DIRECTION('',(1.,0.,-0.));
#11445 = PCURVE('',#11391,#11446);
#11446 = DEFINITIONAL_REPRESENTATION('',(#11447),#11451);
#11447 = LINE('',#11448,#11449);
#11448 = CARTESIAN_POINT('',(0.,0.));
#11449 = VECTOR('',#11450,1.);
#11450 = DIRECTION('',(1.,0.));
#11451 = ( GEOMETRIC_REPRESENTATION_CONTEXT(2) 
PARAMETRIC_REPRESENTATION_CONTEXT() REPRESENTATION_CONTEXT('2D SPACE',''
  ) );
#11452 = PCURVE('',#11453,#11458);
#11453 = PLANE('',#11454);
#11454 = AXIS2_PLACEMENT_3D('',#11455,#11456,#11457);
#11455 = CARTESIAN_POINT('',(132.2375,58.25,58.65));
#11456 = DIRECTION('',(0.,0.,1.));
#11457 = DIRECTION('',(1.,0.,-0.));
#11458 = DEFINITIONAL_REPRESENTATION('',(#11459),#11463);
#11459 = CIRCLE('',#11460,4.5);
#11460 = AXIS2_PLACEMENT_2D('',#11461,#11462);
#11461 = CARTESIAN_POINT('',(0.,0.));
#11462 = DIRECTION('',(1.,0.));
#11463 = ( GEOMETRIC_REPRESENTATION_CONTEXT(2) 
PARAMETRIC_REPRESENTATION_CONTEXT() REPRESENTATION_CONTEXT('2D SPACE',''
  ) );
#11464 = ORIENTED_EDGE('',*,*,#11415,.T.);
#11465 = ADVANCED_FACE('',(#11466),#11403,.T.);
#11466 = FACE_BOUND('',#11467,.T.);
#11467 = EDGE_LOOP('',(#11468));
#11468 = ORIENTED_EDGE('',*,*,#11381,.T.);
#11469 = ADVANCED_FACE('',(#11470),#11453,.F.);
#11470 = FACE_BOUND('',#11471,.T.);
#11471 = EDGE_LOOP('',(#11472));
#11472 = ORIENTED_EDGE('',*,*,#11438,.F.);
#11473 = MANIFOLD_SOLID_BREP('',#11474);
#11474 = CLOSED_SHELL('',(#11475,#11563,#11567));
#11475 = ADVANCED_FACE('',(#11476),#11489,.T.);
#11476 = FACE_BOUND('',#11477,.T.);
#11477 = EDGE_LOOP('',(#11478,#11512,#11535,#11562));
#11478 = ORIENTED_EDGE('',*,*,#11479,.F.);
#11479 = EDGE_CURVE('',#11480,#11480,#11482,.T.);
#11480 = VERTEX_POINT('',#11481);
#11481 = CARTESIAN_POINT('',(136.7375,58.25,7.85));
#11482 = SURFACE_CURVE('',#11483,(#11488,#11500),.PCURVE_S1.);
#11483 = CIRCLE('',#11484,4.5);
#11484 = AXIS2_PLACEMENT_3D('',#11485,#11486,#11487);
#11485 = CARTESIAN_POINT('',(132.2375,58.25,7.85));
#11486 = DIRECTION('',(0.,0.,1.));
#11487 = DIRECTION('',(1.,0.,-0.));
#11488 = PCURVE('',#11489,#11494);
#11489 = CYLINDRICAL_SURFACE('',#11490,4.5);
#11490 = AXIS2_PLACEMENT_3D('',#11491,#11492,#11493);
#11491 = CARTESIAN_POINT('',(132.2375,58.25,6.65));
#11492 = DIRECTION('',(0.,0.,1.));
#11493 = DIRECTION('',(1.,0.,-0.));
#11494 = DEFINITIONAL_REPRESENTATION('',(#11495),#11499);
#11495 = LINE('',#11496,#11497);
#11496 = CARTESIAN_POINT('',(0.,1.2));
#11497 = VECTOR('',#11498,1.);
#11498 = DIRECTION('',(1.,0.));
#11499 = ( GEOMETRIC_REPRESENTATION_CONTEXT(2) 
PARAMETRIC_REPRESENTATION_CONTEXT() REPRESENTATION_CONTEXT('2D SPACE',''
  ) );
#11500 = PCURVE('',#11501,#11506);
#11501 = PLANE('',#11502);
#11502 = AXIS2_PLACEMENT_3D('',#11503,#11504,#11505);
#11503 = CARTESIAN_POINT('',(132.2375,58.25,7.85));
#11504 = DIRECTION('',(0.,0.,1.));
#11505 = DIRECTION('',(1.,0.,-0.));
#11506 = DEFINITIONAL_REPRESENTATION('',(#11507),#11511);
#11507 = CIRCLE('',#11508,4.5);
#11508 = AXIS2_PLACEMENT_2D('',#11509,#11510);
#11509 = CARTESIAN_POINT('',(0.,0.));
#11510 = DIRECTION('',(1.,0.));
#11511 = ( GEOMETRIC_REPRESENTATION_CONTEXT(2) 
PARAMETRIC_REPRESENTATION_CONTEXT() REPRESENTATION_CONTEXT('2D SPACE',''
  ) );
#11512 = ORIENTED_EDGE('',*,*,#11513,.F.);
#11513 = EDGE_CURVE('',#11514,#11480,#11516,.T.);
#11514 = VERTEX_POINT('',#11515);
#11515 = CARTESIAN_POINT('',(136.7375,58.25,6.65));
#11516 = SEAM_CURVE('',#11517,(#11521,#11528),.PCURVE_S1.);
#11517 = LINE('',#11518,#11519);
#11518 = CARTESIAN_POINT('',(136.7375,58.25,6.65));
#11519 = VECTOR('',#11520,1.);
#11520 = DIRECTION('',(0.,0.,1.));
#11521 = PCURVE('',#11489,#11522);
#11522 = DEFINITIONAL_REPRESENTATION('',(#11523),#11527);
#11523 = LINE('',#11524,#11525);
#11524 = CARTESIAN_POINT('',(6.28318530718,-0.));
#11525 = VECTOR('',#11526,1.);
#11526 = DIRECTION('',(0.,1.));
#11527 = ( GEOMETRIC_REPRESENTATION_CONTEXT(2) 
PARAMETRIC_REPRESENTATION_CONTEXT() REPRESENTATION_CONTEXT('2D SPACE',''
  ) );
#11528 = PCURVE('',#11489,#11529);
#11529 = DEFINITIONAL_REPRESENTATION('',(#11530),#11534);
#11530 = LINE('',#11531,#11532);
#11531 = CARTESIAN_POINT('',(0.,-0.));
#11532 = VECTOR('',#11533,1.);
#11533 = DIRECTION('',(0.,1.));
#11534 = ( GEOMETRIC_REPRESENTATION_CONTEXT(2) 
PARAMETRIC_REPRESENTATION_CONTEXT() REPRESENTATION_CONTEXT('2D SPACE',''
  ) );
#11535 = ORIENTED_EDGE('',*,*,#11536,.T.);
#11536 = EDGE_CURVE('',#11514,#11514,#11537,.T.);
#11537 = SURFACE_CURVE('',#11538,(#11543,#11550),.PCURVE_S1.);
#11538 = CIRCLE('',#11539,4.5);
#11539 = AXIS2_PLACEMENT_3D('',#11540,#11541,#11542);
#11540 = CARTESIAN_POINT('',(132.2375,58.25,6.65));
#11541 = DIRECTION('',(0.,0.,1.));
#11542 = DIRECTION('',(1.,0.,-0.));
#11543 = PCURVE('',#11489,#11544);
#11544 = DEFINITIONAL_REPRESENTATION('',(#11545),#11549);
#11545 = LINE('',#11546,#11547);
#11546 = CARTESIAN_POINT('',(0.,0.));
#11547 = VECTOR('',#11548,1.);
#11548 = DIRECTION('',(1.,0.));
#11549 = ( GEOMETRIC_REPRESENTATION_CONTEXT(2) 
PARAMETRIC_REPRESENTATION_CONTEXT() REPRESENTATION_CONTEXT('2D SPACE',''
  ) );
#11550 = PCURVE('',#11551,#11556);
#11551 = PLANE('',#11552);
#11552 = AXIS2_PLACEMENT_3D('',#11553,#11554,#11555);
#11553 = CARTESIAN_POINT('',(132.2375,58.25,6.65));
#11554 = DIRECTION('',(0.,0.,1.));
#11555 = DIRECTION('',(1.,0.,-0.));
#11556 = DEFINITIONAL_REPRESENTATION('',(#11557),#11561);
#11557 = CIRCLE('',#11558,4.5);
#11558 = AXIS2_PLACEMENT_2D('',#11559,#11560);
#11559 = CARTESIAN_POINT('',(0.,0.));
#11560 = DIRECTION('',(1.,0.));
#11561 = ( GEOMETRIC_REPRESENTATION_CONTEXT(2) 
PARAMETRIC_REPRESENTATION_CONTEXT() REPRESENTATION_CONTEXT('2D SPACE',''
  ) );
#11562 = ORIENTED_EDGE('',*,*,#11513,.T.);
#11563 = ADVANCED_FACE('',(#11564),#11501,.T.);
#11564 = FACE_BOUND('',#11565,.T.);
#11565 = EDGE_LOOP('',(#11566));
#11566 = ORIENTED_EDGE('',*,*,#11479,.T.);
#11567 = ADVANCED_FACE('',(#11568),#11551,.F.);
#11568 = FACE_BOUND('',#11569,.T.);
#11569 = EDGE_LOOP('',(#11570));
#11570 = ORIENTED_EDGE('',*,*,#11536,.F.);
#11571 = ( GEOMETRIC_REPRESENTATION_CONTEXT(3) 
GLOBAL_UNCERTAINTY_ASSIGNED_CONTEXT((#11575)) 
GLOBAL_UNIT_ASSIGNED_CONTEXT((#11572,#11573,#11574)) 
REPRESENTATION_CONTEXT('Context #1',
  '3D Context with UNIT and UNCERTAINTY') );
#11572 = ( LENGTH_UNIT() NAMED_UNIT(*) SI_UNIT(.MILLI.,.METRE.) );
#11573 = ( NAMED_UNIT(*) PLANE_ANGLE_UNIT() SI_UNIT($,.RADIAN.) );
#11574 = ( NAMED_UNIT(*) SI_UNIT($,.STERADIAN.) SOLID_ANGLE_UNIT() );
#11575 = UNCERTAINTY_MEASURE_WITH_UNIT(LENGTH_MEASURE(1.E-07),#11572,
  'distance_accuracy_value','confusion accuracy');
#11576 = CONTEXT_DEPENDENT_SHAPE_REPRESENTATION(#11577,#11579);
#11577 = ( REPRESENTATION_RELATIONSHIP('','',#10394,#36) 
REPRESENTATION_RELATIONSHIP_WITH_TRANSFORMATION(#11578) 
SHAPE_REPRESENTATION_RELATIONSHIP() );
#11578 = ITEM_DEFINED_TRANSFORMATION('','',#11,#57);
#11579 = PRODUCT_DEFINITION_SHAPE('Placement','Placement of an item',
  #11580);
#11580 = NEXT_ASSEMBLY_USAGE_OCCURRENCE('6','=>[0:1:1:8]','',#31,#10389,
  $);
#11581 = PRODUCT_RELATED_PRODUCT_CATEGORY('part',$,(#10391));
#11582 = SHAPE_DEFINITION_REPRESENTATION(#11583,#11589);
#11583 = PRODUCT_DEFINITION_SHAPE('','',#11584);
#11584 = PRODUCT_DEFINITION('design','',#11585,#11588);
#11585 = PRODUCT_DEFINITION_FORMATION('','',#11586);
#11586 = PRODUCT('COMPOUND','COMPOUND','',(#11587));
#11587 = PRODUCT_CONTEXT('',#2,'mechanical');
#11588 = PRODUCT_DEFINITION_CONTEXT('part definition',#2,'design');
#11589 = ADVANCED_BREP_SHAPE_REPRESENTATION('',(#11,#11590),#11688);
#11590 = MANIFOLD_SOLID_BREP('',#11591);
#11591 = CLOSED_SHELL('',(#11592,#11680,#11684));
#11592 = ADVANCED_FACE('',(#11593),#11606,.T.);
#11593 = FACE_BOUND('',#11594,.T.);
#11594 = EDGE_LOOP('',(#11595,#11629,#11652,#11679));
#11595 = ORIENTED_EDGE('',*,*,#11596,.F.);
#11596 = EDGE_CURVE('',#11597,#11597,#11599,.T.);
#11597 = VERTEX_POINT('',#11598);
#11598 = CARTESIAN_POINT('',(15.2,-3.722926269408E-15,5.));
#11599 = SURFACE_CURVE('',#11600,(#11605,#11617),.PCURVE_S1.);
#11600 = CIRCLE('',#11601,15.2);
#11601 = AXIS2_PLACEMENT_3D('',#11602,#11603,#11604);
#11602 = CARTESIAN_POINT('',(0.,0.,5.));
#11603 = DIRECTION('',(0.,0.,1.));
#11604 = DIRECTION('',(1.,0.,-0.));
#11605 = PCURVE('',#11606,#11611);
#11606 = CYLINDRICAL_SURFACE('',#11607,15.2);
#11607 = AXIS2_PLACEMENT_3D('',#11608,#11609,#11610);
#11608 = CARTESIAN_POINT('',(0.,0.,-5.));
#11609 = DIRECTION('',(0.,0.,1.));
#11610 = DIRECTION('',(1.,0.,-0.));
#11611 = DEFINITIONAL_REPRESENTATION('',(#11612),#11616);
#11612 = LINE('',#11613,#11614);
#11613 = CARTESIAN_POINT('',(0.,10.));
#11614 = VECTOR('',#11615,1.);
#11615 = DIRECTION('',(1.,0.));
#11616 = ( GEOMETRIC_REPRESENTATION_CONTEXT(2) 
PARAMETRIC_REPRESENTATION_CONTEXT() REPRESENTATION_CONTEXT('2D SPACE',''
  ) );
#11617 = PCURVE('',#11618,#11623);
#11618 = PLANE('',#11619);
#11619 = AXIS2_PLACEMENT_3D('',#11620,#11621,#11622);
#11620 = CARTESIAN_POINT('',(0.,0.,5.));
#11621 = DIRECTION('',(0.,0.,1.));
#11622 = DIRECTION('',(1.,0.,-0.));
#11623 = DEFINITIONAL_REPRESENTATION('',(#11624),#11628);
#11624 = CIRCLE('',#11625,15.2);
#11625 = AXIS2_PLACEMENT_2D('',#11626,#11627);
#11626 = CARTESIAN_POINT('',(0.,0.));
#11627 = DIRECTION('',(1.,0.));
#11628 = ( GEOMETRIC_REPRESENTATION_CONTEXT(2) 
PARAMETRIC_REPRESENTATION_CONTEXT() REPRESENTATION_CONTEXT('2D SPACE',''
  ) );
#11629 = ORIENTED_EDGE('',*,*,#11630,.F.);
#11630 = EDGE_CURVE('',#11631,#11597,#11633,.T.);
#11631 = VERTEX_POINT('',#11632);
#11632 = CARTESIAN_POINT('',(15.2,-3.722926269408E-15,-5.));
#11633 = SEAM_CURVE('',#11634,(#11638,#11645),.PCURVE_S1.);
#11634 = LINE('',#11635,#11636);
#11635 = CARTESIAN_POINT('',(15.2,-3.722926269408E-15,-5.));
#11636 = VECTOR('',#11637,1.);
#11637 = DIRECTION('',(0.,0.,1.));
#11638 = PCURVE('',#11606,#11639);
#11639 = DEFINITIONAL_REPRESENTATION('',(#11640),#11644);
#11640 = LINE('',#11641,#11642);
#11641 = CARTESIAN_POINT('',(6.28318530718,-0.));
#11642 = VECTOR('',#11643,1.);
#11643 = DIRECTION('',(0.,1.));
#11644 = ( GEOMETRIC_REPRESENTATION_CONTEXT(2) 
PARAMETRIC_REPRESENTATION_CONTEXT() REPRESENTATION_CONTEXT('2D SPACE',''
  ) );
#11645 = PCURVE('',#11606,#11646);
#11646 = DEFINITIONAL_REPRESENTATION('',(#11647),#11651);
#11647 = LINE('',#11648,#11649);
#11648 = CARTESIAN_POINT('',(0.,-0.));
#11649 = VECTOR('',#11650,1.);
#11650 = DIRECTION('',(0.,1.));
#11651 = ( GEOMETRIC_REPRESENTATION_CONTEXT(2) 
PARAMETRIC_REPRESENTATION_CONTEXT() REPRESENTATION_CONTEXT('2D SPACE',''
  ) );
#11652 = ORIENTED_EDGE('',*,*,#11653,.T.);
#11653 = EDGE_CURVE('',#11631,#11631,#11654,.T.);
#11654 = SURFACE_CURVE('',#11655,(#11660,#11667),.PCURVE_S1.);
#11655 = CIRCLE('',#11656,15.2);
#11656 = AXIS2_PLACEMENT_3D('',#11657,#11658,#11659);
#11657 = CARTESIAN_POINT('',(0.,0.,-5.));
#11658 = DIRECTION('',(0.,0.,1.));
#11659 = DIRECTION('',(1.,0.,-0.));
#11660 = PCURVE('',#11606,#11661);
#11661 = DEFINITIONAL_REPRESENTATION('',(#11662),#11666);
#11662 = LINE('',#11663,#11664);
#11663 = CARTESIAN_POINT('',(0.,0.));
#11664 = VECTOR('',#11665,1.);
#11665 = DIRECTION('',(1.,0.));
#11666 = ( GEOMETRIC_REPRESENTATION_CONTEXT(2) 
PARAMETRIC_REPRESENTATION_CONTEXT() REPRESENTATION_CONTEXT('2D SPACE',''
  ) );
#11667 = PCURVE('',#11668,#11673);
#11668 = PLANE('',#11669);
#11669 = AXIS2_PLACEMENT_3D('',#11670,#11671,#11672);
#11670 = CARTESIAN_POINT('',(0.,0.,-5.));
#11671 = DIRECTION('',(0.,0.,1.));
#11672 = DIRECTION('',(1.,0.,-0.));
#11673 = DEFINITIONAL_REPRESENTATION('',(#11674),#11678);
#11674 = CIRCLE('',#11675,15.2);
#11675 = AXIS2_PLACEMENT_2D('',#11676,#11677);
#11676 = CARTESIAN_POINT('',(0.,0.));
#11677 = DIRECTION('',(1.,0.));
#11678 = ( GEOMETRIC_REPRESENTATION_CONTEXT(2) 
PARAMETRIC_REPRESENTATION_CONTEXT() REPRESENTATION_CONTEXT('2D SPACE',''
  ) );
#11679 = ORIENTED_EDGE('',*,*,#11630,.T.);
#11680 = ADVANCED_FACE('',(#11681),#11618,.T.);
#11681 = FACE_BOUND('',#11682,.T.);
#11682 = EDGE_LOOP('',(#11683));
#11683 = ORIENTED_EDGE('',*,*,#11596,.T.);
#11684 = ADVANCED_FACE('',(#11685),#11668,.F.);
#11685 = FACE_BOUND('',#11686,.T.);
#11686 = EDGE_LOOP('',(#11687));
#11687 = ORIENTED_EDGE('',*,*,#11653,.F.);
#11688 = ( GEOMETRIC_REPRESENTATION_CONTEXT(3) 
GLOBAL_UNCERTAINTY_ASSIGNED_CONTEXT((#11692)) 
GLOBAL_UNIT_ASSIGNED_CONTEXT((#11689,#11690,#11691)) 
REPRESENTATION_CONTEXT('Context #1',
  '3D Context with UNIT and UNCERTAINTY') );
#11689 = ( LENGTH_UNIT() NAMED_UNIT(*) SI_UNIT(.MILLI.,.METRE.) );
#11690 = ( NAMED_UNIT(*) PLANE_ANGLE_UNIT() SI_UNIT($,.RADIAN.) );
#11691 = ( NAMED_UNIT(*) SI_UNIT($,.STERADIAN.) SOLID_ANGLE_UNIT() );
#11692 = UNCERTAINTY_MEASURE_WITH_UNIT(LENGTH_MEASURE(1.E-07),#11689,
  'distance_accuracy_value','confusion accuracy');
#11693 = CONTEXT_DEPENDENT_SHAPE_REPRESENTATION(#11694,#11696);
#11694 = ( REPRESENTATION_RELATIONSHIP('','',#11589,#36) 
REPRESENTATION_RELATIONSHIP_WITH_TRANSFORMATION(#11695) 
SHAPE_REPRESENTATION_RELATIONSHIP() );
#11695 = ITEM_DEFINED_TRANSFORMATION('','',#11,#61);
#11696 = PRODUCT_DEFINITION_SHAPE('Placement','Placement of an item',
  #11697);
#11697 = NEXT_ASSEMBLY_USAGE_OCCURRENCE('7','=>[0:1:1:9]','',#31,#11584,
  $);
#11698 = PRODUCT_RELATED_PRODUCT_CATEGORY('part',$,(#11586));
#11699 = SHAPE_DEFINITION_REPRESENTATION(#11700,#11706);
#11700 = PRODUCT_DEFINITION_SHAPE('','',#11701);
#11701 = PRODUCT_DEFINITION('design','',#11702,#11705);
#11702 = PRODUCT_DEFINITION_FORMATION('','',#11703);
#11703 = PRODUCT('COMPOUND','COMPOUND','',(#11704));
#11704 = PRODUCT_CONTEXT('',#2,'mechanical');
#11705 = PRODUCT_DEFINITION_CONTEXT('part definition',#2,'design');
#11706 = SHAPE_REPRESENTATION('',(#11,#11707,#12037),#12367);
#11707 = MANIFOLD_SOLID_BREP('',#11708);
#11708 = CLOSED_SHELL('',(#11709,#11829,#11929,#11976,#12023,#12030));
#11709 = ADVANCED_FACE('',(#11710),#11724,.F.);
#11710 = FACE_BOUND('',#11711,.F.);
#11711 = EDGE_LOOP('',(#11712,#11747,#11775,#11803));
#11712 = ORIENTED_EDGE('',*,*,#11713,.F.);
#11713 = EDGE_CURVE('',#11714,#11716,#11718,.T.);
#11714 = VERTEX_POINT('',#11715);
#11715 = CARTESIAN_POINT('',(143.175,-42.,45.85));
#11716 = VERTEX_POINT('',#11717);
#11717 = CARTESIAN_POINT('',(143.175,-42.,61.85));
#11718 = SURFACE_CURVE('',#11719,(#11723,#11735),.PCURVE_S1.);
#11719 = LINE('',#11720,#11721);
#11720 = CARTESIAN_POINT('',(143.175,-42.,45.85));
#11721 = VECTOR('',#11722,1.);
#11722 = DIRECTION('',(0.,0.,1.));
#11723 = PCURVE('',#11724,#11729);
#11724 = PLANE('',#11725);
#11725 = AXIS2_PLACEMENT_3D('',#11726,#11727,#11728);
#11726 = CARTESIAN_POINT('',(143.175,-42.,45.85));
#11727 = DIRECTION('',(1.,0.,-0.));
#11728 = DIRECTION('',(0.,0.,1.));
#11729 = DEFINITIONAL_REPRESENTATION('',(#11730),#11734);
#11730 = LINE('',#11731,#11732);
#11731 = CARTESIAN_POINT('',(0.,0.));
#11732 = VECTOR('',#11733,1.);
#11733 = DIRECTION('',(1.,0.));
#11734 = ( GEOMETRIC_REPRESENTATION_CONTEXT(2) 
PARAMETRIC_REPRESENTATION_CONTEXT() REPRESENTATION_CONTEXT('2D SPACE',''
  ) );
#11735 = PCURVE('',#11736,#11741);
#11736 = PLANE('',#11737);
#11737 = AXIS2_PLACEMENT_3D('',#11738,#11739,#11740);
#11738 = CARTESIAN_POINT('',(143.175,-42.,45.85));
#11739 = DIRECTION('',(-0.,1.,0.));
#11740 = DIRECTION('',(0.,0.,1.));
#11741 = DEFINITIONAL_REPRESENTATION('',(#11742),#11746);
#11742 = LINE('',#11743,#11744);
#11743 = CARTESIAN_POINT('',(0.,0.));
#11744 = VECTOR('',#11745,1.);
#11745 = DIRECTION('',(1.,0.));
#11746 = ( GEOMETRIC_REPRESENTATION_CONTEXT(2) 
PARAMETRIC_REPRESENTATION_CONTEXT() REPRESENTATION_CONTEXT('2D SPACE',''
  ) );
#11747 = ORIENTED_EDGE('',*,*,#11748,.T.);
#11748 = EDGE_CURVE('',#11714,#11749,#11751,.T.);
#11749 = VERTEX_POINT('',#11750);
#11750 = CARTESIAN_POINT('',(143.175,-30.,45.85));
#11751 = SURFACE_CURVE('',#11752,(#11756,#11763),.PCURVE_S1.);
#11752 = LINE('',#11753,#11754);
#11753 = CARTESIAN_POINT('',(143.175,-42.,45.85));
#11754 = VECTOR('',#11755,1.);
#11755 = DIRECTION('',(-0.,1.,0.));
#11756 = PCURVE('',#11724,#11757);
#11757 = DEFINITIONAL_REPRESENTATION('',(#11758),#11762);
#11758 = LINE('',#11759,#11760);
#11759 = CARTESIAN_POINT('',(0.,0.));
#11760 = VECTOR('',#11761,1.);
#11761 = DIRECTION('',(0.,-1.));
#11762 = ( GEOMETRIC_REPRESENTATION_CONTEXT(2) 
PARAMETRIC_REPRESENTATION_CONTEXT() REPRESENTATION_CONTEXT('2D SPACE',''
  ) );
#11763 = PCURVE('',#11764,#11769);
#11764 = PLANE('',#11765);
#11765 = AXIS2_PLACEMENT_3D('',#11766,#11767,#11768);
#11766 = CARTESIAN_POINT('',(143.175,-42.,45.85));
#11767 = DIRECTION('',(0.,0.,1.));
#11768 = DIRECTION('',(1.,0.,-0.));
#11769 = DEFINITIONAL_REPRESENTATION('',(#11770),#11774);
#11770 = LINE('',#11771,#11772);
#11771 = CARTESIAN_POINT('',(0.,0.));
#11772 = VECTOR('',#11773,1.);
#11773 = DIRECTION('',(0.,1.));
#11774 = ( GEOMETRIC_REPRESENTATION_CONTEXT(2) 
PARAMETRIC_REPRESENTATION_CONTEXT() REPRESENTATION_CONTEXT('2D SPACE',''
  ) );
#11775 = ORIENTED_EDGE('',*,*,#11776,.T.);
#11776 = EDGE_CURVE('',#11749,#11777,#11779,.T.);
#11777 = VERTEX_POINT('',#11778);
#11778 = CARTESIAN_POINT('',(143.175,-30.,61.85));
#11779 = SURFACE_CURVE('',#11780,(#11784,#11791),.PCURVE_S1.);
#11780 = LINE('',#11781,#11782);
#11781 = CARTESIAN_POINT('',(143.175,-30.,45.85));
#11782 = VECTOR('',#11783,1.);
#11783 = DIRECTION('',(0.,0.,1.));
#11784 = PCURVE('',#11724,#11785);
#11785 = DEFINITIONAL_REPRESENTATION('',(#11786),#11790);
#11786 = LINE('',#11787,#11788);
#11787 = CARTESIAN_POINT('',(0.,-12.));
#11788 = VECTOR('',#11789,1.);
#11789 = DIRECTION('',(1.,0.));
#11790 = ( GEOMETRIC_REPRESENTATION_CONTEXT(2) 
PARAMETRIC_REPRESENTATION_CONTEXT() REPRESENTATION_CONTEXT('2D SPACE',''
  ) );
#11791 = PCURVE('',#11792,#11797);
#11792 = PLANE('',#11793);
#11793 = AXIS2_PLACEMENT_3D('',#11794,#11795,#11796);
#11794 = CARTESIAN_POINT('',(143.175,-30.,45.85));
#11795 = DIRECTION('',(-0.,1.,0.));
#11796 = DIRECTION('',(0.,0.,1.));
#11797 = DEFINITIONAL_REPRESENTATION('',(#11798),#11802);
#11798 = LINE('',#11799,#11800);
#11799 = CARTESIAN_POINT('',(0.,0.));
#11800 = VECTOR('',#11801,1.);
#11801 = DIRECTION('',(1.,0.));
#11802 = ( GEOMETRIC_REPRESENTATION_CONTEXT(2) 
PARAMETRIC_REPRESENTATION_CONTEXT() REPRESENTATION_CONTEXT('2D SPACE',''
  ) );
#11803 = ORIENTED_EDGE('',*,*,#11804,.F.);
#11804 = EDGE_CURVE('',#11716,#11777,#11805,.T.);
#11805 = SURFACE_CURVE('',#11806,(#11810,#11817),.PCURVE_S1.);
#11806 = LINE('',#11807,#11808);
#11807 = CARTESIAN_POINT('',(143.175,-42.,61.85));
#11808 = VECTOR('',#11809,1.);
#11809 = DIRECTION('',(-0.,1.,0.));
#11810 = PCURVE('',#11724,#11811);
#11811 = DEFINITIONAL_REPRESENTATION('',(#11812),#11816);
#11812 = LINE('',#11813,#11814);
#11813 = CARTESIAN_POINT('',(16.,0.));
#11814 = VECTOR('',#11815,1.);
#11815 = DIRECTION('',(0.,-1.));
#11816 = ( GEOMETRIC_REPRESENTATION_CONTEXT(2) 
PARAMETRIC_REPRESENTATION_CONTEXT() REPRESENTATION_CONTEXT('2D SPACE',''
  ) );
#11817 = PCURVE('',#11818,#11823);
#11818 = PLANE('',#11819);
#11819 = AXIS2_PLACEMENT_3D('',#11820,#11821,#11822);
#11820 = CARTESIAN_POINT('',(143.175,-42.,61.85));
#11821 = DIRECTION('',(0.,0.,1.));
#11822 = DIRECTION('',(1.,0.,-0.));
#11823 = DEFINITIONAL_REPRESENTATION('',(#11824),#11828);
#11824 = LINE('',#11825,#11826);
#11825 = CARTESIAN_POINT('',(0.,0.));
#11826 = VECTOR('',#11827,1.);
#11827 = DIRECTION('',(0.,1.));
#11828 = ( GEOMETRIC_REPRESENTATION_CONTEXT(2) 
PARAMETRIC_REPRESENTATION_CONTEXT() REPRESENTATION_CONTEXT('2D SPACE',''
  ) );
#11829 = ADVANCED_FACE('',(#11830),#11844,.T.);
#11830 = FACE_BOUND('',#11831,.T.);
#11831 = EDGE_LOOP('',(#11832,#11862,#11885,#11908));
#11832 = ORIENTED_EDGE('',*,*,#11833,.F.);
#11833 = EDGE_CURVE('',#11834,#11836,#11838,.T.);
#11834 = VERTEX_POINT('',#11835);
#11835 = CARTESIAN_POINT('',(146.175,-42.,45.85));
#11836 = VERTEX_POINT('',#11837);
#11837 = CARTESIAN_POINT('',(146.175,-42.,61.85));
#11838 = SURFACE_CURVE('',#11839,(#11843,#11855),.PCURVE_S1.);
#11839 = LINE('',#11840,#11841);
#11840 = CARTESIAN_POINT('',(146.175,-42.,45.85));
#11841 = VECTOR('',#11842,1.);
#11842 = DIRECTION('',(0.,0.,1.));
#11843 = PCURVE('',#11844,#11849);
#11844 = PLANE('',#11845);
#11845 = AXIS2_PLACEMENT_3D('',#11846,#11847,#11848);
#11846 = CARTESIAN_POINT('',(146.175,-42.,45.85));
#11847 = DIRECTION('',(1.,0.,-0.));
#11848 = DIRECTION('',(0.,0.,1.));
#11849 = DEFINITIONAL_REPRESENTATION('',(#11850),#11854);
#11850 = LINE('',#11851,#11852);
#11851 = CARTESIAN_POINT('',(0.,0.));
#11852 = VECTOR('',#11853,1.);
#11853 = DIRECTION('',(1.,0.));
#11854 = ( GEOMETRIC_REPRESENTATION_CONTEXT(2) 
PARAMETRIC_REPRESENTATION_CONTEXT() REPRESENTATION_CONTEXT('2D SPACE',''
  ) );
#11855 = PCURVE('',#11736,#11856);
#11856 = DEFINITIONAL_REPRESENTATION('',(#11857),#11861);
#11857 = LINE('',#11858,#11859);
#11858 = CARTESIAN_POINT('',(0.,3.));
#11859 = VECTOR('',#11860,1.);
#11860 = DIRECTION('',(1.,0.));
#11861 = ( GEOMETRIC_REPRESENTATION_CONTEXT(2) 
PARAMETRIC_REPRESENTATION_CONTEXT() REPRESENTATION_CONTEXT('2D SPACE',''
  ) );
#11862 = ORIENTED_EDGE('',*,*,#11863,.T.);
#11863 = EDGE_CURVE('',#11834,#11864,#11866,.T.);
#11864 = VERTEX_POINT('',#11865);
#11865 = CARTESIAN_POINT('',(146.175,-30.,45.85));
#11866 = SURFACE_CURVE('',#11867,(#11871,#11878),.PCURVE_S1.);
#11867 = LINE('',#11868,#11869);
#11868 = CARTESIAN_POINT('',(146.175,-42.,45.85));
#11869 = VECTOR('',#11870,1.);
#11870 = DIRECTION('',(-0.,1.,0.));
#11871 = PCURVE('',#11844,#11872);
#11872 = DEFINITIONAL_REPRESENTATION('',(#11873),#11877);
#11873 = LINE('',#11874,#11875);
#11874 = CARTESIAN_POINT('',(0.,0.));
#11875 = VECTOR('',#11876,1.);
#11876 = DIRECTION('',(0.,-1.));
#11877 = ( GEOMETRIC_REPRESENTATION_CONTEXT(2) 
PARAMETRIC_REPRESENTATION_CONTEXT() REPRESENTATION_CONTEXT('2D SPACE',''
  ) );
#11878 = PCURVE('',#11764,#11879);
#11879 = DEFINITIONAL_REPRESENTATION('',(#11880),#11884);
#11880 = LINE('',#11881,#11882);
#11881 = CARTESIAN_POINT('',(3.,0.));
#11882 = VECTOR('',#11883,1.);
#11883 = DIRECTION('',(0.,1.));
#11884 = ( GEOMETRIC_REPRESENTATION_CONTEXT(2) 
PARAMETRIC_REPRESENTATION_CONTEXT() REPRESENTATION_CONTEXT('2D SPACE',''
  ) );
#11885 = ORIENTED_EDGE('',*,*,#11886,.T.);
#11886 = EDGE_CURVE('',#11864,#11887,#11889,.T.);
#11887 = VERTEX_POINT('',#11888);
#11888 = CARTESIAN_POINT('',(146.175,-30.,61.85));
#11889 = SURFACE_CURVE('',#11890,(#11894,#11901),.PCURVE_S1.);
#11890 = LINE('',#11891,#11892);
#11891 = CARTESIAN_POINT('',(146.175,-30.,45.85));
#11892 = VECTOR('',#11893,1.);
#11893 = DIRECTION('',(0.,0.,1.));
#11894 = PCURVE('',#11844,#11895);
#11895 = DEFINITIONAL_REPRESENTATION('',(#11896),#11900);
#11896 = LINE('',#11897,#11898);
#11897 = CARTESIAN_POINT('',(0.,-12.));
#11898 = VECTOR('',#11899,1.);
#11899 = DIRECTION('',(1.,0.));
#11900 = ( GEOMETRIC_REPRESENTATION_CONTEXT(2) 
PARAMETRIC_REPRESENTATION_CONTEXT() REPRESENTATION_CONTEXT('2D SPACE',''
  ) );
#11901 = PCURVE('',#11792,#11902);
#11902 = DEFINITIONAL_REPRESENTATION('',(#11903),#11907);
#11903 = LINE('',#11904,#11905);
#11904 = CARTESIAN_POINT('',(0.,3.));
#11905 = VECTOR('',#11906,1.);
#11906 = DIRECTION('',(1.,0.));
#11907 = ( GEOMETRIC_REPRESENTATION_CONTEXT(2) 
PARAMETRIC_REPRESENTATION_CONTEXT() REPRESENTATION_CONTEXT('2D SPACE',''
  ) );
#11908 = ORIENTED_EDGE('',*,*,#11909,.F.);
#11909 = EDGE_CURVE('',#11836,#11887,#11910,.T.);
#11910 = SURFACE_CURVE('',#11911,(#11915,#11922),.PCURVE_S1.);
#11911 = LINE('',#11912,#11913);
#11912 = CARTESIAN_POINT('',(146.175,-42.,61.85));
#11913 = VECTOR('',#11914,1.);
#11914 = DIRECTION('',(-0.,1.,0.));
#11915 = PCURVE('',#11844,#11916);
#11916 = DEFINITIONAL_REPRESENTATION('',(#11917),#11921);
#11917 = LINE('',#11918,#11919);
#11918 = CARTESIAN_POINT('',(16.,0.));
#11919 = VECTOR('',#11920,1.);
#11920 = DIRECTION('',(0.,-1.));
#11921 = ( GEOMETRIC_REPRESENTATION_CONTEXT(2) 
PARAMETRIC_REPRESENTATION_CONTEXT() REPRESENTATION_CONTEXT('2D SPACE',''
  ) );
#11922 = PCURVE('',#11818,#11923);
#11923 = DEFINITIONAL_REPRESENTATION('',(#11924),#11928);
#11924 = LINE('',#11925,#11926);
#11925 = CARTESIAN_POINT('',(3.,0.));
#11926 = VECTOR('',#11927,1.);
#11927 = DIRECTION('',(0.,1.));
#11928 = ( GEOMETRIC_REPRESENTATION_CONTEXT(2) 
PARAMETRIC_REPRESENTATION_CONTEXT() REPRESENTATION_CONTEXT('2D SPACE',''
  ) );
#11929 = ADVANCED_FACE('',(#11930),#11736,.F.);
#11930 = FACE_BOUND('',#11931,.F.);
#11931 = EDGE_LOOP('',(#11932,#11953,#11954,#11975));
#11932 = ORIENTED_EDGE('',*,*,#11933,.F.);
#11933 = EDGE_CURVE('',#11714,#11834,#11934,.T.);
#11934 = SURFACE_CURVE('',#11935,(#11939,#11946),.PCURVE_S1.);
#11935 = LINE('',#11936,#11937);
#11936 = CARTESIAN_POINT('',(143.175,-42.,45.85));
#11937 = VECTOR('',#11938,1.);
#11938 = DIRECTION('',(1.,0.,-0.));
#11939 = PCURVE('',#11736,#11940);
#11940 = DEFINITIONAL_REPRESENTATION('',(#11941),#11945);
#11941 = LINE('',#11942,#11943);
#11942 = CARTESIAN_POINT('',(0.,0.));
#11943 = VECTOR('',#11944,1.);
#11944 = DIRECTION('',(0.,1.));
#11945 = ( GEOMETRIC_REPRESENTATION_CONTEXT(2) 
PARAMETRIC_REPRESENTATION_CONTEXT() REPRESENTATION_CONTEXT('2D SPACE',''
  ) );
#11946 = PCURVE('',#11764,#11947);
#11947 = DEFINITIONAL_REPRESENTATION('',(#11948),#11952);
#11948 = LINE('',#11949,#11950);
#11949 = CARTESIAN_POINT('',(0.,0.));
#11950 = VECTOR('',#11951,1.);
#11951 = DIRECTION('',(1.,0.));
#11952 = ( GEOMETRIC_REPRESENTATION_CONTEXT(2) 
PARAMETRIC_REPRESENTATION_CONTEXT() REPRESENTATION_CONTEXT('2D SPACE',''
  ) );
#11953 = ORIENTED_EDGE('',*,*,#11713,.T.);
#11954 = ORIENTED_EDGE('',*,*,#11955,.T.);
#11955 = EDGE_CURVE('',#11716,#11836,#11956,.T.);
#11956 = SURFACE_CURVE('',#11957,(#11961,#11968),.PCURVE_S1.);
#11957 = LINE('',#11958,#11959);
#11958 = CARTESIAN_POINT('',(143.175,-42.,61.85));
#11959 = VECTOR('',#11960,1.);
#11960 = DIRECTION('',(1.,0.,-0.));
#11961 = PCURVE('',#11736,#11962);
#11962 = DEFINITIONAL_REPRESENTATION('',(#11963),#11967);
#11963 = LINE('',#11964,#11965);
#11964 = CARTESIAN_POINT('',(16.,0.));
#11965 = VECTOR('',#11966,1.);
#11966 = DIRECTION('',(0.,1.));
#11967 = ( GEOMETRIC_REPRESENTATION_CONTEXT(2) 
PARAMETRIC_REPRESENTATION_CONTEXT() REPRESENTATION_CONTEXT('2D SPACE',''
  ) );
#11968 = PCURVE('',#11818,#11969);
#11969 = DEFINITIONAL_REPRESENTATION('',(#11970),#11974);
#11970 = LINE('',#11971,#11972);
#11971 = CARTESIAN_POINT('',(0.,0.));
#11972 = VECTOR('',#11973,1.);
#11973 = DIRECTION('',(1.,0.));
#11974 = ( GEOMETRIC_REPRESENTATION_CONTEXT(2) 
PARAMETRIC_REPRESENTATION_CONTEXT() REPRESENTATION_CONTEXT('2D SPACE',''
  ) );
#11975 = ORIENTED_EDGE('',*,*,#11833,.F.);
#11976 = ADVANCED_FACE('',(#11977),#11792,.T.);
#11977 = FACE_BOUND('',#11978,.T.);
#11978 = EDGE_LOOP('',(#11979,#12000,#12001,#12022));
#11979 = ORIENTED_EDGE('',*,*,#11980,.F.);
#11980 = EDGE_CURVE('',#11749,#11864,#11981,.T.);
#11981 = SURFACE_CURVE('',#11982,(#11986,#11993),.PCURVE_S1.);
#11982 = LINE('',#11983,#11984);
#11983 = CARTESIAN_POINT('',(143.175,-30.,45.85));
#11984 = VECTOR('',#11985,1.);
#11985 = DIRECTION('',(1.,0.,-0.));
#11986 = PCURVE('',#11792,#11987);
#11987 = DEFINITIONAL_REPRESENTATION('',(#11988),#11992);
#11988 = LINE('',#11989,#11990);
#11989 = CARTESIAN_POINT('',(0.,0.));
#11990 = VECTOR('',#11991,1.);
#11991 = DIRECTION('',(0.,1.));
#11992 = ( GEOMETRIC_REPRESENTATION_CONTEXT(2) 
PARAMETRIC_REPRESENTATION_CONTEXT() REPRESENTATION_CONTEXT('2D SPACE',''
  ) );
#11993 = PCURVE('',#11764,#11994);
#11994 = DEFINITIONAL_REPRESENTATION('',(#11995),#11999);
#11995 = LINE('',#11996,#11997);
#11996 = CARTESIAN_POINT('',(0.,12.));
#11997 = VECTOR('',#11998,1.);
#11998 = DIRECTION('',(1.,0.));
#11999 = ( GEOMETRIC_REPRESENTATION_CONTEXT(2) 
PARAMETRIC_REPRESENTATION_CONTEXT() REPRESENTATION_CONTEXT('2D SPACE',''
  ) );
#12000 = ORIENTED_EDGE('',*,*,#11776,.T.);
#12001 = ORIENTED_EDGE('',*,*,#12002,.T.);
#12002 = EDGE_CURVE('',#11777,#11887,#12003,.T.);
#12003 = SURFACE_CURVE('',#12004,(#12008,#12015),.PCURVE_S1.);
#12004 = LINE('',#12005,#12006);
#12005 = CARTESIAN_POINT('',(143.175,-30.,61.85));
#12006 = VECTOR('',#12007,1.);
#12007 = DIRECTION('',(1.,0.,-0.));
#12008 = PCURVE('',#11792,#12009);
#12009 = DEFINITIONAL_REPRESENTATION('',(#12010),#12014);
#12010 = LINE('',#12011,#12012);
#12011 = CARTESIAN_POINT('',(16.,0.));
#12012 = VECTOR('',#12013,1.);
#12013 = DIRECTION('',(0.,1.));
#12014 = ( GEOMETRIC_REPRESENTATION_CONTEXT(2) 
PARAMETRIC_REPRESENTATION_CONTEXT() REPRESENTATION_CONTEXT('2D SPACE',''
  ) );
#12015 = PCURVE('',#11818,#12016);
#12016 = DEFINITIONAL_REPRESENTATION('',(#12017),#12021);
#12017 = LINE('',#12018,#12019);
#12018 = CARTESIAN_POINT('',(0.,12.));
#12019 = VECTOR('',#12020,1.);
#12020 = DIRECTION('',(1.,0.));
#12021 = ( GEOMETRIC_REPRESENTATION_CONTEXT(2) 
PARAMETRIC_REPRESENTATION_CONTEXT() REPRESENTATION_CONTEXT('2D SPACE',''
  ) );
#12022 = ORIENTED_EDGE('',*,*,#11886,.F.);
#12023 = ADVANCED_FACE('',(#12024),#11764,.F.);
#12024 = FACE_BOUND('',#12025,.F.);
#12025 = EDGE_LOOP('',(#12026,#12027,#12028,#12029));
#12026 = ORIENTED_EDGE('',*,*,#11748,.F.);
#12027 = ORIENTED_EDGE('',*,*,#11933,.T.);
#12028 = ORIENTED_EDGE('',*,*,#11863,.T.);
#12029 = ORIENTED_EDGE('',*,*,#11980,.F.);
#12030 = ADVANCED_FACE('',(#12031),#11818,.T.);
#12031 = FACE_BOUND('',#12032,.T.);
#12032 = EDGE_LOOP('',(#12033,#12034,#12035,#12036));
#12033 = ORIENTED_EDGE('',*,*,#11804,.F.);
#12034 = ORIENTED_EDGE('',*,*,#11955,.T.);
#12035 = ORIENTED_EDGE('',*,*,#11909,.T.);
#12036 = ORIENTED_EDGE('',*,*,#12002,.F.);
#12037 = MANIFOLD_SOLID_BREP('',#12038);
#12038 = CLOSED_SHELL('',(#12039,#12159,#12259,#12306,#12353,#12360));
#12039 = ADVANCED_FACE('',(#12040),#12054,.F.);
#12040 = FACE_BOUND('',#12041,.F.);
#12041 = EDGE_LOOP('',(#12042,#12077,#12105,#12133));
#12042 = ORIENTED_EDGE('',*,*,#12043,.F.);
#12043 = EDGE_CURVE('',#12044,#12046,#12048,.T.);
#12044 = VERTEX_POINT('',#12045);
#12045 = CARTESIAN_POINT('',(143.175,30.,45.85));
#12046 = VERTEX_POINT('',#12047);
#12047 = CARTESIAN_POINT('',(143.175,30.,61.85));
#12048 = SURFACE_CURVE('',#12049,(#12053,#12065),.PCURVE_S1.);
#12049 = LINE('',#12050,#12051);
#12050 = CARTESIAN_POINT('',(143.175,30.,45.85));
#12051 = VECTOR('',#12052,1.);
#12052 = DIRECTION('',(0.,0.,1.));
#12053 = PCURVE('',#12054,#12059);
#12054 = PLANE('',#12055);
#12055 = AXIS2_PLACEMENT_3D('',#12056,#12057,#12058);
#12056 = CARTESIAN_POINT('',(143.175,30.,45.85));
#12057 = DIRECTION('',(1.,0.,-0.));
#12058 = DIRECTION('',(0.,0.,1.));
#12059 = DEFINITIONAL_REPRESENTATION('',(#12060),#12064);
#12060 = LINE('',#12061,#12062);
#12061 = CARTESIAN_POINT('',(0.,0.));
#12062 = VECTOR('',#12063,1.);
#12063 = DIRECTION('',(1.,0.));
#12064 = ( GEOMETRIC_REPRESENTATION_CONTEXT(2) 
PARAMETRIC_REPRESENTATION_CONTEXT() REPRESENTATION_CONTEXT('2D SPACE',''
  ) );
#12065 = PCURVE('',#12066,#12071);
#12066 = PLANE('',#12067);
#12067 = AXIS2_PLACEMENT_3D('',#12068,#12069,#12070);
#12068 = CARTESIAN_POINT('',(143.175,30.,45.85));
#12069 = DIRECTION('',(-0.,1.,0.));
#12070 = DIRECTION('',(0.,0.,1.));
#12071 = DEFINITIONAL_REPRESENTATION('',(#12072),#12076);
#12072 = LINE('',#12073,#12074);
#12073 = CARTESIAN_POINT('',(0.,0.));
#12074 = VECTOR('',#12075,1.);
#12075 = DIRECTION('',(1.,0.));
#12076 = ( GEOMETRIC_REPRESENTATION_CONTEXT(2) 
PARAMETRIC_REPRESENTATION_CONTEXT() REPRESENTATION_CONTEXT('2D SPACE',''
  ) );
#12077 = ORIENTED_EDGE('',*,*,#12078,.T.);
#12078 = EDGE_CURVE('',#12044,#12079,#12081,.T.);
#12079 = VERTEX_POINT('',#12080);
#12080 = CARTESIAN_POINT('',(143.175,42.,45.85));
#12081 = SURFACE_CURVE('',#12082,(#12086,#12093),.PCURVE_S1.);
#12082 = LINE('',#12083,#12084);
#12083 = CARTESIAN_POINT('',(143.175,30.,45.85));
#12084 = VECTOR('',#12085,1.);
#12085 = DIRECTION('',(-0.,1.,0.));
#12086 = PCURVE('',#12054,#12087);
#12087 = DEFINITIONAL_REPRESENTATION('',(#12088),#12092);
#12088 = LINE('',#12089,#12090);
#12089 = CARTESIAN_POINT('',(0.,0.));
#12090 = VECTOR('',#12091,1.);
#12091 = DIRECTION('',(0.,-1.));
#12092 = ( GEOMETRIC_REPRESENTATION_CONTEXT(2) 
PARAMETRIC_REPRESENTATION_CONTEXT() REPRESENTATION_CONTEXT('2D SPACE',''
  ) );
#12093 = PCURVE('',#12094,#12099);
#12094 = PLANE('',#12095);
#12095 = AXIS2_PLACEMENT_3D('',#12096,#12097,#12098);
#12096 = CARTESIAN_POINT('',(143.175,30.,45.85));
#12097 = DIRECTION('',(0.,0.,1.));
#12098 = DIRECTION('',(1.,0.,-0.));
#12099 = DEFINITIONAL_REPRESENTATION('',(#12100),#12104);
#12100 = LINE('',#12101,#12102);
#12101 = CARTESIAN_POINT('',(0.,0.));
#12102 = VECTOR('',#12103,1.);
#12103 = DIRECTION('',(0.,1.));
#12104 = ( GEOMETRIC_REPRESENTATION_CONTEXT(2) 
PARAMETRIC_REPRESENTATION_CONTEXT() REPRESENTATION_CONTEXT('2D SPACE',''
  ) );
#12105 = ORIENTED_EDGE('',*,*,#12106,.T.);
#12106 = EDGE_CURVE('',#12079,#12107,#12109,.T.);
#12107 = VERTEX_POINT('',#12108);
#12108 = CARTESIAN_POINT('',(143.175,42.,61.85));
#12109 = SURFACE_CURVE('',#12110,(#12114,#12121),.PCURVE_S1.);
#12110 = LINE('',#12111,#12112);
#12111 = CARTESIAN_POINT('',(143.175,42.,45.85));
#12112 = VECTOR('',#12113,1.);
#12113 = DIRECTION('',(0.,0.,1.));
#12114 = PCURVE('',#12054,#12115);
#12115 = DEFINITIONAL_REPRESENTATION('',(#12116),#12120);
#12116 = LINE('',#12117,#12118);
#12117 = CARTESIAN_POINT('',(0.,-12.));
#12118 = VECTOR('',#12119,1.);
#12119 = DIRECTION('',(1.,0.));
#12120 = ( GEOMETRIC_REPRESENTATION_CONTEXT(2) 
PARAMETRIC_REPRESENTATION_CONTEXT() REPRESENTATION_CONTEXT('2D SPACE',''
  ) );
#12121 = PCURVE('',#12122,#12127);
#12122 = PLANE('',#12123);
#12123 = AXIS2_PLACEMENT_3D('',#12124,#12125,#12126);
#12124 = CARTESIAN_POINT('',(143.175,42.,45.85));
#12125 = DIRECTION('',(-0.,1.,0.));
#12126 = DIRECTION('',(0.,0.,1.));
#12127 = DEFINITIONAL_REPRESENTATION('',(#12128),#12132);
#12128 = LINE('',#12129,#12130);
#12129 = CARTESIAN_POINT('',(0.,0.));
#12130 = VECTOR('',#12131,1.);
#12131 = DIRECTION('',(1.,0.));
#12132 = ( GEOMETRIC_REPRESENTATION_CONTEXT(2) 
PARAMETRIC_REPRESENTATION_CONTEXT() REPRESENTATION_CONTEXT('2D SPACE',''
  ) );
#12133 = ORIENTED_EDGE('',*,*,#12134,.F.);
#12134 = EDGE_CURVE('',#12046,#12107,#12135,.T.);
#12135 = SURFACE_CURVE('',#12136,(#12140,#12147),.PCURVE_S1.);
#12136 = LINE('',#12137,#12138);
#12137 = CARTESIAN_POINT('',(143.175,30.,61.85));
#12138 = VECTOR('',#12139,1.);
#12139 = DIRECTION('',(-0.,1.,0.));
#12140 = PCURVE('',#12054,#12141);
#12141 = DEFINITIONAL_REPRESENTATION('',(#12142),#12146);
#12142 = LINE('',#12143,#12144);
#12143 = CARTESIAN_POINT('',(16.,0.));
#12144 = VECTOR('',#12145,1.);
#12145 = DIRECTION('',(0.,-1.));
#12146 = ( GEOMETRIC_REPRESENTATION_CONTEXT(2) 
PARAMETRIC_REPRESENTATION_CONTEXT() REPRESENTATION_CONTEXT('2D SPACE',''
  ) );
#12147 = PCURVE('',#12148,#12153);
#12148 = PLANE('',#12149);
#12149 = AXIS2_PLACEMENT_3D('',#12150,#12151,#12152);
#12150 = CARTESIAN_POINT('',(143.175,30.,61.85));
#12151 = DIRECTION('',(0.,0.,1.));
#12152 = DIRECTION('',(1.,0.,-0.));
#12153 = DEFINITIONAL_REPRESENTATION('',(#12154),#12158);
#12154 = LINE('',#12155,#12156);
#12155 = CARTESIAN_POINT('',(0.,0.));
#12156 = VECTOR('',#12157,1.);
#12157 = DIRECTION('',(0.,1.));
#12158 = ( GEOMETRIC_REPRESENTATION_CONTEXT(2) 
PARAMETRIC_REPRESENTATION_CONTEXT() REPRESENTATION_CONTEXT('2D SPACE',''
  ) );
#12159 = ADVANCED_FACE('',(#12160),#12174,.T.);
#12160 = FACE_BOUND('',#12161,.T.);
#12161 = EDGE_LOOP('',(#12162,#12192,#12215,#12238));
#12162 = ORIENTED_EDGE('',*,*,#12163,.F.);
#12163 = EDGE_CURVE('',#12164,#12166,#12168,.T.);
#12164 = VERTEX_POINT('',#12165);
#12165 = CARTESIAN_POINT('',(146.175,30.,45.85));
#12166 = VERTEX_POINT('',#12167);
#12167 = CARTESIAN_POINT('',(146.175,30.,61.85));
#12168 = SURFACE_CURVE('',#12169,(#12173,#12185),.PCURVE_S1.);
#12169 = LINE('',#12170,#12171);
#12170 = CARTESIAN_POINT('',(146.175,30.,45.85));
#12171 = VECTOR('',#12172,1.);
#12172 = DIRECTION('',(0.,0.,1.));
#12173 = PCURVE('',#12174,#12179);
#12174 = PLANE('',#12175);
#12175 = AXIS2_PLACEMENT_3D('',#12176,#12177,#12178);
#12176 = CARTESIAN_POINT('',(146.175,30.,45.85));
#12177 = DIRECTION('',(1.,0.,-0.));
#12178 = DIRECTION('',(0.,0.,1.));
#12179 = DEFINITIONAL_REPRESENTATION('',(#12180),#12184);
#12180 = LINE('',#12181,#12182);
#12181 = CARTESIAN_POINT('',(0.,0.));
#12182 = VECTOR('',#12183,1.);
#12183 = DIRECTION('',(1.,0.));
#12184 = ( GEOMETRIC_REPRESENTATION_CONTEXT(2) 
PARAMETRIC_REPRESENTATION_CONTEXT() REPRESENTATION_CONTEXT('2D SPACE',''
  ) );
#12185 = PCURVE('',#12066,#12186);
#12186 = DEFINITIONAL_REPRESENTATION('',(#12187),#12191);
#12187 = LINE('',#12188,#12189);
#12188 = CARTESIAN_POINT('',(0.,3.));
#12189 = VECTOR('',#12190,1.);
#12190 = DIRECTION('',(1.,0.));
#12191 = ( GEOMETRIC_REPRESENTATION_CONTEXT(2) 
PARAMETRIC_REPRESENTATION_CONTEXT() REPRESENTATION_CONTEXT('2D SPACE',''
  ) );
#12192 = ORIENTED_EDGE('',*,*,#12193,.T.);
#12193 = EDGE_CURVE('',#12164,#12194,#12196,.T.);
#12194 = VERTEX_POINT('',#12195);
#12195 = CARTESIAN_POINT('',(146.175,42.,45.85));
#12196 = SURFACE_CURVE('',#12197,(#12201,#12208),.PCURVE_S1.);
#12197 = LINE('',#12198,#12199);
#12198 = CARTESIAN_POINT('',(146.175,30.,45.85));
#12199 = VECTOR('',#12200,1.);
#12200 = DIRECTION('',(-0.,1.,0.));
#12201 = PCURVE('',#12174,#12202);
#12202 = DEFINITIONAL_REPRESENTATION('',(#12203),#12207);
#12203 = LINE('',#12204,#12205);
#12204 = CARTESIAN_POINT('',(0.,0.));
#12205 = VECTOR('',#12206,1.);
#12206 = DIRECTION('',(0.,-1.));
#12207 = ( GEOMETRIC_REPRESENTATION_CONTEXT(2) 
PARAMETRIC_REPRESENTATION_CONTEXT() REPRESENTATION_CONTEXT('2D SPACE',''
  ) );
#12208 = PCURVE('',#12094,#12209);
#12209 = DEFINITIONAL_REPRESENTATION('',(#12210),#12214);
#12210 = LINE('',#12211,#12212);
#12211 = CARTESIAN_POINT('',(3.,0.));
#12212 = VECTOR('',#12213,1.);
#12213 = DIRECTION('',(0.,1.));
#12214 = ( GEOMETRIC_REPRESENTATION_CONTEXT(2) 
PARAMETRIC_REPRESENTATION_CONTEXT() REPRESENTATION_CONTEXT('2D SPACE',''
  ) );
#12215 = ORIENTED_EDGE('',*,*,#12216,.T.);
#12216 = EDGE_CURVE('',#12194,#12217,#12219,.T.);
#12217 = VERTEX_POINT('',#12218);
#12218 = CARTESIAN_POINT('',(146.175,42.,61.85));
#12219 = SURFACE_CURVE('',#12220,(#12224,#12231),.PCURVE_S1.);
#12220 = LINE('',#12221,#12222);
#12221 = CARTESIAN_POINT('',(146.175,42.,45.85));
#12222 = VECTOR('',#12223,1.);
#12223 = DIRECTION('',(0.,0.,1.));
#12224 = PCURVE('',#12174,#12225);
#12225 = DEFINITIONAL_REPRESENTATION('',(#12226),#12230);
#12226 = LINE('',#12227,#12228);
#12227 = CARTESIAN_POINT('',(0.,-12.));
#12228 = VECTOR('',#12229,1.);
#12229 = DIRECTION('',(1.,0.));
#12230 = ( GEOMETRIC_REPRESENTATION_CONTEXT(2) 
PARAMETRIC_REPRESENTATION_CONTEXT() REPRESENTATION_CONTEXT('2D SPACE',''
  ) );
#12231 = PCURVE('',#12122,#12232);
#12232 = DEFINITIONAL_REPRESENTATION('',(#12233),#12237);
#12233 = LINE('',#12234,#12235);
#12234 = CARTESIAN_POINT('',(0.,3.));
#12235 = VECTOR('',#12236,1.);
#12236 = DIRECTION('',(1.,0.));
#12237 = ( GEOMETRIC_REPRESENTATION_CONTEXT(2) 
PARAMETRIC_REPRESENTATION_CONTEXT() REPRESENTATION_CONTEXT('2D SPACE',''
  ) );
#12238 = ORIENTED_EDGE('',*,*,#12239,.F.);
#12239 = EDGE_CURVE('',#12166,#12217,#12240,.T.);
#12240 = SURFACE_CURVE('',#12241,(#12245,#12252),.PCURVE_S1.);
#12241 = LINE('',#12242,#12243);
#12242 = CARTESIAN_POINT('',(146.175,30.,61.85));
#12243 = VECTOR('',#12244,1.);
#12244 = DIRECTION('',(-0.,1.,0.));
#12245 = PCURVE('',#12174,#12246);
#12246 = DEFINITIONAL_REPRESENTATION('',(#12247),#12251);
#12247 = LINE('',#12248,#12249);
#12248 = CARTESIAN_POINT('',(16.,0.));
#12249 = VECTOR('',#12250,1.);
#12250 = DIRECTION('',(0.,-1.));
#12251 = ( GEOMETRIC_REPRESENTATION_CONTEXT(2) 
PARAMETRIC_REPRESENTATION_CONTEXT() REPRESENTATION_CONTEXT('2D SPACE',''
  ) );
#12252 = PCURVE('',#12148,#12253);
#12253 = DEFINITIONAL_REPRESENTATION('',(#12254),#12258);
#12254 = LINE('',#12255,#12256);
#12255 = CARTESIAN_POINT('',(3.,0.));
#12256 = VECTOR('',#12257,1.);
#12257 = DIRECTION('',(0.,1.));
#12258 = ( GEOMETRIC_REPRESENTATION_CONTEXT(2) 
PARAMETRIC_REPRESENTATION_CONTEXT() REPRESENTATION_CONTEXT('2D SPACE',''
  ) );
#12259 = ADVANCED_FACE('',(#12260),#12066,.F.);
#12260 = FACE_BOUND('',#12261,.F.);
#12261 = EDGE_LOOP('',(#12262,#12283,#12284,#12305));
#12262 = ORIENTED_EDGE('',*,*,#12263,.F.);
#12263 = EDGE_CURVE('',#12044,#12164,#12264,.T.);
#12264 = SURFACE_CURVE('',#12265,(#12269,#12276),.PCURVE_S1.);
#12265 = LINE('',#12266,#12267);
#12266 = CARTESIAN_POINT('',(143.175,30.,45.85));
#12267 = VECTOR('',#12268,1.);
#12268 = DIRECTION('',(1.,0.,-0.));
#12269 = PCURVE('',#12066,#12270);
#12270 = DEFINITIONAL_REPRESENTATION('',(#12271),#12275);
#12271 = LINE('',#12272,#12273);
#12272 = CARTESIAN_POINT('',(0.,0.));
#12273 = VECTOR('',#12274,1.);
#12274 = DIRECTION('',(0.,1.));
#12275 = ( GEOMETRIC_REPRESENTATION_CONTEXT(2) 
PARAMETRIC_REPRESENTATION_CONTEXT() REPRESENTATION_CONTEXT('2D SPACE',''
  ) );
#12276 = PCURVE('',#12094,#12277);
#12277 = DEFINITIONAL_REPRESENTATION('',(#12278),#12282);
#12278 = LINE('',#12279,#12280);
#12279 = CARTESIAN_POINT('',(0.,0.));
#12280 = VECTOR('',#12281,1.);
#12281 = DIRECTION('',(1.,0.));
#12282 = ( GEOMETRIC_REPRESENTATION_CONTEXT(2) 
PARAMETRIC_REPRESENTATION_CONTEXT() REPRESENTATION_CONTEXT('2D SPACE',''
  ) );
#12283 = ORIENTED_EDGE('',*,*,#12043,.T.);
#12284 = ORIENTED_EDGE('',*,*,#12285,.T.);
#12285 = EDGE_CURVE('',#12046,#12166,#12286,.T.);
#12286 = SURFACE_CURVE('',#12287,(#12291,#12298),.PCURVE_S1.);
#12287 = LINE('',#12288,#12289);
#12288 = CARTESIAN_POINT('',(143.175,30.,61.85));
#12289 = VECTOR('',#12290,1.);
#12290 = DIRECTION('',(1.,0.,-0.));
#12291 = PCURVE('',#12066,#12292);
#12292 = DEFINITIONAL_REPRESENTATION('',(#12293),#12297);
#12293 = LINE('',#12294,#12295);
#12294 = CARTESIAN_POINT('',(16.,0.));
#12295 = VECTOR('',#12296,1.);
#12296 = DIRECTION('',(0.,1.));
#12297 = ( GEOMETRIC_REPRESENTATION_CONTEXT(2) 
PARAMETRIC_REPRESENTATION_CONTEXT() REPRESENTATION_CONTEXT('2D SPACE',''
  ) );
#12298 = PCURVE('',#12148,#12299);
#12299 = DEFINITIONAL_REPRESENTATION('',(#12300),#12304);
#12300 = LINE('',#12301,#12302);
#12301 = CARTESIAN_POINT('',(0.,0.));
#12302 = VECTOR('',#12303,1.);
#12303 = DIRECTION('',(1.,0.));
#12304 = ( GEOMETRIC_REPRESENTATION_CONTEXT(2) 
PARAMETRIC_REPRESENTATION_CONTEXT() REPRESENTATION_CONTEXT('2D SPACE',''
  ) );
#12305 = ORIENTED_EDGE('',*,*,#12163,.F.);
#12306 = ADVANCED_FACE('',(#12307),#12122,.T.);
#12307 = FACE_BOUND('',#12308,.T.);
#12308 = EDGE_LOOP('',(#12309,#12330,#12331,#12352));
#12309 = ORIENTED_EDGE('',*,*,#12310,.F.);
#12310 = EDGE_CURVE('',#12079,#12194,#12311,.T.);
#12311 = SURFACE_CURVE('',#12312,(#12316,#12323),.PCURVE_S1.);
#12312 = LINE('',#12313,#12314);
#12313 = CARTESIAN_POINT('',(143.175,42.,45.85));
#12314 = VECTOR('',#12315,1.);
#12315 = DIRECTION('',(1.,0.,-0.));
#12316 = PCURVE('',#12122,#12317);
#12317 = DEFINITIONAL_REPRESENTATION('',(#12318),#12322);
#12318 = LINE('',#12319,#12320);
#12319 = CARTESIAN_POINT('',(0.,0.));
#12320 = VECTOR('',#12321,1.);
#12321 = DIRECTION('',(0.,1.));
#12322 = ( GEOMETRIC_REPRESENTATION_CONTEXT(2) 
PARAMETRIC_REPRESENTATION_CONTEXT() REPRESENTATION_CONTEXT('2D SPACE',''
  ) );
#12323 = PCURVE('',#12094,#12324);
#12324 = DEFINITIONAL_REPRESENTATION('',(#12325),#12329);
#12325 = LINE('',#12326,#12327);
#12326 = CARTESIAN_POINT('',(0.,12.));
#12327 = VECTOR('',#12328,1.);
#12328 = DIRECTION('',(1.,0.));
#12329 = ( GEOMETRIC_REPRESENTATION_CONTEXT(2) 
PARAMETRIC_REPRESENTATION_CONTEXT() REPRESENTATION_CONTEXT('2D SPACE',''
  ) );
#12330 = ORIENTED_EDGE('',*,*,#12106,.T.);
#12331 = ORIENTED_EDGE('',*,*,#12332,.T.);
#12332 = EDGE_CURVE('',#12107,#12217,#12333,.T.);
#12333 = SURFACE_CURVE('',#12334,(#12338,#12345),.PCURVE_S1.);
#12334 = LINE('',#12335,#12336);
#12335 = CARTESIAN_POINT('',(143.175,42.,61.85));
#12336 = VECTOR('',#12337,1.);
#12337 = DIRECTION('',(1.,0.,-0.));
#12338 = PCURVE('',#12122,#12339);
#12339 = DEFINITIONAL_REPRESENTATION('',(#12340),#12344);
#12340 = LINE('',#12341,#12342);
#12341 = CARTESIAN_POINT('',(16.,0.));
#12342 = VECTOR('',#12343,1.);
#12343 = DIRECTION('',(0.,1.));
#12344 = ( GEOMETRIC_REPRESENTATION_CONTEXT(2) 
PARAMETRIC_REPRESENTATION_CONTEXT() REPRESENTATION_CONTEXT('2D SPACE',''
  ) );
#12345 = PCURVE('',#12148,#12346);
#12346 = DEFINITIONAL_REPRESENTATION('',(#12347),#12351);
#12347 = LINE('',#12348,#12349);
#12348 = CARTESIAN_POINT('',(0.,12.));
#12349 = VECTOR('',#12350,1.);
#12350 = DIRECTION('',(1.,0.));
#12351 = ( GEOMETRIC_REPRESENTATION_CONTEXT(2) 
PARAMETRIC_REPRESENTATION_CONTEXT() REPRESENTATION_CONTEXT('2D SPACE',''
  ) );
#12352 = ORIENTED_EDGE('',*,*,#12216,.F.);
#12353 = ADVANCED_FACE('',(#12354),#12094,.F.);
#12354 = FACE_BOUND('',#12355,.F.);
#12355 = EDGE_LOOP('',(#12356,#12357,#12358,#12359));
#12356 = ORIENTED_EDGE('',*,*,#12078,.F.);
#12357 = ORIENTED_EDGE('',*,*,#12263,.T.);
#12358 = ORIENTED_EDGE('',*,*,#12193,.T.);
#12359 = ORIENTED_EDGE('',*,*,#12310,.F.);
#12360 = ADVANCED_FACE('',(#12361),#12148,.T.);
#12361 = FACE_BOUND('',#12362,.T.);
#12362 = EDGE_LOOP('',(#12363,#12364,#12365,#12366));
#12363 = ORIENTED_EDGE('',*,*,#12134,.F.);
#12364 = ORIENTED_EDGE('',*,*,#12285,.T.);
#12365 = ORIENTED_EDGE('',*,*,#12239,.T.);
#12366 = ORIENTED_EDGE('',*,*,#12332,.F.);
#12367 = ( GEOMETRIC_REPRESENTATION_CONTEXT(3) 
GLOBAL_UNCERTAINTY_ASSIGNED_CONTEXT((#12371)) 
GLOBAL_UNIT_ASSIGNED_CONTEXT((#12368,#12369,#12370)) 
REPRESENTATION_CONTEXT('Context #1',
  '3D Context with UNIT and UNCERTAINTY') );
#12368 = ( LENGTH_UNIT() NAMED_UNIT(*) SI_UNIT(.MILLI.,.METRE.) );
#12369 = ( NAMED_UNIT(*) PLANE_ANGLE_UNIT() SI_UNIT($,.RADIAN.) );
#12370 = ( NAMED_UNIT(*) SI_UNIT($,.STERADIAN.) SOLID_ANGLE_UNIT() );
#12371 = UNCERTAINTY_MEASURE_WITH_UNIT(LENGTH_MEASURE(1.E-07),#12368,
  'distance_accuracy_value','confusion accuracy');
#12372 = CONTEXT_DEPENDENT_SHAPE_REPRESENTATION(#12373,#12375);
#12373 = ( REPRESENTATION_RELATIONSHIP('','',#11706,#36) 
REPRESENTATION_RELATIONSHIP_WITH_TRANSFORMATION(#12374) 
SHAPE_REPRESENTATION_RELATIONSHIP() );
#12374 = ITEM_DEFINED_TRANSFORMATION('','',#11,#65);
#12375 = PRODUCT_DEFINITION_SHAPE('Placement','Placement of an item',
  #12376);
#12376 = NEXT_ASSEMBLY_USAGE_OCCURRENCE('8','=>[0:1:1:10]','',#31,#11701
  ,$);
#12377 = PRODUCT_RELATED_PRODUCT_CATEGORY('part',$,(#11703));
#12378 = SHAPE_DEFINITION_REPRESENTATION(#12379,#12385);
#12379 = PRODUCT_DEFINITION_SHAPE('','',#12380);
#12380 = PRODUCT_DEFINITION('design','',#12381,#12384);
#12381 = PRODUCT_DEFINITION_FORMATION('','',#12382);
#12382 = PRODUCT('COMPOUND','COMPOUND','',(#12383));
#12383 = PRODUCT_CONTEXT('',#2,'mechanical');
#12384 = PRODUCT_DEFINITION_CONTEXT('part definition',#2,'design');
#12385 = ADVANCED_BREP_SHAPE_REPRESENTATION('',(#11,#12386),#13744);
#12386 = MANIFOLD_SOLID_BREP('',#12387);
#12387 = CLOSED_SHELL('',(#12388,#12508,#12729,#12778,#12924,#12951,
    #12976,#13021,#13048,#13055,#13223,#13412,#13461,#13602,#13629,
    #13656,#13683,#13710,#13737));
#12388 = ADVANCED_FACE('',(#12389),#12403,.F.);
#12389 = FACE_BOUND('',#12390,.F.);
#12390 = EDGE_LOOP('',(#12391,#12426,#12454,#12482));
#12391 = ORIENTED_EDGE('',*,*,#12392,.F.);
#12392 = EDGE_CURVE('',#12393,#12395,#12397,.T.);
#12393 = VERTEX_POINT('',#12394);
#12394 = CARTESIAN_POINT('',(146.175,-42.,45.85));
#12395 = VERTEX_POINT('',#12396);
#12396 = CARTESIAN_POINT('',(146.175,-42.,61.85));
#12397 = SURFACE_CURVE('',#12398,(#12402,#12414),.PCURVE_S1.);
#12398 = LINE('',#12399,#12400);
#12399 = CARTESIAN_POINT('',(146.175,-42.,45.85));
#12400 = VECTOR('',#12401,1.);
#12401 = DIRECTION('',(0.,0.,1.));
#12402 = PCURVE('',#12403,#12408);
#12403 = PLANE('',#12404);
#12404 = AXIS2_PLACEMENT_3D('',#12405,#12406,#12407);
#12405 = CARTESIAN_POINT('',(146.175,-42.,45.85));
#12406 = DIRECTION('',(1.,0.,-0.));
#12407 = DIRECTION('',(0.,0.,1.));
#12408 = DEFINITIONAL_REPRESENTATION('',(#12409),#12413);
#12409 = LINE('',#12410,#12411);
#12410 = CARTESIAN_POINT('',(0.,0.));
#12411 = VECTOR('',#12412,1.);
#12412 = DIRECTION('',(1.,0.));
#12413 = ( GEOMETRIC_REPRESENTATION_CONTEXT(2) 
PARAMETRIC_REPRESENTATION_CONTEXT() REPRESENTATION_CONTEXT('2D SPACE',''
  ) );
#12414 = PCURVE('',#12415,#12420);
#12415 = PLANE('',#12416);
#12416 = AXIS2_PLACEMENT_3D('',#12417,#12418,#12419);
#12417 = CARTESIAN_POINT('',(146.175,-42.,45.85));
#12418 = DIRECTION('',(-0.,1.,0.));
#12419 = DIRECTION('',(0.,0.,1.));
#12420 = DEFINITIONAL_REPRESENTATION('',(#12421),#12425);
#12421 = LINE('',#12422,#12423);
#12422 = CARTESIAN_POINT('',(0.,0.));
#12423 = VECTOR('',#12424,1.);
#12424 = DIRECTION('',(1.,0.));
#12425 = ( GEOMETRIC_REPRESENTATION_CONTEXT(2) 
PARAMETRIC_REPRESENTATION_CONTEXT() REPRESENTATION_CONTEXT('2D SPACE',''
  ) );
#12426 = ORIENTED_EDGE('',*,*,#12427,.T.);
#12427 = EDGE_CURVE('',#12393,#12428,#12430,.T.);
#12428 = VERTEX_POINT('',#12429);
#12429 = CARTESIAN_POINT('',(146.175,-30.,45.85));
#12430 = SURFACE_CURVE('',#12431,(#12435,#12442),.PCURVE_S1.);
#12431 = LINE('',#12432,#12433);
#12432 = CARTESIAN_POINT('',(146.175,-42.,45.85));
#12433 = VECTOR('',#12434,1.);
#12434 = DIRECTION('',(-0.,1.,0.));
#12435 = PCURVE('',#12403,#12436);
#12436 = DEFINITIONAL_REPRESENTATION('',(#12437),#12441);
#12437 = LINE('',#12438,#12439);
#12438 = CARTESIAN_POINT('',(0.,0.));
#12439 = VECTOR('',#12440,1.);
#12440 = DIRECTION('',(0.,-1.));
#12441 = ( GEOMETRIC_REPRESENTATION_CONTEXT(2) 
PARAMETRIC_REPRESENTATION_CONTEXT() REPRESENTATION_CONTEXT('2D SPACE',''
  ) );
#12442 = PCURVE('',#12443,#12448);
#12443 = PLANE('',#12444);
#12444 = AXIS2_PLACEMENT_3D('',#12445,#12446,#12447);
#12445 = CARTESIAN_POINT('',(146.175,-42.,45.85));
#12446 = DIRECTION('',(0.,0.,1.));
#12447 = DIRECTION('',(1.,0.,-0.));
#12448 = DEFINITIONAL_REPRESENTATION('',(#12449),#12453);
#12449 = LINE('',#12450,#12451);
#12450 = CARTESIAN_POINT('',(0.,0.));
#12451 = VECTOR('',#12452,1.);
#12452 = DIRECTION('',(0.,1.));
#12453 = ( GEOMETRIC_REPRESENTATION_CONTEXT(2) 
PARAMETRIC_REPRESENTATION_CONTEXT() REPRESENTATION_CONTEXT('2D SPACE',''
  ) );
#12454 = ORIENTED_EDGE('',*,*,#12455,.T.);
#12455 = EDGE_CURVE('',#12428,#12456,#12458,.T.);
#12456 = VERTEX_POINT('',#12457);
#12457 = CARTESIAN_POINT('',(146.175,-30.,61.85));
#12458 = SURFACE_CURVE('',#12459,(#12463,#12470),.PCURVE_S1.);
#12459 = LINE('',#12460,#12461);
#12460 = CARTESIAN_POINT('',(146.175,-30.,45.85));
#12461 = VECTOR('',#12462,1.);
#12462 = DIRECTION('',(0.,0.,1.));
#12463 = PCURVE('',#12403,#12464);
#12464 = DEFINITIONAL_REPRESENTATION('',(#12465),#12469);
#12465 = LINE('',#12466,#12467);
#12466 = CARTESIAN_POINT('',(0.,-12.));
#12467 = VECTOR('',#12468,1.);
#12468 = DIRECTION('',(1.,0.));
#12469 = ( GEOMETRIC_REPRESENTATION_CONTEXT(2) 
PARAMETRIC_REPRESENTATION_CONTEXT() REPRESENTATION_CONTEXT('2D SPACE',''
  ) );
#12470 = PCURVE('',#12471,#12476);
#12471 = PLANE('',#12472);
#12472 = AXIS2_PLACEMENT_3D('',#12473,#12474,#12475);
#12473 = CARTESIAN_POINT('',(146.175,-30.,45.85));
#12474 = DIRECTION('',(-0.,1.,0.));
#12475 = DIRECTION('',(0.,0.,1.));
#12476 = DEFINITIONAL_REPRESENTATION('',(#12477),#12481);
#12477 = LINE('',#12478,#12479);
#12478 = CARTESIAN_POINT('',(0.,0.));
#12479 = VECTOR('',#12480,1.);
#12480 = DIRECTION('',(1.,0.));
#12481 = ( GEOMETRIC_REPRESENTATION_CONTEXT(2) 
PARAMETRIC_REPRESENTATION_CONTEXT() REPRESENTATION_CONTEXT('2D SPACE',''
  ) );
#12482 = ORIENTED_EDGE('',*,*,#12483,.F.);
#12483 = EDGE_CURVE('',#12395,#12456,#12484,.T.);
#12484 = SURFACE_CURVE('',#12485,(#12489,#12496),.PCURVE_S1.);
#12485 = LINE('',#12486,#12487);
#12486 = CARTESIAN_POINT('',(146.175,-42.,61.85));
#12487 = VECTOR('',#12488,1.);
#12488 = DIRECTION('',(-0.,1.,0.));
#12489 = PCURVE('',#12403,#12490);
#12490 = DEFINITIONAL_REPRESENTATION('',(#12491),#12495);
#12491 = LINE('',#12492,#12493);
#12492 = CARTESIAN_POINT('',(16.,0.));
#12493 = VECTOR('',#12494,1.);
#12494 = DIRECTION('',(0.,-1.));
#12495 = ( GEOMETRIC_REPRESENTATION_CONTEXT(2) 
PARAMETRIC_REPRESENTATION_CONTEXT() REPRESENTATION_CONTEXT('2D SPACE',''
  ) );
#12496 = PCURVE('',#12497,#12502);
#12497 = PLANE('',#12498);
#12498 = AXIS2_PLACEMENT_3D('',#12499,#12500,#12501);
#12499 = CARTESIAN_POINT('',(146.175,-42.,61.85));
#12500 = DIRECTION('',(0.,0.,1.));
#12501 = DIRECTION('',(1.,0.,-0.));
#12502 = DEFINITIONAL_REPRESENTATION('',(#12503),#12507);
#12503 = LINE('',#12504,#12505);
#12504 = CARTESIAN_POINT('',(0.,0.));
#12505 = VECTOR('',#12506,1.);
#12506 = DIRECTION('',(0.,1.));
#12507 = ( GEOMETRIC_REPRESENTATION_CONTEXT(2) 
PARAMETRIC_REPRESENTATION_CONTEXT() REPRESENTATION_CONTEXT('2D SPACE',''
  ) );
#12508 = ADVANCED_FACE('',(#12509),#12415,.F.);
#12509 = FACE_BOUND('',#12510,.F.);
#12510 = EDGE_LOOP('',(#12511,#12541,#12562,#12563,#12586,#12614,#12642,
    #12670,#12703));
#12511 = ORIENTED_EDGE('',*,*,#12512,.T.);
#12512 = EDGE_CURVE('',#12513,#12515,#12517,.T.);
#12513 = VERTEX_POINT('',#12514);
#12514 = CARTESIAN_POINT('',(156.175,-42.,23.595966692415));
#12515 = VERTEX_POINT('',#12516);
#12516 = CARTESIAN_POINT('',(156.175,-42.,45.85));
#12517 = SURFACE_CURVE('',#12518,(#12522,#12529),.PCURVE_S1.);
#12518 = LINE('',#12519,#12520);
#12519 = CARTESIAN_POINT('',(156.175,-42.,15.85));
#12520 = VECTOR('',#12521,1.);
#12521 = DIRECTION('',(0.,0.,1.));
#12522 = PCURVE('',#12415,#12523);
#12523 = DEFINITIONAL_REPRESENTATION('',(#12524),#12528);
#12524 = LINE('',#12525,#12526);
#12525 = CARTESIAN_POINT('',(-30.,10.));
#12526 = VECTOR('',#12527,1.);
#12527 = DIRECTION('',(1.,0.));
#12528 = ( GEOMETRIC_REPRESENTATION_CONTEXT(2) 
PARAMETRIC_REPRESENTATION_CONTEXT() REPRESENTATION_CONTEXT('2D SPACE',''
  ) );
#12529 = PCURVE('',#12530,#12535);
#12530 = PLANE('',#12531);
#12531 = AXIS2_PLACEMENT_3D('',#12532,#12533,#12534);
#12532 = CARTESIAN_POINT('',(156.175,-42.,15.85));
#12533 = DIRECTION('',(1.,0.,-0.));
#12534 = DIRECTION('',(0.,0.,1.));
#12535 = DEFINITIONAL_REPRESENTATION('',(#12536),#12540);
#12536 = LINE('',#12537,#12538);
#12537 = CARTESIAN_POINT('',(0.,0.));
#12538 = VECTOR('',#12539,1.);
#12539 = DIRECTION('',(1.,0.));
#12540 = ( GEOMETRIC_REPRESENTATION_CONTEXT(2) 
PARAMETRIC_REPRESENTATION_CONTEXT() REPRESENTATION_CONTEXT('2D SPACE',''
  ) );
#12541 = ORIENTED_EDGE('',*,*,#12542,.F.);
#12542 = EDGE_CURVE('',#12393,#12515,#12543,.T.);
#12543 = SURFACE_CURVE('',#12544,(#12548,#12555),.PCURVE_S1.);
#12544 = LINE('',#12545,#12546);
#12545 = CARTESIAN_POINT('',(146.175,-42.,45.85));
#12546 = VECTOR('',#12547,1.);
#12547 = DIRECTION('',(1.,0.,-0.));
#12548 = PCURVE('',#12415,#12549);
#12549 = DEFINITIONAL_REPRESENTATION('',(#12550),#12554);
#12550 = LINE('',#12551,#12552);
#12551 = CARTESIAN_POINT('',(0.,0.));
#12552 = VECTOR('',#12553,1.);
#12553 = DIRECTION('',(0.,1.));
#12554 = ( GEOMETRIC_REPRESENTATION_CONTEXT(2) 
PARAMETRIC_REPRESENTATION_CONTEXT() REPRESENTATION_CONTEXT('2D SPACE',''
  ) );
#12555 = PCURVE('',#12443,#12556);
#12556 = DEFINITIONAL_REPRESENTATION('',(#12557),#12561);
#12557 = LINE('',#12558,#12559);
#12558 = CARTESIAN_POINT('',(0.,0.));
#12559 = VECTOR('',#12560,1.);
#12560 = DIRECTION('',(1.,0.));
#12561 = ( GEOMETRIC_REPRESENTATION_CONTEXT(2) 
PARAMETRIC_REPRESENTATION_CONTEXT() REPRESENTATION_CONTEXT('2D SPACE',''
  ) );
#12562 = ORIENTED_EDGE('',*,*,#12392,.T.);
#12563 = ORIENTED_EDGE('',*,*,#12564,.T.);
#12564 = EDGE_CURVE('',#12395,#12565,#12567,.T.);
#12565 = VERTEX_POINT('',#12566);
#12566 = CARTESIAN_POINT('',(156.175,-42.,61.85));
#12567 = SURFACE_CURVE('',#12568,(#12572,#12579),.PCURVE_S1.);
#12568 = LINE('',#12569,#12570);
#12569 = CARTESIAN_POINT('',(146.175,-42.,61.85));
#12570 = VECTOR('',#12571,1.);
#12571 = DIRECTION('',(1.,0.,-0.));
#12572 = PCURVE('',#12415,#12573);
#12573 = DEFINITIONAL_REPRESENTATION('',(#12574),#12578);
#12574 = LINE('',#12575,#12576);
#12575 = CARTESIAN_POINT('',(16.,0.));
#12576 = VECTOR('',#12577,1.);
#12577 = DIRECTION('',(0.,1.));
#12578 = ( GEOMETRIC_REPRESENTATION_CONTEXT(2) 
PARAMETRIC_REPRESENTATION_CONTEXT() REPRESENTATION_CONTEXT('2D SPACE',''
  ) );
#12579 = PCURVE('',#12497,#12580);
#12580 = DEFINITIONAL_REPRESENTATION('',(#12581),#12585);
#12581 = LINE('',#12582,#12583);
#12582 = CARTESIAN_POINT('',(0.,0.));
#12583 = VECTOR('',#12584,1.);
#12584 = DIRECTION('',(1.,0.));
#12585 = ( GEOMETRIC_REPRESENTATION_CONTEXT(2) 
PARAMETRIC_REPRESENTATION_CONTEXT() REPRESENTATION_CONTEXT('2D SPACE',''
  ) );
#12586 = ORIENTED_EDGE('',*,*,#12587,.F.);
#12587 = EDGE_CURVE('',#12588,#12565,#12590,.T.);
#12588 = VERTEX_POINT('',#12589);
#12589 = CARTESIAN_POINT('',(156.175,-42.,57.85));
#12590 = SURFACE_CURVE('',#12591,(#12595,#12602),.PCURVE_S1.);
#12591 = LINE('',#12592,#12593);
#12592 = CARTESIAN_POINT('',(156.175,-42.,45.85));
#12593 = VECTOR('',#12594,1.);
#12594 = DIRECTION('',(0.,0.,1.));
#12595 = PCURVE('',#12415,#12596);
#12596 = DEFINITIONAL_REPRESENTATION('',(#12597),#12601);
#12597 = LINE('',#12598,#12599);
#12598 = CARTESIAN_POINT('',(0.,10.));
#12599 = VECTOR('',#12600,1.);
#12600 = DIRECTION('',(1.,0.));
#12601 = ( GEOMETRIC_REPRESENTATION_CONTEXT(2) 
PARAMETRIC_REPRESENTATION_CONTEXT() REPRESENTATION_CONTEXT('2D SPACE',''
  ) );
#12602 = PCURVE('',#12603,#12608);
#12603 = PLANE('',#12604);
#12604 = AXIS2_PLACEMENT_3D('',#12605,#12606,#12607);
#12605 = CARTESIAN_POINT('',(156.175,-42.,45.85));
#12606 = DIRECTION('',(1.,0.,-0.));
#12607 = DIRECTION('',(0.,0.,1.));
#12608 = DEFINITIONAL_REPRESENTATION('',(#12609),#12613);
#12609 = LINE('',#12610,#12611);
#12610 = CARTESIAN_POINT('',(0.,0.));
#12611 = VECTOR('',#12612,1.);
#12612 = DIRECTION('',(1.,0.));
#12613 = ( GEOMETRIC_REPRESENTATION_CONTEXT(2) 
PARAMETRIC_REPRESENTATION_CONTEXT() REPRESENTATION_CONTEXT('2D SPACE',''
  ) );
#12614 = ORIENTED_EDGE('',*,*,#12615,.T.);
#12615 = EDGE_CURVE('',#12588,#12616,#12618,.T.);
#12616 = VERTEX_POINT('',#12617);
#12617 = CARTESIAN_POINT('',(160.175,-42.,57.85));
#12618 = SURFACE_CURVE('',#12619,(#12623,#12630),.PCURVE_S1.);
#12619 = LINE('',#12620,#12621);
#12620 = CARTESIAN_POINT('',(156.175,-42.,57.85));
#12621 = VECTOR('',#12622,1.);
#12622 = DIRECTION('',(1.,0.,-0.));
#12623 = PCURVE('',#12415,#12624);
#12624 = DEFINITIONAL_REPRESENTATION('',(#12625),#12629);
#12625 = LINE('',#12626,#12627);
#12626 = CARTESIAN_POINT('',(12.,10.));
#12627 = VECTOR('',#12628,1.);
#12628 = DIRECTION('',(0.,1.));
#12629 = ( GEOMETRIC_REPRESENTATION_CONTEXT(2) 
PARAMETRIC_REPRESENTATION_CONTEXT() REPRESENTATION_CONTEXT('2D SPACE',''
  ) );
#12630 = PCURVE('',#12631,#12636);
#12631 = PLANE('',#12632);
#12632 = AXIS2_PLACEMENT_3D('',#12633,#12634,#12635);
#12633 = CARTESIAN_POINT('',(156.175,-42.,57.85));
#12634 = DIRECTION('',(0.,0.,1.));
#12635 = DIRECTION('',(1.,0.,-0.));
#12636 = DEFINITIONAL_REPRESENTATION('',(#12637),#12641);
#12637 = LINE('',#12638,#12639);
#12638 = CARTESIAN_POINT('',(0.,0.));
#12639 = VECTOR('',#12640,1.);
#12640 = DIRECTION('',(1.,0.));
#12641 = ( GEOMETRIC_REPRESENTATION_CONTEXT(2) 
PARAMETRIC_REPRESENTATION_CONTEXT() REPRESENTATION_CONTEXT('2D SPACE',''
  ) );
#12642 = ORIENTED_EDGE('',*,*,#12643,.F.);
#12643 = EDGE_CURVE('',#12644,#12616,#12646,.T.);
#12644 = VERTEX_POINT('',#12645);
#12645 = CARTESIAN_POINT('',(160.175,-42.,23.595966692415));
#12646 = SURFACE_CURVE('',#12647,(#12651,#12658),.PCURVE_S1.);
#12647 = LINE('',#12648,#12649);
#12648 = CARTESIAN_POINT('',(160.175,-42.,15.85));
#12649 = VECTOR('',#12650,1.);
#12650 = DIRECTION('',(0.,0.,1.));
#12651 = PCURVE('',#12415,#12652);
#12652 = DEFINITIONAL_REPRESENTATION('',(#12653),#12657);
#12653 = LINE('',#12654,#12655);
#12654 = CARTESIAN_POINT('',(-30.,14.));
#12655 = VECTOR('',#12656,1.);
#12656 = DIRECTION('',(1.,0.));
#12657 = ( GEOMETRIC_REPRESENTATION_CONTEXT(2) 
PARAMETRIC_REPRESENTATION_CONTEXT() REPRESENTATION_CONTEXT('2D SPACE',''
  ) );
#12658 = PCURVE('',#12659,#12664);
#12659 = PLANE('',#12660);
#12660 = AXIS2_PLACEMENT_3D('',#12661,#12662,#12663);
#12661 = CARTESIAN_POINT('',(160.175,-42.,15.85));
#12662 = DIRECTION('',(1.,0.,-0.));
#12663 = DIRECTION('',(0.,0.,1.));
#12664 = DEFINITIONAL_REPRESENTATION('',(#12665),#12669);
#12665 = LINE('',#12666,#12667);
#12666 = CARTESIAN_POINT('',(0.,0.));
#12667 = VECTOR('',#12668,1.);
#12668 = DIRECTION('',(1.,0.));
#12669 = ( GEOMETRIC_REPRESENTATION_CONTEXT(2) 
PARAMETRIC_REPRESENTATION_CONTEXT() REPRESENTATION_CONTEXT('2D SPACE',''
  ) );
#12670 = ORIENTED_EDGE('',*,*,#12671,.F.);
#12671 = EDGE_CURVE('',#12672,#12644,#12674,.T.);
#12672 = VERTEX_POINT('',#12673);
#12673 = CARTESIAN_POINT('',(166.175,-42.,15.85));
#12674 = SURFACE_CURVE('',#12675,(#12680,#12691),.PCURVE_S1.);
#12675 = CIRCLE('',#12676,8.);
#12676 = AXIS2_PLACEMENT_3D('',#12677,#12678,#12679);
#12677 = CARTESIAN_POINT('',(158.175,-42.,15.85));
#12678 = DIRECTION('',(0.,-1.,2.22044604925E-16));
#12679 = DIRECTION('',(1.,0.,0.));
#12680 = PCURVE('',#12415,#12681);
#12681 = DEFINITIONAL_REPRESENTATION('',(#12682),#12690);
#12682 = ( BOUNDED_CURVE() B_SPLINE_CURVE(2,(#12683,#12684,#12685,#12686
    ,#12687,#12688,#12689),.UNSPECIFIED.,.T.,.F.) 
B_SPLINE_CURVE_WITH_KNOTS((1,2,2,2,2,1),(-2.094395102393,0.,
    2.094395102393,4.188790204786,6.28318530718,8.377580409573),
.UNSPECIFIED.) CURVE() GEOMETRIC_REPRESENTATION_ITEM() 
RATIONAL_B_SPLINE_CURVE((1.,0.5,1.,0.5,1.,0.5,1.)) REPRESENTATION_ITEM(
  '') );
#12683 = CARTESIAN_POINT('',(-30.,20.));
#12684 = CARTESIAN_POINT('',(-16.14359353944,20.));
#12685 = CARTESIAN_POINT('',(-23.07179676972,8.));
#12686 = CARTESIAN_POINT('',(-30.,-4.));
#12687 = CARTESIAN_POINT('',(-36.92820323027,8.));
#12688 = CARTESIAN_POINT('',(-43.85640646055,20.));
#12689 = CARTESIAN_POINT('',(-30.,20.));
#12690 = ( GEOMETRIC_REPRESENTATION_CONTEXT(2) 
PARAMETRIC_REPRESENTATION_CONTEXT() REPRESENTATION_CONTEXT('2D SPACE',''
  ) );
#12691 = PCURVE('',#12692,#12697);
#12692 = CYLINDRICAL_SURFACE('',#12693,8.);
#12693 = AXIS2_PLACEMENT_3D('',#12694,#12695,#12696);
#12694 = CARTESIAN_POINT('',(158.175,42.,15.85));
#12695 = DIRECTION('',(0.,-1.,2.22044604925E-16));
#12696 = DIRECTION('',(1.,0.,0.));
#12697 = DEFINITIONAL_REPRESENTATION('',(#12698),#12702);
#12698 = LINE('',#12699,#12700);
#12699 = CARTESIAN_POINT('',(0.,84.));
#12700 = VECTOR('',#12701,1.);
#12701 = DIRECTION('',(1.,0.));
#12702 = ( GEOMETRIC_REPRESENTATION_CONTEXT(2) 
PARAMETRIC_REPRESENTATION_CONTEXT() REPRESENTATION_CONTEXT('2D SPACE',''
  ) );
#12703 = ORIENTED_EDGE('',*,*,#12704,.F.);
#12704 = EDGE_CURVE('',#12513,#12672,#12705,.T.);
#12705 = SURFACE_CURVE('',#12706,(#12711,#12722),.PCURVE_S1.);
#12706 = CIRCLE('',#12707,8.);
#12707 = AXIS2_PLACEMENT_3D('',#12708,#12709,#12710);
#12708 = CARTESIAN_POINT('',(158.175,-42.,15.85));
#12709 = DIRECTION('',(0.,-1.,2.22044604925E-16));
#12710 = DIRECTION('',(1.,0.,0.));
#12711 = PCURVE('',#12415,#12712);
#12712 = DEFINITIONAL_REPRESENTATION('',(#12713),#12721);
#12713 = ( BOUNDED_CURVE() B_SPLINE_CURVE(2,(#12714,#12715,#12716,#12717
    ,#12718,#12719,#12720),.UNSPECIFIED.,.T.,.F.) 
B_SPLINE_CURVE_WITH_KNOTS((1,2,2,2,2,1),(-2.094395102393,0.,
    2.094395102393,4.188790204786,6.28318530718,8.377580409573),
.UNSPECIFIED.) CURVE() GEOMETRIC_REPRESENTATION_ITEM() 
RATIONAL_B_SPLINE_CURVE((1.,0.5,1.,0.5,1.,0.5,1.)) REPRESENTATION_ITEM(
  '') );
#12714 = CARTESIAN_POINT('',(-30.,20.));
#12715 = CARTESIAN_POINT('',(-16.14359353944,20.));
#12716 = CARTESIAN_POINT('',(-23.07179676972,8.));
#12717 = CARTESIAN_POINT('',(-30.,-4.));
#12718 = CARTESIAN_POINT('',(-36.92820323027,8.));
#12719 = CARTESIAN_POINT('',(-43.85640646055,20.));
#12720 = CARTESIAN_POINT('',(-30.,20.));
#12721 = ( GEOMETRIC_REPRESENTATION_CONTEXT(2) 
PARAMETRIC_REPRESENTATION_CONTEXT() REPRESENTATION_CONTEXT('2D SPACE',''
  ) );
#12722 = PCURVE('',#12692,#12723);
#12723 = DEFINITIONAL_REPRESENTATION('',(#12724),#12728);
#12724 = LINE('',#12725,#12726);
#12725 = CARTESIAN_POINT('',(0.,84.));
#12726 = VECTOR('',#12727,1.);
#12727 = DIRECTION('',(1.,0.));
#12728 = ( GEOMETRIC_REPRESENTATION_CONTEXT(2) 
PARAMETRIC_REPRESENTATION_CONTEXT() REPRESENTATION_CONTEXT('2D SPACE',''
  ) );
#12729 = ADVANCED_FACE('',(#12730),#12497,.T.);
#12730 = FACE_BOUND('',#12731,.T.);
#12731 = EDGE_LOOP('',(#12732,#12733,#12734,#12757));
#12732 = ORIENTED_EDGE('',*,*,#12483,.F.);
#12733 = ORIENTED_EDGE('',*,*,#12564,.T.);
#12734 = ORIENTED_EDGE('',*,*,#12735,.T.);
#12735 = EDGE_CURVE('',#12565,#12736,#12738,.T.);
#12736 = VERTEX_POINT('',#12737);
#12737 = CARTESIAN_POINT('',(156.175,-30.,61.85));
#12738 = SURFACE_CURVE('',#12739,(#12743,#12750),.PCURVE_S1.);
#12739 = LINE('',#12740,#12741);
#12740 = CARTESIAN_POINT('',(156.175,-42.,61.85));
#12741 = VECTOR('',#12742,1.);
#12742 = DIRECTION('',(-0.,1.,0.));
#12743 = PCURVE('',#12497,#12744);
#12744 = DEFINITIONAL_REPRESENTATION('',(#12745),#12749);
#12745 = LINE('',#12746,#12747);
#12746 = CARTESIAN_POINT('',(10.,0.));
#12747 = VECTOR('',#12748,1.);
#12748 = DIRECTION('',(0.,1.));
#12749 = ( GEOMETRIC_REPRESENTATION_CONTEXT(2) 
PARAMETRIC_REPRESENTATION_CONTEXT() REPRESENTATION_CONTEXT('2D SPACE',''
  ) );
#12750 = PCURVE('',#12603,#12751);
#12751 = DEFINITIONAL_REPRESENTATION('',(#12752),#12756);
#12752 = LINE('',#12753,#12754);
#12753 = CARTESIAN_POINT('',(16.,0.));
#12754 = VECTOR('',#12755,1.);
#12755 = DIRECTION('',(0.,-1.));
#12756 = ( GEOMETRIC_REPRESENTATION_CONTEXT(2) 
PARAMETRIC_REPRESENTATION_CONTEXT() REPRESENTATION_CONTEXT('2D SPACE',''
  ) );
#12757 = ORIENTED_EDGE('',*,*,#12758,.F.);
#12758 = EDGE_CURVE('',#12456,#12736,#12759,.T.);
#12759 = SURFACE_CURVE('',#12760,(#12764,#12771),.PCURVE_S1.);
#12760 = LINE('',#12761,#12762);
#12761 = CARTESIAN_POINT('',(146.175,-30.,61.85));
#12762 = VECTOR('',#12763,1.);
#12763 = DIRECTION('',(1.,0.,-0.));
#12764 = PCURVE('',#12497,#12765);
#12765 = DEFINITIONAL_REPRESENTATION('',(#12766),#12770);
#12766 = LINE('',#12767,#12768);
#12767 = CARTESIAN_POINT('',(0.,12.));
#12768 = VECTOR('',#12769,1.);
#12769 = DIRECTION('',(1.,0.));
#12770 = ( GEOMETRIC_REPRESENTATION_CONTEXT(2) 
PARAMETRIC_REPRESENTATION_CONTEXT() REPRESENTATION_CONTEXT('2D SPACE',''
  ) );
#12771 = PCURVE('',#12471,#12772);
#12772 = DEFINITIONAL_REPRESENTATION('',(#12773),#12777);
#12773 = LINE('',#12774,#12775);
#12774 = CARTESIAN_POINT('',(16.,0.));
#12775 = VECTOR('',#12776,1.);
#12776 = DIRECTION('',(0.,1.));
#12777 = ( GEOMETRIC_REPRESENTATION_CONTEXT(2) 
PARAMETRIC_REPRESENTATION_CONTEXT() REPRESENTATION_CONTEXT('2D SPACE',''
  ) );
#12778 = ADVANCED_FACE('',(#12779),#12471,.T.);
#12779 = FACE_BOUND('',#12780,.T.);
#12780 = EDGE_LOOP('',(#12781,#12806,#12827,#12828,#12829,#12852,#12875,
    #12898));
#12781 = ORIENTED_EDGE('',*,*,#12782,.T.);
#12782 = EDGE_CURVE('',#12783,#12785,#12787,.T.);
#12783 = VERTEX_POINT('',#12784);
#12784 = CARTESIAN_POINT('',(156.175,-30.,23.595966692414));
#12785 = VERTEX_POINT('',#12786);
#12786 = CARTESIAN_POINT('',(156.175,-30.,45.85));
#12787 = SURFACE_CURVE('',#12788,(#12792,#12799),.PCURVE_S1.);
#12788 = LINE('',#12789,#12790);
#12789 = CARTESIAN_POINT('',(156.175,-30.,15.85));
#12790 = VECTOR('',#12791,1.);
#12791 = DIRECTION('',(0.,0.,1.));
#12792 = PCURVE('',#12471,#12793);
#12793 = DEFINITIONAL_REPRESENTATION('',(#12794),#12798);
#12794 = LINE('',#12795,#12796);
#12795 = CARTESIAN_POINT('',(-30.,10.));
#12796 = VECTOR('',#12797,1.);
#12797 = DIRECTION('',(1.,0.));
#12798 = ( GEOMETRIC_REPRESENTATION_CONTEXT(2) 
PARAMETRIC_REPRESENTATION_CONTEXT() REPRESENTATION_CONTEXT('2D SPACE',''
  ) );
#12799 = PCURVE('',#12530,#12800);
#12800 = DEFINITIONAL_REPRESENTATION('',(#12801),#12805);
#12801 = LINE('',#12802,#12803);
#12802 = CARTESIAN_POINT('',(0.,-12.));
#12803 = VECTOR('',#12804,1.);
#12804 = DIRECTION('',(1.,0.));
#12805 = ( GEOMETRIC_REPRESENTATION_CONTEXT(2) 
PARAMETRIC_REPRESENTATION_CONTEXT() REPRESENTATION_CONTEXT('2D SPACE',''
  ) );
#12806 = ORIENTED_EDGE('',*,*,#12807,.F.);
#12807 = EDGE_CURVE('',#12428,#12785,#12808,.T.);
#12808 = SURFACE_CURVE('',#12809,(#12813,#12820),.PCURVE_S1.);
#12809 = LINE('',#12810,#12811);
#12810 = CARTESIAN_POINT('',(146.175,-30.,45.85));
#12811 = VECTOR('',#12812,1.);
#12812 = DIRECTION('',(1.,0.,-0.));
#12813 = PCURVE('',#12471,#12814);
#12814 = DEFINITIONAL_REPRESENTATION('',(#12815),#12819);
#12815 = LINE('',#12816,#12817);
#12816 = CARTESIAN_POINT('',(0.,0.));
#12817 = VECTOR('',#12818,1.);
#12818 = DIRECTION('',(0.,1.));
#12819 = ( GEOMETRIC_REPRESENTATION_CONTEXT(2) 
PARAMETRIC_REPRESENTATION_CONTEXT() REPRESENTATION_CONTEXT('2D SPACE',''
  ) );
#12820 = PCURVE('',#12443,#12821);
#12821 = DEFINITIONAL_REPRESENTATION('',(#12822),#12826);
#12822 = LINE('',#12823,#12824);
#12823 = CARTESIAN_POINT('',(0.,12.));
#12824 = VECTOR('',#12825,1.);
#12825 = DIRECTION('',(1.,0.));
#12826 = ( GEOMETRIC_REPRESENTATION_CONTEXT(2) 
PARAMETRIC_REPRESENTATION_CONTEXT() REPRESENTATION_CONTEXT('2D SPACE',''
  ) );
#12827 = ORIENTED_EDGE('',*,*,#12455,.T.);
#12828 = ORIENTED_EDGE('',*,*,#12758,.T.);
#12829 = ORIENTED_EDGE('',*,*,#12830,.F.);
#12830 = EDGE_CURVE('',#12831,#12736,#12833,.T.);
#12831 = VERTEX_POINT('',#12832);
#12832 = CARTESIAN_POINT('',(156.175,-30.,57.85));
#12833 = SURFACE_CURVE('',#12834,(#12838,#12845),.PCURVE_S1.);
#12834 = LINE('',#12835,#12836);
#12835 = CARTESIAN_POINT('',(156.175,-30.,45.85));
#12836 = VECTOR('',#12837,1.);
#12837 = DIRECTION('',(0.,0.,1.));
#12838 = PCURVE('',#12471,#12839);
#12839 = DEFINITIONAL_REPRESENTATION('',(#12840),#12844);
#12840 = LINE('',#12841,#12842);
#12841 = CARTESIAN_POINT('',(0.,10.));
#12842 = VECTOR('',#12843,1.);
#12843 = DIRECTION('',(1.,0.));
#12844 = ( GEOMETRIC_REPRESENTATION_CONTEXT(2) 
PARAMETRIC_REPRESENTATION_CONTEXT() REPRESENTATION_CONTEXT('2D SPACE',''
  ) );
#12845 = PCURVE('',#12603,#12846);
#12846 = DEFINITIONAL_REPRESENTATION('',(#12847),#12851);
#12847 = LINE('',#12848,#12849);
#12848 = CARTESIAN_POINT('',(0.,-12.));
#12849 = VECTOR('',#12850,1.);
#12850 = DIRECTION('',(1.,0.));
#12851 = ( GEOMETRIC_REPRESENTATION_CONTEXT(2) 
PARAMETRIC_REPRESENTATION_CONTEXT() REPRESENTATION_CONTEXT('2D SPACE',''
  ) );
#12852 = ORIENTED_EDGE('',*,*,#12853,.T.);
#12853 = EDGE_CURVE('',#12831,#12854,#12856,.T.);
#12854 = VERTEX_POINT('',#12855);
#12855 = CARTESIAN_POINT('',(160.175,-30.,57.85));
#12856 = SURFACE_CURVE('',#12857,(#12861,#12868),.PCURVE_S1.);
#12857 = LINE('',#12858,#12859);
#12858 = CARTESIAN_POINT('',(156.175,-30.,57.85));
#12859 = VECTOR('',#12860,1.);
#12860 = DIRECTION('',(1.,0.,-0.));
#12861 = PCURVE('',#12471,#12862);
#12862 = DEFINITIONAL_REPRESENTATION('',(#12863),#12867);
#12863 = LINE('',#12864,#12865);
#12864 = CARTESIAN_POINT('',(12.,10.));
#12865 = VECTOR('',#12866,1.);
#12866 = DIRECTION('',(0.,1.));
#12867 = ( GEOMETRIC_REPRESENTATION_CONTEXT(2) 
PARAMETRIC_REPRESENTATION_CONTEXT() REPRESENTATION_CONTEXT('2D SPACE',''
  ) );
#12868 = PCURVE('',#12631,#12869);
#12869 = DEFINITIONAL_REPRESENTATION('',(#12870),#12874);
#12870 = LINE('',#12871,#12872);
#12871 = CARTESIAN_POINT('',(0.,12.));
#12872 = VECTOR('',#12873,1.);
#12873 = DIRECTION('',(1.,0.));
#12874 = ( GEOMETRIC_REPRESENTATION_CONTEXT(2) 
PARAMETRIC_REPRESENTATION_CONTEXT() REPRESENTATION_CONTEXT('2D SPACE',''
  ) );
#12875 = ORIENTED_EDGE('',*,*,#12876,.F.);
#12876 = EDGE_CURVE('',#12877,#12854,#12879,.T.);
#12877 = VERTEX_POINT('',#12878);
#12878 = CARTESIAN_POINT('',(160.175,-30.,23.595966692415));
#12879 = SURFACE_CURVE('',#12880,(#12884,#12891),.PCURVE_S1.);
#12880 = LINE('',#12881,#12882);
#12881 = CARTESIAN_POINT('',(160.175,-30.,15.85));
#12882 = VECTOR('',#12883,1.);
#12883 = DIRECTION('',(0.,0.,1.));
#12884 = PCURVE('',#12471,#12885);
#12885 = DEFINITIONAL_REPRESENTATION('',(#12886),#12890);
#12886 = LINE('',#12887,#12888);
#12887 = CARTESIAN_POINT('',(-30.,14.));
#12888 = VECTOR('',#12889,1.);
#12889 = DIRECTION('',(1.,0.));
#12890 = ( GEOMETRIC_REPRESENTATION_CONTEXT(2) 
PARAMETRIC_REPRESENTATION_CONTEXT() REPRESENTATION_CONTEXT('2D SPACE',''
  ) );
#12891 = PCURVE('',#12659,#12892);
#12892 = DEFINITIONAL_REPRESENTATION('',(#12893),#12897);
#12893 = LINE('',#12894,#12895);
#12894 = CARTESIAN_POINT('',(0.,-12.));
#12895 = VECTOR('',#12896,1.);
#12896 = DIRECTION('',(1.,0.));
#12897 = ( GEOMETRIC_REPRESENTATION_CONTEXT(2) 
PARAMETRIC_REPRESENTATION_CONTEXT() REPRESENTATION_CONTEXT('2D SPACE',''
  ) );
#12898 = ORIENTED_EDGE('',*,*,#12899,.T.);
#12899 = EDGE_CURVE('',#12877,#12783,#12900,.T.);
#12900 = SURFACE_CURVE('',#12901,(#12906,#12917),.PCURVE_S1.);
#12901 = CIRCLE('',#12902,8.);
#12902 = AXIS2_PLACEMENT_3D('',#12903,#12904,#12905);
#12903 = CARTESIAN_POINT('',(158.175,-30.,15.85));
#12904 = DIRECTION('',(0.,-1.,2.22044604925E-16));
#12905 = DIRECTION('',(1.,0.,0.));
#12906 = PCURVE('',#12471,#12907);
#12907 = DEFINITIONAL_REPRESENTATION('',(#12908),#12916);
#12908 = ( BOUNDED_CURVE() B_SPLINE_CURVE(2,(#12909,#12910,#12911,#12912
    ,#12913,#12914,#12915),.UNSPECIFIED.,.T.,.F.) 
B_SPLINE_CURVE_WITH_KNOTS((1,2,2,2,2,1),(-2.094395102393,0.,
    2.094395102393,4.188790204786,6.28318530718,8.377580409573),
.UNSPECIFIED.) CURVE() GEOMETRIC_REPRESENTATION_ITEM() 
RATIONAL_B_SPLINE_CURVE((1.,0.5,1.,0.5,1.,0.5,1.)) REPRESENTATION_ITEM(
  '') );
#12909 = CARTESIAN_POINT('',(-30.,20.));
#12910 = CARTESIAN_POINT('',(-16.14359353944,20.));
#12911 = CARTESIAN_POINT('',(-23.07179676972,8.));
#12912 = CARTESIAN_POINT('',(-30.,-4.));
#12913 = CARTESIAN_POINT('',(-36.92820323027,8.));
#12914 = CARTESIAN_POINT('',(-43.85640646055,20.));
#12915 = CARTESIAN_POINT('',(-30.,20.));
#12916 = ( GEOMETRIC_REPRESENTATION_CONTEXT(2) 
PARAMETRIC_REPRESENTATION_CONTEXT() REPRESENTATION_CONTEXT('2D SPACE',''
  ) );
#12917 = PCURVE('',#12692,#12918);
#12918 = DEFINITIONAL_REPRESENTATION('',(#12919),#12923);
#12919 = LINE('',#12920,#12921);
#12920 = CARTESIAN_POINT('',(0.,72.));
#12921 = VECTOR('',#12922,1.);
#12922 = DIRECTION('',(1.,0.));
#12923 = ( GEOMETRIC_REPRESENTATION_CONTEXT(2) 
PARAMETRIC_REPRESENTATION_CONTEXT() REPRESENTATION_CONTEXT('2D SPACE',''
  ) );
#12924 = ADVANCED_FACE('',(#12925),#12443,.F.);
#12925 = FACE_BOUND('',#12926,.F.);
#12926 = EDGE_LOOP('',(#12927,#12928,#12929,#12950));
#12927 = ORIENTED_EDGE('',*,*,#12427,.F.);
#12928 = ORIENTED_EDGE('',*,*,#12542,.T.);
#12929 = ORIENTED_EDGE('',*,*,#12930,.T.);
#12930 = EDGE_CURVE('',#12515,#12785,#12931,.T.);
#12931 = SURFACE_CURVE('',#12932,(#12936,#12943),.PCURVE_S1.);
#12932 = LINE('',#12933,#12934);
#12933 = CARTESIAN_POINT('',(156.175,-42.,45.85));
#12934 = VECTOR('',#12935,1.);
#12935 = DIRECTION('',(-0.,1.,0.));
#12936 = PCURVE('',#12443,#12937);
#12937 = DEFINITIONAL_REPRESENTATION('',(#12938),#12942);
#12938 = LINE('',#12939,#12940);
#12939 = CARTESIAN_POINT('',(10.,0.));
#12940 = VECTOR('',#12941,1.);
#12941 = DIRECTION('',(0.,1.));
#12942 = ( GEOMETRIC_REPRESENTATION_CONTEXT(2) 
PARAMETRIC_REPRESENTATION_CONTEXT() REPRESENTATION_CONTEXT('2D SPACE',''
  ) );
#12943 = PCURVE('',#12530,#12944);
#12944 = DEFINITIONAL_REPRESENTATION('',(#12945),#12949);
#12945 = LINE('',#12946,#12947);
#12946 = CARTESIAN_POINT('',(30.,0.));
#12947 = VECTOR('',#12948,1.);
#12948 = DIRECTION('',(0.,-1.));
#12949 = ( GEOMETRIC_REPRESENTATION_CONTEXT(2) 
PARAMETRIC_REPRESENTATION_CONTEXT() REPRESENTATION_CONTEXT('2D SPACE',''
  ) );
#12950 = ORIENTED_EDGE('',*,*,#12807,.F.);
#12951 = ADVANCED_FACE('',(#12952),#12530,.F.);
#12952 = FACE_BOUND('',#12953,.F.);
#12953 = EDGE_LOOP('',(#12954,#12955,#12974,#12975));
#12954 = ORIENTED_EDGE('',*,*,#12512,.F.);
#12955 = ORIENTED_EDGE('',*,*,#12956,.F.);
#12956 = EDGE_CURVE('',#12783,#12513,#12957,.T.);
#12957 = SURFACE_CURVE('',#12958,(#12962,#12968),.PCURVE_S1.);
#12958 = LINE('',#12959,#12960);
#12959 = CARTESIAN_POINT('',(156.175,42.,23.595966692415));
#12960 = VECTOR('',#12961,1.);
#12961 = DIRECTION('',(0.,-1.,2.22044604925E-16));
#12962 = PCURVE('',#12530,#12963);
#12963 = DEFINITIONAL_REPRESENTATION('',(#12964),#12967);
#12964 = B_SPLINE_CURVE_WITH_KNOTS('',1,(#12965,#12966),.UNSPECIFIED.,
  .F.,.F.,(2,2),(70.8,84.0000024),.PIECEWISE_BEZIER_KNOTS.);
#12965 = CARTESIAN_POINT('',(7.745966692415,-13.2));
#12966 = CARTESIAN_POINT('',(7.745966692415,2.399999999625E-06));
#12967 = ( GEOMETRIC_REPRESENTATION_CONTEXT(2) 
PARAMETRIC_REPRESENTATION_CONTEXT() REPRESENTATION_CONTEXT('2D SPACE',''
  ) );
#12968 = PCURVE('',#12692,#12969);
#12969 = DEFINITIONAL_REPRESENTATION('',(#12970),#12973);
#12970 = B_SPLINE_CURVE_WITH_KNOTS('',1,(#12971,#12972),.UNSPECIFIED.,
  .F.,.F.,(2,2),(70.8,84.0000024),.PIECEWISE_BEZIER_KNOTS.);
#12971 = CARTESIAN_POINT('',(1.823476581937,70.8));
#12972 = CARTESIAN_POINT('',(1.823476581937,84.0000024));
#12973 = ( GEOMETRIC_REPRESENTATION_CONTEXT(2) 
PARAMETRIC_REPRESENTATION_CONTEXT() REPRESENTATION_CONTEXT('2D SPACE',''
  ) );
#12974 = ORIENTED_EDGE('',*,*,#12782,.T.);
#12975 = ORIENTED_EDGE('',*,*,#12930,.F.);
#12976 = ADVANCED_FACE('',(#12977),#12659,.T.);
#12977 = FACE_BOUND('',#12978,.T.);
#12978 = EDGE_LOOP('',(#12979,#12980,#12999,#13000));
#12979 = ORIENTED_EDGE('',*,*,#12643,.F.);
#12980 = ORIENTED_EDGE('',*,*,#12981,.F.);
#12981 = EDGE_CURVE('',#12877,#12644,#12982,.T.);
#12982 = SURFACE_CURVE('',#12983,(#12987,#12993),.PCURVE_S1.);
#12983 = LINE('',#12984,#12985);
#12984 = CARTESIAN_POINT('',(160.175,42.,23.595966692415));
#12985 = VECTOR('',#12986,1.);
#12986 = DIRECTION('',(0.,-1.,2.22044604925E-16));
#12987 = PCURVE('',#12659,#12988);
#12988 = DEFINITIONAL_REPRESENTATION('',(#12989),#12992);
#12989 = B_SPLINE_CURVE_WITH_KNOTS('',1,(#12990,#12991),.UNSPECIFIED.,
  .F.,.F.,(2,2),(70.8,84.0000024),.PIECEWISE_BEZIER_KNOTS.);
#12990 = CARTESIAN_POINT('',(7.745966692415,-13.2));
#12991 = CARTESIAN_POINT('',(7.745966692415,2.399999999625E-06));
#12992 = ( GEOMETRIC_REPRESENTATION_CONTEXT(2) 
PARAMETRIC_REPRESENTATION_CONTEXT() REPRESENTATION_CONTEXT('2D SPACE',''
  ) );
#12993 = PCURVE('',#12692,#12994);
#12994 = DEFINITIONAL_REPRESENTATION('',(#12995),#12998);
#12995 = B_SPLINE_CURVE_WITH_KNOTS('',1,(#12996,#12997),.UNSPECIFIED.,
  .F.,.F.,(2,2),(70.8,84.0000024),.PIECEWISE_BEZIER_KNOTS.);
#12996 = CARTESIAN_POINT('',(1.318116071653,70.8));
#12997 = CARTESIAN_POINT('',(1.318116071653,84.0000024));
#12998 = ( GEOMETRIC_REPRESENTATION_CONTEXT(2) 
PARAMETRIC_REPRESENTATION_CONTEXT() REPRESENTATION_CONTEXT('2D SPACE',''
  ) );
#12999 = ORIENTED_EDGE('',*,*,#12876,.T.);
#13000 = ORIENTED_EDGE('',*,*,#13001,.F.);
#13001 = EDGE_CURVE('',#12616,#12854,#13002,.T.);
#13002 = SURFACE_CURVE('',#13003,(#13007,#13014),.PCURVE_S1.);
#13003 = LINE('',#13004,#13005);
#13004 = CARTESIAN_POINT('',(160.175,-42.,57.85));
#13005 = VECTOR('',#13006,1.);
#13006 = DIRECTION('',(-0.,1.,0.));
#13007 = PCURVE('',#12659,#13008);
#13008 = DEFINITIONAL_REPRESENTATION('',(#13009),#13013);
#13009 = LINE('',#13010,#13011);
#13010 = CARTESIAN_POINT('',(42.,0.));
#13011 = VECTOR('',#13012,1.);
#13012 = DIRECTION('',(0.,-1.));
#13013 = ( GEOMETRIC_REPRESENTATION_CONTEXT(2) 
PARAMETRIC_REPRESENTATION_CONTEXT() REPRESENTATION_CONTEXT('2D SPACE',''
  ) );
#13014 = PCURVE('',#12631,#13015);
#13015 = DEFINITIONAL_REPRESENTATION('',(#13016),#13020);
#13016 = LINE('',#13017,#13018);
#13017 = CARTESIAN_POINT('',(4.,0.));
#13018 = VECTOR('',#13019,1.);
#13019 = DIRECTION('',(0.,1.));
#13020 = ( GEOMETRIC_REPRESENTATION_CONTEXT(2) 
PARAMETRIC_REPRESENTATION_CONTEXT() REPRESENTATION_CONTEXT('2D SPACE',''
  ) );
#13021 = ADVANCED_FACE('',(#13022),#12631,.T.);
#13022 = FACE_BOUND('',#13023,.T.);
#13023 = EDGE_LOOP('',(#13024,#13045,#13046,#13047));
#13024 = ORIENTED_EDGE('',*,*,#13025,.F.);
#13025 = EDGE_CURVE('',#12588,#12831,#13026,.T.);
#13026 = SURFACE_CURVE('',#13027,(#13031,#13038),.PCURVE_S1.);
#13027 = LINE('',#13028,#13029);
#13028 = CARTESIAN_POINT('',(156.175,-42.,57.85));
#13029 = VECTOR('',#13030,1.);
#13030 = DIRECTION('',(-0.,1.,0.));
#13031 = PCURVE('',#12631,#13032);
#13032 = DEFINITIONAL_REPRESENTATION('',(#13033),#13037);
#13033 = LINE('',#13034,#13035);
#13034 = CARTESIAN_POINT('',(0.,0.));
#13035 = VECTOR('',#13036,1.);
#13036 = DIRECTION('',(0.,1.));
#13037 = ( GEOMETRIC_REPRESENTATION_CONTEXT(2) 
PARAMETRIC_REPRESENTATION_CONTEXT() REPRESENTATION_CONTEXT('2D SPACE',''
  ) );
#13038 = PCURVE('',#12603,#13039);
#13039 = DEFINITIONAL_REPRESENTATION('',(#13040),#13044);
#13040 = LINE('',#13041,#13042);
#13041 = CARTESIAN_POINT('',(12.,0.));
#13042 = VECTOR('',#13043,1.);
#13043 = DIRECTION('',(0.,-1.));
#13044 = ( GEOMETRIC_REPRESENTATION_CONTEXT(2) 
PARAMETRIC_REPRESENTATION_CONTEXT() REPRESENTATION_CONTEXT('2D SPACE',''
  ) );
#13045 = ORIENTED_EDGE('',*,*,#12615,.T.);
#13046 = ORIENTED_EDGE('',*,*,#13001,.T.);
#13047 = ORIENTED_EDGE('',*,*,#12853,.F.);
#13048 = ADVANCED_FACE('',(#13049),#12603,.T.);
#13049 = FACE_BOUND('',#13050,.T.);
#13050 = EDGE_LOOP('',(#13051,#13052,#13053,#13054));
#13051 = ORIENTED_EDGE('',*,*,#12587,.F.);
#13052 = ORIENTED_EDGE('',*,*,#13025,.T.);
#13053 = ORIENTED_EDGE('',*,*,#12830,.T.);
#13054 = ORIENTED_EDGE('',*,*,#12735,.F.);
#13055 = ADVANCED_FACE('',(#13056),#12692,.T.);
#13056 = FACE_BOUND('',#13057,.T.);
#13057 = EDGE_LOOP('',(#13058,#13081,#13082,#13083,#13084,#13085,#13086,
    #13087,#13116,#13142,#13175,#13201));
#13058 = ORIENTED_EDGE('',*,*,#13059,.T.);
#13059 = EDGE_CURVE('',#13060,#12672,#13062,.T.);
#13060 = VERTEX_POINT('',#13061);
#13061 = CARTESIAN_POINT('',(166.175,42.,15.85));
#13062 = SEAM_CURVE('',#13063,(#13067,#13074),.PCURVE_S1.);
#13063 = LINE('',#13064,#13065);
#13064 = CARTESIAN_POINT('',(166.175,42.,15.85));
#13065 = VECTOR('',#13066,1.);
#13066 = DIRECTION('',(0.,-1.,2.22044604925E-16));
#13067 = PCURVE('',#12692,#13068);
#13068 = DEFINITIONAL_REPRESENTATION('',(#13069),#13073);
#13069 = LINE('',#13070,#13071);
#13070 = CARTESIAN_POINT('',(6.28318530718,-0.));
#13071 = VECTOR('',#13072,1.);
#13072 = DIRECTION('',(0.,1.));
#13073 = ( GEOMETRIC_REPRESENTATION_CONTEXT(2) 
PARAMETRIC_REPRESENTATION_CONTEXT() REPRESENTATION_CONTEXT('2D SPACE',''
  ) );
#13074 = PCURVE('',#12692,#13075);
#13075 = DEFINITIONAL_REPRESENTATION('',(#13076),#13080);
#13076 = LINE('',#13077,#13078);
#13077 = CARTESIAN_POINT('',(0.,-0.));
#13078 = VECTOR('',#13079,1.);
#13079 = DIRECTION('',(0.,1.));
#13080 = ( GEOMETRIC_REPRESENTATION_CONTEXT(2) 
PARAMETRIC_REPRESENTATION_CONTEXT() REPRESENTATION_CONTEXT('2D SPACE',''
  ) );
#13081 = ORIENTED_EDGE('',*,*,#12704,.F.);
#13082 = ORIENTED_EDGE('',*,*,#12956,.F.);
#13083 = ORIENTED_EDGE('',*,*,#12899,.F.);
#13084 = ORIENTED_EDGE('',*,*,#12981,.T.);
#13085 = ORIENTED_EDGE('',*,*,#12671,.F.);
#13086 = ORIENTED_EDGE('',*,*,#13059,.F.);
#13087 = ORIENTED_EDGE('',*,*,#13088,.T.);
#13088 = EDGE_CURVE('',#13060,#13089,#13091,.T.);
#13089 = VERTEX_POINT('',#13090);
#13090 = CARTESIAN_POINT('',(160.175,42.,23.595966692415));
#13091 = SURFACE_CURVE('',#13092,(#13097,#13104),.PCURVE_S1.);
#13092 = CIRCLE('',#13093,8.);
#13093 = AXIS2_PLACEMENT_3D('',#13094,#13095,#13096);
#13094 = CARTESIAN_POINT('',(158.175,42.,15.85));
#13095 = DIRECTION('',(0.,-1.,2.22044604925E-16));
#13096 = DIRECTION('',(1.,0.,0.));
#13097 = PCURVE('',#12692,#13098);
#13098 = DEFINITIONAL_REPRESENTATION('',(#13099),#13103);
#13099 = LINE('',#13100,#13101);
#13100 = CARTESIAN_POINT('',(0.,0.));
#13101 = VECTOR('',#13102,1.);
#13102 = DIRECTION('',(1.,0.));
#13103 = ( GEOMETRIC_REPRESENTATION_CONTEXT(2) 
PARAMETRIC_REPRESENTATION_CONTEXT() REPRESENTATION_CONTEXT('2D SPACE',''
  ) );
#13104 = PCURVE('',#13105,#13110);
#13105 = PLANE('',#13106);
#13106 = AXIS2_PLACEMENT_3D('',#13107,#13108,#13109);
#13107 = CARTESIAN_POINT('',(158.175,42.,15.85));
#13108 = DIRECTION('',(0.,-1.,2.22044604925E-16));
#13109 = DIRECTION('',(1.,0.,0.));
#13110 = DEFINITIONAL_REPRESENTATION('',(#13111),#13115);
#13111 = CIRCLE('',#13112,8.);
#13112 = AXIS2_PLACEMENT_2D('',#13113,#13114);
#13113 = CARTESIAN_POINT('',(0.,0.));
#13114 = DIRECTION('',(1.,0.));
#13115 = ( GEOMETRIC_REPRESENTATION_CONTEXT(2) 
PARAMETRIC_REPRESENTATION_CONTEXT() REPRESENTATION_CONTEXT('2D SPACE',''
  ) );
#13116 = ORIENTED_EDGE('',*,*,#13117,.T.);
#13117 = EDGE_CURVE('',#13089,#13118,#13120,.T.);
#13118 = VERTEX_POINT('',#13119);
#13119 = CARTESIAN_POINT('',(160.175,30.,23.595966692415));
#13120 = SURFACE_CURVE('',#13121,(#13125,#13131),.PCURVE_S1.);
#13121 = LINE('',#13122,#13123);
#13122 = CARTESIAN_POINT('',(160.175,42.,23.595966692415));
#13123 = VECTOR('',#13124,1.);
#13124 = DIRECTION('',(0.,-1.,2.22044604925E-16));
#13125 = PCURVE('',#12692,#13126);
#13126 = DEFINITIONAL_REPRESENTATION('',(#13127),#13130);
#13127 = B_SPLINE_CURVE_WITH_KNOTS('',1,(#13128,#13129),.UNSPECIFIED.,
  .F.,.F.,(2,2),(-2.399999999625E-06,13.2),.PIECEWISE_BEZIER_KNOTS.);
#13128 = CARTESIAN_POINT('',(1.318116071653,-2.399999997905E-06));
#13129 = CARTESIAN_POINT('',(1.318116071653,13.2));
#13130 = ( GEOMETRIC_REPRESENTATION_CONTEXT(2) 
PARAMETRIC_REPRESENTATION_CONTEXT() REPRESENTATION_CONTEXT('2D SPACE',''
  ) );
#13131 = PCURVE('',#13132,#13137);
#13132 = PLANE('',#13133);
#13133 = AXIS2_PLACEMENT_3D('',#13134,#13135,#13136);
#13134 = CARTESIAN_POINT('',(160.175,30.,15.85));
#13135 = DIRECTION('',(1.,0.,-0.));
#13136 = DIRECTION('',(0.,0.,1.));
#13137 = DEFINITIONAL_REPRESENTATION('',(#13138),#13141);
#13138 = B_SPLINE_CURVE_WITH_KNOTS('',1,(#13139,#13140),.UNSPECIFIED.,
  .F.,.F.,(2,2),(-2.399999999625E-06,13.2),.PIECEWISE_BEZIER_KNOTS.);
#13139 = CARTESIAN_POINT('',(7.745966692415,-12.0000024));
#13140 = CARTESIAN_POINT('',(7.745966692415,1.2));
#13141 = ( GEOMETRIC_REPRESENTATION_CONTEXT(2) 
PARAMETRIC_REPRESENTATION_CONTEXT() REPRESENTATION_CONTEXT('2D SPACE',''
  ) );
#13142 = ORIENTED_EDGE('',*,*,#13143,.T.);
#13143 = EDGE_CURVE('',#13118,#13144,#13146,.T.);
#13144 = VERTEX_POINT('',#13145);
#13145 = CARTESIAN_POINT('',(156.175,30.,23.595966692414));
#13146 = SURFACE_CURVE('',#13147,(#13152,#13159),.PCURVE_S1.);
#13147 = CIRCLE('',#13148,8.);
#13148 = AXIS2_PLACEMENT_3D('',#13149,#13150,#13151);
#13149 = CARTESIAN_POINT('',(158.175,30.,15.85));
#13150 = DIRECTION('',(0.,-1.,2.22044604925E-16));
#13151 = DIRECTION('',(1.,0.,0.));
#13152 = PCURVE('',#12692,#13153);
#13153 = DEFINITIONAL_REPRESENTATION('',(#13154),#13158);
#13154 = LINE('',#13155,#13156);
#13155 = CARTESIAN_POINT('',(0.,12.));
#13156 = VECTOR('',#13157,1.);
#13157 = DIRECTION('',(1.,0.));
#13158 = ( GEOMETRIC_REPRESENTATION_CONTEXT(2) 
PARAMETRIC_REPRESENTATION_CONTEXT() REPRESENTATION_CONTEXT('2D SPACE',''
  ) );
#13159 = PCURVE('',#13160,#13165);
#13160 = PLANE('',#13161);
#13161 = AXIS2_PLACEMENT_3D('',#13162,#13163,#13164);
#13162 = CARTESIAN_POINT('',(146.175,30.,45.85));
#13163 = DIRECTION('',(-0.,1.,0.));
#13164 = DIRECTION('',(0.,0.,1.));
#13165 = DEFINITIONAL_REPRESENTATION('',(#13166),#13174);
#13166 = ( BOUNDED_CURVE() B_SPLINE_CURVE(2,(#13167,#13168,#13169,#13170
    ,#13171,#13172,#13173),.UNSPECIFIED.,.T.,.F.) 
B_SPLINE_CURVE_WITH_KNOTS((1,2,2,2,2,1),(-2.094395102393,0.,
    2.094395102393,4.188790204786,6.28318530718,8.377580409573),
.UNSPECIFIED.) CURVE() GEOMETRIC_REPRESENTATION_ITEM() 
RATIONAL_B_SPLINE_CURVE((1.,0.5,1.,0.5,1.,0.5,1.)) REPRESENTATION_ITEM(
  '') );
#13167 = CARTESIAN_POINT('',(-30.,20.));
#13168 = CARTESIAN_POINT('',(-16.14359353944,20.));
#13169 = CARTESIAN_POINT('',(-23.07179676972,8.));
#13170 = CARTESIAN_POINT('',(-30.,-4.));
#13171 = CARTESIAN_POINT('',(-36.92820323027,8.));
#13172 = CARTESIAN_POINT('',(-43.85640646055,20.));
#13173 = CARTESIAN_POINT('',(-30.,20.));
#13174 = ( GEOMETRIC_REPRESENTATION_CONTEXT(2) 
PARAMETRIC_REPRESENTATION_CONTEXT() REPRESENTATION_CONTEXT('2D SPACE',''
  ) );
#13175 = ORIENTED_EDGE('',*,*,#13176,.F.);
#13176 = EDGE_CURVE('',#13177,#13144,#13179,.T.);
#13177 = VERTEX_POINT('',#13178);
#13178 = CARTESIAN_POINT('',(156.175,42.,23.595966692415));
#13179 = SURFACE_CURVE('',#13180,(#13184,#13190),.PCURVE_S1.);
#13180 = LINE('',#13181,#13182);
#13181 = CARTESIAN_POINT('',(156.175,42.,23.595966692415));
#13182 = VECTOR('',#13183,1.);
#13183 = DIRECTION('',(0.,-1.,2.22044604925E-16));
#13184 = PCURVE('',#12692,#13185);
#13185 = DEFINITIONAL_REPRESENTATION('',(#13186),#13189);
#13186 = B_SPLINE_CURVE_WITH_KNOTS('',1,(#13187,#13188),.UNSPECIFIED.,
  .F.,.F.,(2,2),(-2.399999999625E-06,13.2),.PIECEWISE_BEZIER_KNOTS.);
#13187 = CARTESIAN_POINT('',(1.823476581937,-2.399999997905E-06));
#13188 = CARTESIAN_POINT('',(1.823476581937,13.2));
#13189 = ( GEOMETRIC_REPRESENTATION_CONTEXT(2) 
PARAMETRIC_REPRESENTATION_CONTEXT() REPRESENTATION_CONTEXT('2D SPACE',''
  ) );
#13190 = PCURVE('',#13191,#13196);
#13191 = PLANE('',#13192);
#13192 = AXIS2_PLACEMENT_3D('',#13193,#13194,#13195);
#13193 = CARTESIAN_POINT('',(156.175,30.,15.85));
#13194 = DIRECTION('',(1.,0.,-0.));
#13195 = DIRECTION('',(0.,0.,1.));
#13196 = DEFINITIONAL_REPRESENTATION('',(#13197),#13200);
#13197 = B_SPLINE_CURVE_WITH_KNOTS('',1,(#13198,#13199),.UNSPECIFIED.,
  .F.,.F.,(2,2),(-2.399999999625E-06,13.2),.PIECEWISE_BEZIER_KNOTS.);
#13198 = CARTESIAN_POINT('',(7.745966692415,-12.0000024));
#13199 = CARTESIAN_POINT('',(7.745966692415,1.2));
#13200 = ( GEOMETRIC_REPRESENTATION_CONTEXT(2) 
PARAMETRIC_REPRESENTATION_CONTEXT() REPRESENTATION_CONTEXT('2D SPACE',''
  ) );
#13201 = ORIENTED_EDGE('',*,*,#13202,.T.);
#13202 = EDGE_CURVE('',#13177,#13060,#13203,.T.);
#13203 = SURFACE_CURVE('',#13204,(#13209,#13216),.PCURVE_S1.);
#13204 = CIRCLE('',#13205,8.);
#13205 = AXIS2_PLACEMENT_3D('',#13206,#13207,#13208);
#13206 = CARTESIAN_POINT('',(158.175,42.,15.85));
#13207 = DIRECTION('',(0.,-1.,2.22044604925E-16));
#13208 = DIRECTION('',(1.,0.,0.));
#13209 = PCURVE('',#12692,#13210);
#13210 = DEFINITIONAL_REPRESENTATION('',(#13211),#13215);
#13211 = LINE('',#13212,#13213);
#13212 = CARTESIAN_POINT('',(0.,0.));
#13213 = VECTOR('',#13214,1.);
#13214 = DIRECTION('',(1.,0.));
#13215 = ( GEOMETRIC_REPRESENTATION_CONTEXT(2) 
PARAMETRIC_REPRESENTATION_CONTEXT() REPRESENTATION_CONTEXT('2D SPACE',''
  ) );
#13216 = PCURVE('',#13105,#13217);
#13217 = DEFINITIONAL_REPRESENTATION('',(#13218),#13222);
#13218 = CIRCLE('',#13219,8.);
#13219 = AXIS2_PLACEMENT_2D('',#13220,#13221);
#13220 = CARTESIAN_POINT('',(0.,0.));
#13221 = DIRECTION('',(1.,0.));
#13222 = ( GEOMETRIC_REPRESENTATION_CONTEXT(2) 
PARAMETRIC_REPRESENTATION_CONTEXT() REPRESENTATION_CONTEXT('2D SPACE',''
  ) );
#13223 = ADVANCED_FACE('',(#13224),#13105,.F.);
#13224 = FACE_BOUND('',#13225,.F.);
#13225 = EDGE_LOOP('',(#13226,#13227,#13228,#13251,#13279,#13307,#13335,
    #13363,#13391));
#13226 = ORIENTED_EDGE('',*,*,#13202,.T.);
#13227 = ORIENTED_EDGE('',*,*,#13088,.T.);
#13228 = ORIENTED_EDGE('',*,*,#13229,.T.);
#13229 = EDGE_CURVE('',#13089,#13230,#13232,.T.);
#13230 = VERTEX_POINT('',#13231);
#13231 = CARTESIAN_POINT('',(160.175,42.,57.85));
#13232 = SURFACE_CURVE('',#13233,(#13237,#13244),.PCURVE_S1.);
#13233 = LINE('',#13234,#13235);
#13234 = CARTESIAN_POINT('',(160.175,42.,15.85));
#13235 = VECTOR('',#13236,1.);
#13236 = DIRECTION('',(0.,0.,1.));
#13237 = PCURVE('',#13105,#13238);
#13238 = DEFINITIONAL_REPRESENTATION('',(#13239),#13243);
#13239 = LINE('',#13240,#13241);
#13240 = CARTESIAN_POINT('',(2.,8.881784197001E-15));
#13241 = VECTOR('',#13242,1.);
#13242 = DIRECTION('',(0.,1.));
#13243 = ( GEOMETRIC_REPRESENTATION_CONTEXT(2) 
PARAMETRIC_REPRESENTATION_CONTEXT() REPRESENTATION_CONTEXT('2D SPACE',''
  ) );
#13244 = PCURVE('',#13132,#13245);
#13245 = DEFINITIONAL_REPRESENTATION('',(#13246),#13250);
#13246 = LINE('',#13247,#13248);
#13247 = CARTESIAN_POINT('',(0.,-12.));
#13248 = VECTOR('',#13249,1.);
#13249 = DIRECTION('',(1.,0.));
#13250 = ( GEOMETRIC_REPRESENTATION_CONTEXT(2) 
PARAMETRIC_REPRESENTATION_CONTEXT() REPRESENTATION_CONTEXT('2D SPACE',''
  ) );
#13251 = ORIENTED_EDGE('',*,*,#13252,.F.);
#13252 = EDGE_CURVE('',#13253,#13230,#13255,.T.);
#13253 = VERTEX_POINT('',#13254);
#13254 = CARTESIAN_POINT('',(156.175,42.,57.85));
#13255 = SURFACE_CURVE('',#13256,(#13260,#13267),.PCURVE_S1.);
#13256 = LINE('',#13257,#13258);
#13257 = CARTESIAN_POINT('',(156.175,42.,57.85));
#13258 = VECTOR('',#13259,1.);
#13259 = DIRECTION('',(1.,0.,-0.));
#13260 = PCURVE('',#13105,#13261);
#13261 = DEFINITIONAL_REPRESENTATION('',(#13262),#13266);
#13262 = LINE('',#13263,#13264);
#13263 = CARTESIAN_POINT('',(-2.,42.));
#13264 = VECTOR('',#13265,1.);
#13265 = DIRECTION('',(1.,0.));
#13266 = ( GEOMETRIC_REPRESENTATION_CONTEXT(2) 
PARAMETRIC_REPRESENTATION_CONTEXT() REPRESENTATION_CONTEXT('2D SPACE',''
  ) );
#13267 = PCURVE('',#13268,#13273);
#13268 = PLANE('',#13269);
#13269 = AXIS2_PLACEMENT_3D('',#13270,#13271,#13272);
#13270 = CARTESIAN_POINT('',(156.175,30.,57.85));
#13271 = DIRECTION('',(0.,0.,1.));
#13272 = DIRECTION('',(1.,0.,-0.));
#13273 = DEFINITIONAL_REPRESENTATION('',(#13274),#13278);
#13274 = LINE('',#13275,#13276);
#13275 = CARTESIAN_POINT('',(0.,12.));
#13276 = VECTOR('',#13277,1.);
#13277 = DIRECTION('',(1.,0.));
#13278 = ( GEOMETRIC_REPRESENTATION_CONTEXT(2) 
PARAMETRIC_REPRESENTATION_CONTEXT() REPRESENTATION_CONTEXT('2D SPACE',''
  ) );
#13279 = ORIENTED_EDGE('',*,*,#13280,.T.);
#13280 = EDGE_CURVE('',#13253,#13281,#13283,.T.);
#13281 = VERTEX_POINT('',#13282);
#13282 = CARTESIAN_POINT('',(156.175,42.,61.85));
#13283 = SURFACE_CURVE('',#13284,(#13288,#13295),.PCURVE_S1.);
#13284 = LINE('',#13285,#13286);
#13285 = CARTESIAN_POINT('',(156.175,42.,45.85));
#13286 = VECTOR('',#13287,1.);
#13287 = DIRECTION('',(0.,0.,1.));
#13288 = PCURVE('',#13105,#13289);
#13289 = DEFINITIONAL_REPRESENTATION('',(#13290),#13294);
#13290 = LINE('',#13291,#13292);
#13291 = CARTESIAN_POINT('',(-2.,30.));
#13292 = VECTOR('',#13293,1.);
#13293 = DIRECTION('',(0.,1.));
#13294 = ( GEOMETRIC_REPRESENTATION_CONTEXT(2) 
PARAMETRIC_REPRESENTATION_CONTEXT() REPRESENTATION_CONTEXT('2D SPACE',''
  ) );
#13295 = PCURVE('',#13296,#13301);
#13296 = PLANE('',#13297);
#13297 = AXIS2_PLACEMENT_3D('',#13298,#13299,#13300);
#13298 = CARTESIAN_POINT('',(156.175,30.,45.85));
#13299 = DIRECTION('',(1.,0.,-0.));
#13300 = DIRECTION('',(0.,0.,1.));
#13301 = DEFINITIONAL_REPRESENTATION('',(#13302),#13306);
#13302 = LINE('',#13303,#13304);
#13303 = CARTESIAN_POINT('',(0.,-12.));
#13304 = VECTOR('',#13305,1.);
#13305 = DIRECTION('',(1.,0.));
#13306 = ( GEOMETRIC_REPRESENTATION_CONTEXT(2) 
PARAMETRIC_REPRESENTATION_CONTEXT() REPRESENTATION_CONTEXT('2D SPACE',''
  ) );
#13307 = ORIENTED_EDGE('',*,*,#13308,.F.);
#13308 = EDGE_CURVE('',#13309,#13281,#13311,.T.);
#13309 = VERTEX_POINT('',#13310);
#13310 = CARTESIAN_POINT('',(146.175,42.,61.85));
#13311 = SURFACE_CURVE('',#13312,(#13316,#13323),.PCURVE_S1.);
#13312 = LINE('',#13313,#13314);
#13313 = CARTESIAN_POINT('',(146.175,42.,61.85));
#13314 = VECTOR('',#13315,1.);
#13315 = DIRECTION('',(1.,0.,-0.));
#13316 = PCURVE('',#13105,#13317);
#13317 = DEFINITIONAL_REPRESENTATION('',(#13318),#13322);
#13318 = LINE('',#13319,#13320);
#13319 = CARTESIAN_POINT('',(-12.,46.));
#13320 = VECTOR('',#13321,1.);
#13321 = DIRECTION('',(1.,0.));
#13322 = ( GEOMETRIC_REPRESENTATION_CONTEXT(2) 
PARAMETRIC_REPRESENTATION_CONTEXT() REPRESENTATION_CONTEXT('2D SPACE',''
  ) );
#13323 = PCURVE('',#13324,#13329);
#13324 = PLANE('',#13325);
#13325 = AXIS2_PLACEMENT_3D('',#13326,#13327,#13328);
#13326 = CARTESIAN_POINT('',(146.175,30.,61.85));
#13327 = DIRECTION('',(0.,0.,1.));
#13328 = DIRECTION('',(1.,0.,-0.));
#13329 = DEFINITIONAL_REPRESENTATION('',(#13330),#13334);
#13330 = LINE('',#13331,#13332);
#13331 = CARTESIAN_POINT('',(0.,12.));
#13332 = VECTOR('',#13333,1.);
#13333 = DIRECTION('',(1.,0.));
#13334 = ( GEOMETRIC_REPRESENTATION_CONTEXT(2) 
PARAMETRIC_REPRESENTATION_CONTEXT() REPRESENTATION_CONTEXT('2D SPACE',''
  ) );
#13335 = ORIENTED_EDGE('',*,*,#13336,.F.);
#13336 = EDGE_CURVE('',#13337,#13309,#13339,.T.);
#13337 = VERTEX_POINT('',#13338);
#13338 = CARTESIAN_POINT('',(146.175,42.,45.85));
#13339 = SURFACE_CURVE('',#13340,(#13344,#13351),.PCURVE_S1.);
#13340 = LINE('',#13341,#13342);
#13341 = CARTESIAN_POINT('',(146.175,42.,45.85));
#13342 = VECTOR('',#13343,1.);
#13343 = DIRECTION('',(0.,0.,1.));
#13344 = PCURVE('',#13105,#13345);
#13345 = DEFINITIONAL_REPRESENTATION('',(#13346),#13350);
#13346 = LINE('',#13347,#13348);
#13347 = CARTESIAN_POINT('',(-12.,30.));
#13348 = VECTOR('',#13349,1.);
#13349 = DIRECTION('',(0.,1.));
#13350 = ( GEOMETRIC_REPRESENTATION_CONTEXT(2) 
PARAMETRIC_REPRESENTATION_CONTEXT() REPRESENTATION_CONTEXT('2D SPACE',''
  ) );
#13351 = PCURVE('',#13352,#13357);
#13352 = PLANE('',#13353);
#13353 = AXIS2_PLACEMENT_3D('',#13354,#13355,#13356);
#13354 = CARTESIAN_POINT('',(146.175,30.,45.85));
#13355 = DIRECTION('',(1.,0.,-0.));
#13356 = DIRECTION('',(0.,0.,1.));
#13357 = DEFINITIONAL_REPRESENTATION('',(#13358),#13362);
#13358 = LINE('',#13359,#13360);
#13359 = CARTESIAN_POINT('',(0.,-12.));
#13360 = VECTOR('',#13361,1.);
#13361 = DIRECTION('',(1.,0.));
#13362 = ( GEOMETRIC_REPRESENTATION_CONTEXT(2) 
PARAMETRIC_REPRESENTATION_CONTEXT() REPRESENTATION_CONTEXT('2D SPACE',''
  ) );
#13363 = ORIENTED_EDGE('',*,*,#13364,.T.);
#13364 = EDGE_CURVE('',#13337,#13365,#13367,.T.);
#13365 = VERTEX_POINT('',#13366);
#13366 = CARTESIAN_POINT('',(156.175,42.,45.85));
#13367 = SURFACE_CURVE('',#13368,(#13372,#13379),.PCURVE_S1.);
#13368 = LINE('',#13369,#13370);
#13369 = CARTESIAN_POINT('',(146.175,42.,45.85));
#13370 = VECTOR('',#13371,1.);
#13371 = DIRECTION('',(1.,0.,-0.));
#13372 = PCURVE('',#13105,#13373);
#13373 = DEFINITIONAL_REPRESENTATION('',(#13374),#13378);
#13374 = LINE('',#13375,#13376);
#13375 = CARTESIAN_POINT('',(-12.,30.));
#13376 = VECTOR('',#13377,1.);
#13377 = DIRECTION('',(1.,0.));
#13378 = ( GEOMETRIC_REPRESENTATION_CONTEXT(2) 
PARAMETRIC_REPRESENTATION_CONTEXT() REPRESENTATION_CONTEXT('2D SPACE',''
  ) );
#13379 = PCURVE('',#13380,#13385);
#13380 = PLANE('',#13381);
#13381 = AXIS2_PLACEMENT_3D('',#13382,#13383,#13384);
#13382 = CARTESIAN_POINT('',(146.175,30.,45.85));
#13383 = DIRECTION('',(0.,0.,1.));
#13384 = DIRECTION('',(1.,0.,-0.));
#13385 = DEFINITIONAL_REPRESENTATION('',(#13386),#13390);
#13386 = LINE('',#13387,#13388);
#13387 = CARTESIAN_POINT('',(0.,12.));
#13388 = VECTOR('',#13389,1.);
#13389 = DIRECTION('',(1.,0.));
#13390 = ( GEOMETRIC_REPRESENTATION_CONTEXT(2) 
PARAMETRIC_REPRESENTATION_CONTEXT() REPRESENTATION_CONTEXT('2D SPACE',''
  ) );
#13391 = ORIENTED_EDGE('',*,*,#13392,.F.);
#13392 = EDGE_CURVE('',#13177,#13365,#13393,.T.);
#13393 = SURFACE_CURVE('',#13394,(#13398,#13405),.PCURVE_S1.);
#13394 = LINE('',#13395,#13396);
#13395 = CARTESIAN_POINT('',(156.175,42.,15.85));
#13396 = VECTOR('',#13397,1.);
#13397 = DIRECTION('',(0.,0.,1.));
#13398 = PCURVE('',#13105,#13399);
#13399 = DEFINITIONAL_REPRESENTATION('',(#13400),#13404);
#13400 = LINE('',#13401,#13402);
#13401 = CARTESIAN_POINT('',(-2.,8.881784197001E-15));
#13402 = VECTOR('',#13403,1.);
#13403 = DIRECTION('',(0.,1.));
#13404 = ( GEOMETRIC_REPRESENTATION_CONTEXT(2) 
PARAMETRIC_REPRESENTATION_CONTEXT() REPRESENTATION_CONTEXT('2D SPACE',''
  ) );
#13405 = PCURVE('',#13191,#13406);
#13406 = DEFINITIONAL_REPRESENTATION('',(#13407),#13411);
#13407 = LINE('',#13408,#13409);
#13408 = CARTESIAN_POINT('',(0.,-12.));
#13409 = VECTOR('',#13410,1.);
#13410 = DIRECTION('',(1.,0.));
#13411 = ( GEOMETRIC_REPRESENTATION_CONTEXT(2) 
PARAMETRIC_REPRESENTATION_CONTEXT() REPRESENTATION_CONTEXT('2D SPACE',''
  ) );
#13412 = ADVANCED_FACE('',(#13413),#13191,.F.);
#13413 = FACE_BOUND('',#13414,.F.);
#13414 = EDGE_LOOP('',(#13415,#13438,#13439,#13440));
#13415 = ORIENTED_EDGE('',*,*,#13416,.F.);
#13416 = EDGE_CURVE('',#13144,#13417,#13419,.T.);
#13417 = VERTEX_POINT('',#13418);
#13418 = CARTESIAN_POINT('',(156.175,30.,45.85));
#13419 = SURFACE_CURVE('',#13420,(#13424,#13431),.PCURVE_S1.);
#13420 = LINE('',#13421,#13422);
#13421 = CARTESIAN_POINT('',(156.175,30.,15.85));
#13422 = VECTOR('',#13423,1.);
#13423 = DIRECTION('',(0.,0.,1.));
#13424 = PCURVE('',#13191,#13425);
#13425 = DEFINITIONAL_REPRESENTATION('',(#13426),#13430);
#13426 = LINE('',#13427,#13428);
#13427 = CARTESIAN_POINT('',(0.,0.));
#13428 = VECTOR('',#13429,1.);
#13429 = DIRECTION('',(1.,0.));
#13430 = ( GEOMETRIC_REPRESENTATION_CONTEXT(2) 
PARAMETRIC_REPRESENTATION_CONTEXT() REPRESENTATION_CONTEXT('2D SPACE',''
  ) );
#13431 = PCURVE('',#13160,#13432);
#13432 = DEFINITIONAL_REPRESENTATION('',(#13433),#13437);
#13433 = LINE('',#13434,#13435);
#13434 = CARTESIAN_POINT('',(-30.,10.));
#13435 = VECTOR('',#13436,1.);
#13436 = DIRECTION('',(1.,0.));
#13437 = ( GEOMETRIC_REPRESENTATION_CONTEXT(2) 
PARAMETRIC_REPRESENTATION_CONTEXT() REPRESENTATION_CONTEXT('2D SPACE',''
  ) );
#13438 = ORIENTED_EDGE('',*,*,#13176,.F.);
#13439 = ORIENTED_EDGE('',*,*,#13392,.T.);
#13440 = ORIENTED_EDGE('',*,*,#13441,.F.);
#13441 = EDGE_CURVE('',#13417,#13365,#13442,.T.);
#13442 = SURFACE_CURVE('',#13443,(#13447,#13454),.PCURVE_S1.);
#13443 = LINE('',#13444,#13445);
#13444 = CARTESIAN_POINT('',(156.175,30.,45.85));
#13445 = VECTOR('',#13446,1.);
#13446 = DIRECTION('',(-0.,1.,0.));
#13447 = PCURVE('',#13191,#13448);
#13448 = DEFINITIONAL_REPRESENTATION('',(#13449),#13453);
#13449 = LINE('',#13450,#13451);
#13450 = CARTESIAN_POINT('',(30.,0.));
#13451 = VECTOR('',#13452,1.);
#13452 = DIRECTION('',(0.,-1.));
#13453 = ( GEOMETRIC_REPRESENTATION_CONTEXT(2) 
PARAMETRIC_REPRESENTATION_CONTEXT() REPRESENTATION_CONTEXT('2D SPACE',''
  ) );
#13454 = PCURVE('',#13380,#13455);
#13455 = DEFINITIONAL_REPRESENTATION('',(#13456),#13460);
#13456 = LINE('',#13457,#13458);
#13457 = CARTESIAN_POINT('',(10.,0.));
#13458 = VECTOR('',#13459,1.);
#13459 = DIRECTION('',(0.,1.));
#13460 = ( GEOMETRIC_REPRESENTATION_CONTEXT(2) 
PARAMETRIC_REPRESENTATION_CONTEXT() REPRESENTATION_CONTEXT('2D SPACE',''
  ) );
#13461 = ADVANCED_FACE('',(#13462),#13160,.F.);
#13462 = FACE_BOUND('',#13463,.F.);
#13463 = EDGE_LOOP('',(#13464,#13465,#13488,#13511,#13534,#13557,#13580,
    #13601));
#13464 = ORIENTED_EDGE('',*,*,#13416,.T.);
#13465 = ORIENTED_EDGE('',*,*,#13466,.F.);
#13466 = EDGE_CURVE('',#13467,#13417,#13469,.T.);
#13467 = VERTEX_POINT('',#13468);
#13468 = CARTESIAN_POINT('',(146.175,30.,45.85));
#13469 = SURFACE_CURVE('',#13470,(#13474,#13481),.PCURVE_S1.);
#13470 = LINE('',#13471,#13472);
#13471 = CARTESIAN_POINT('',(146.175,30.,45.85));
#13472 = VECTOR('',#13473,1.);
#13473 = DIRECTION('',(1.,0.,-0.));
#13474 = PCURVE('',#13160,#13475);
#13475 = DEFINITIONAL_REPRESENTATION('',(#13476),#13480);
#13476 = LINE('',#13477,#13478);
#13477 = CARTESIAN_POINT('',(0.,0.));
#13478 = VECTOR('',#13479,1.);
#13479 = DIRECTION('',(0.,1.));
#13480 = ( GEOMETRIC_REPRESENTATION_CONTEXT(2) 
PARAMETRIC_REPRESENTATION_CONTEXT() REPRESENTATION_CONTEXT('2D SPACE',''
  ) );
#13481 = PCURVE('',#13380,#13482);
#13482 = DEFINITIONAL_REPRESENTATION('',(#13483),#13487);
#13483 = LINE('',#13484,#13485);
#13484 = CARTESIAN_POINT('',(0.,0.));
#13485 = VECTOR('',#13486,1.);
#13486 = DIRECTION('',(1.,0.));
#13487 = ( GEOMETRIC_REPRESENTATION_CONTEXT(2) 
PARAMETRIC_REPRESENTATION_CONTEXT() REPRESENTATION_CONTEXT('2D SPACE',''
  ) );
#13488 = ORIENTED_EDGE('',*,*,#13489,.T.);
#13489 = EDGE_CURVE('',#13467,#13490,#13492,.T.);
#13490 = VERTEX_POINT('',#13491);
#13491 = CARTESIAN_POINT('',(146.175,30.,61.85));
#13492 = SURFACE_CURVE('',#13493,(#13497,#13504),.PCURVE_S1.);
#13493 = LINE('',#13494,#13495);
#13494 = CARTESIAN_POINT('',(146.175,30.,45.85));
#13495 = VECTOR('',#13496,1.);
#13496 = DIRECTION('',(0.,0.,1.));
#13497 = PCURVE('',#13160,#13498);
#13498 = DEFINITIONAL_REPRESENTATION('',(#13499),#13503);
#13499 = LINE('',#13500,#13501);
#13500 = CARTESIAN_POINT('',(0.,0.));
#13501 = VECTOR('',#13502,1.);
#13502 = DIRECTION('',(1.,0.));
#13503 = ( GEOMETRIC_REPRESENTATION_CONTEXT(2) 
PARAMETRIC_REPRESENTATION_CONTEXT() REPRESENTATION_CONTEXT('2D SPACE',''
  ) );
#13504 = PCURVE('',#13352,#13505);
#13505 = DEFINITIONAL_REPRESENTATION('',(#13506),#13510);
#13506 = LINE('',#13507,#13508);
#13507 = CARTESIAN_POINT('',(0.,0.));
#13508 = VECTOR('',#13509,1.);
#13509 = DIRECTION('',(1.,0.));
#13510 = ( GEOMETRIC_REPRESENTATION_CONTEXT(2) 
PARAMETRIC_REPRESENTATION_CONTEXT() REPRESENTATION_CONTEXT('2D SPACE',''
  ) );
#13511 = ORIENTED_EDGE('',*,*,#13512,.T.);
#13512 = EDGE_CURVE('',#13490,#13513,#13515,.T.);
#13513 = VERTEX_POINT('',#13514);
#13514 = CARTESIAN_POINT('',(156.175,30.,61.85));
#13515 = SURFACE_CURVE('',#13516,(#13520,#13527),.PCURVE_S1.);
#13516 = LINE('',#13517,#13518);
#13517 = CARTESIAN_POINT('',(146.175,30.,61.85));
#13518 = VECTOR('',#13519,1.);
#13519 = DIRECTION('',(1.,0.,-0.));
#13520 = PCURVE('',#13160,#13521);
#13521 = DEFINITIONAL_REPRESENTATION('',(#13522),#13526);
#13522 = LINE('',#13523,#13524);
#13523 = CARTESIAN_POINT('',(16.,0.));
#13524 = VECTOR('',#13525,1.);
#13525 = DIRECTION('',(0.,1.));
#13526 = ( GEOMETRIC_REPRESENTATION_CONTEXT(2) 
PARAMETRIC_REPRESENTATION_CONTEXT() REPRESENTATION_CONTEXT('2D SPACE',''
  ) );
#13527 = PCURVE('',#13324,#13528);
#13528 = DEFINITIONAL_REPRESENTATION('',(#13529),#13533);
#13529 = LINE('',#13530,#13531);
#13530 = CARTESIAN_POINT('',(0.,0.));
#13531 = VECTOR('',#13532,1.);
#13532 = DIRECTION('',(1.,0.));
#13533 = ( GEOMETRIC_REPRESENTATION_CONTEXT(2) 
PARAMETRIC_REPRESENTATION_CONTEXT() REPRESENTATION_CONTEXT('2D SPACE',''
  ) );
#13534 = ORIENTED_EDGE('',*,*,#13535,.F.);
#13535 = EDGE_CURVE('',#13536,#13513,#13538,.T.);
#13536 = VERTEX_POINT('',#13537);
#13537 = CARTESIAN_POINT('',(156.175,30.,57.85));
#13538 = SURFACE_CURVE('',#13539,(#13543,#13550),.PCURVE_S1.);
#13539 = LINE('',#13540,#13541);
#13540 = CARTESIAN_POINT('',(156.175,30.,45.85));
#13541 = VECTOR('',#13542,1.);
#13542 = DIRECTION('',(0.,0.,1.));
#13543 = PCURVE('',#13160,#13544);
#13544 = DEFINITIONAL_REPRESENTATION('',(#13545),#13549);
#13545 = LINE('',#13546,#13547);
#13546 = CARTESIAN_POINT('',(0.,10.));
#13547 = VECTOR('',#13548,1.);
#13548 = DIRECTION('',(1.,0.));
#13549 = ( GEOMETRIC_REPRESENTATION_CONTEXT(2) 
PARAMETRIC_REPRESENTATION_CONTEXT() REPRESENTATION_CONTEXT('2D SPACE',''
  ) );
#13550 = PCURVE('',#13296,#13551);
#13551 = DEFINITIONAL_REPRESENTATION('',(#13552),#13556);
#13552 = LINE('',#13553,#13554);
#13553 = CARTESIAN_POINT('',(0.,0.));
#13554 = VECTOR('',#13555,1.);
#13555 = DIRECTION('',(1.,0.));
#13556 = ( GEOMETRIC_REPRESENTATION_CONTEXT(2) 
PARAMETRIC_REPRESENTATION_CONTEXT() REPRESENTATION_CONTEXT('2D SPACE',''
  ) );
#13557 = ORIENTED_EDGE('',*,*,#13558,.T.);
#13558 = EDGE_CURVE('',#13536,#13559,#13561,.T.);
#13559 = VERTEX_POINT('',#13560);
#13560 = CARTESIAN_POINT('',(160.175,30.,57.85));
#13561 = SURFACE_CURVE('',#13562,(#13566,#13573),.PCURVE_S1.);
#13562 = LINE('',#13563,#13564);
#13563 = CARTESIAN_POINT('',(156.175,30.,57.85));
#13564 = VECTOR('',#13565,1.);
#13565 = DIRECTION('',(1.,0.,-0.));
#13566 = PCURVE('',#13160,#13567);
#13567 = DEFINITIONAL_REPRESENTATION('',(#13568),#13572);
#13568 = LINE('',#13569,#13570);
#13569 = CARTESIAN_POINT('',(12.,10.));
#13570 = VECTOR('',#13571,1.);
#13571 = DIRECTION('',(0.,1.));
#13572 = ( GEOMETRIC_REPRESENTATION_CONTEXT(2) 
PARAMETRIC_REPRESENTATION_CONTEXT() REPRESENTATION_CONTEXT('2D SPACE',''
  ) );
#13573 = PCURVE('',#13268,#13574);
#13574 = DEFINITIONAL_REPRESENTATION('',(#13575),#13579);
#13575 = LINE('',#13576,#13577);
#13576 = CARTESIAN_POINT('',(0.,0.));
#13577 = VECTOR('',#13578,1.);
#13578 = DIRECTION('',(1.,0.));
#13579 = ( GEOMETRIC_REPRESENTATION_CONTEXT(2) 
PARAMETRIC_REPRESENTATION_CONTEXT() REPRESENTATION_CONTEXT('2D SPACE',''
  ) );
#13580 = ORIENTED_EDGE('',*,*,#13581,.F.);
#13581 = EDGE_CURVE('',#13118,#13559,#13582,.T.);
#13582 = SURFACE_CURVE('',#13583,(#13587,#13594),.PCURVE_S1.);
#13583 = LINE('',#13584,#13585);
#13584 = CARTESIAN_POINT('',(160.175,30.,15.85));
#13585 = VECTOR('',#13586,1.);
#13586 = DIRECTION('',(0.,0.,1.));
#13587 = PCURVE('',#13160,#13588);
#13588 = DEFINITIONAL_REPRESENTATION('',(#13589),#13593);
#13589 = LINE('',#13590,#13591);
#13590 = CARTESIAN_POINT('',(-30.,14.));
#13591 = VECTOR('',#13592,1.);
#13592 = DIRECTION('',(1.,0.));
#13593 = ( GEOMETRIC_REPRESENTATION_CONTEXT(2) 
PARAMETRIC_REPRESENTATION_CONTEXT() REPRESENTATION_CONTEXT('2D SPACE',''
  ) );
#13594 = PCURVE('',#13132,#13595);
#13595 = DEFINITIONAL_REPRESENTATION('',(#13596),#13600);
#13596 = LINE('',#13597,#13598);
#13597 = CARTESIAN_POINT('',(0.,0.));
#13598 = VECTOR('',#13599,1.);
#13599 = DIRECTION('',(1.,0.));
#13600 = ( GEOMETRIC_REPRESENTATION_CONTEXT(2) 
PARAMETRIC_REPRESENTATION_CONTEXT() REPRESENTATION_CONTEXT('2D SPACE',''
  ) );
#13601 = ORIENTED_EDGE('',*,*,#13143,.T.);
#13602 = ADVANCED_FACE('',(#13603),#13132,.T.);
#13603 = FACE_BOUND('',#13604,.T.);
#13604 = EDGE_LOOP('',(#13605,#13606,#13607,#13608));
#13605 = ORIENTED_EDGE('',*,*,#13581,.F.);
#13606 = ORIENTED_EDGE('',*,*,#13117,.F.);
#13607 = ORIENTED_EDGE('',*,*,#13229,.T.);
#13608 = ORIENTED_EDGE('',*,*,#13609,.F.);
#13609 = EDGE_CURVE('',#13559,#13230,#13610,.T.);
#13610 = SURFACE_CURVE('',#13611,(#13615,#13622),.PCURVE_S1.);
#13611 = LINE('',#13612,#13613);
#13612 = CARTESIAN_POINT('',(160.175,30.,57.85));
#13613 = VECTOR('',#13614,1.);
#13614 = DIRECTION('',(-0.,1.,0.));
#13615 = PCURVE('',#13132,#13616);
#13616 = DEFINITIONAL_REPRESENTATION('',(#13617),#13621);
#13617 = LINE('',#13618,#13619);
#13618 = CARTESIAN_POINT('',(42.,0.));
#13619 = VECTOR('',#13620,1.);
#13620 = DIRECTION('',(0.,-1.));
#13621 = ( GEOMETRIC_REPRESENTATION_CONTEXT(2) 
PARAMETRIC_REPRESENTATION_CONTEXT() REPRESENTATION_CONTEXT('2D SPACE',''
  ) );
#13622 = PCURVE('',#13268,#13623);
#13623 = DEFINITIONAL_REPRESENTATION('',(#13624),#13628);
#13624 = LINE('',#13625,#13626);
#13625 = CARTESIAN_POINT('',(4.,0.));
#13626 = VECTOR('',#13627,1.);
#13627 = DIRECTION('',(0.,1.));
#13628 = ( GEOMETRIC_REPRESENTATION_CONTEXT(2) 
PARAMETRIC_REPRESENTATION_CONTEXT() REPRESENTATION_CONTEXT('2D SPACE',''
  ) );
#13629 = ADVANCED_FACE('',(#13630),#13380,.F.);
#13630 = FACE_BOUND('',#13631,.F.);
#13631 = EDGE_LOOP('',(#13632,#13653,#13654,#13655));
#13632 = ORIENTED_EDGE('',*,*,#13633,.F.);
#13633 = EDGE_CURVE('',#13467,#13337,#13634,.T.);
#13634 = SURFACE_CURVE('',#13635,(#13639,#13646),.PCURVE_S1.);
#13635 = LINE('',#13636,#13637);
#13636 = CARTESIAN_POINT('',(146.175,30.,45.85));
#13637 = VECTOR('',#13638,1.);
#13638 = DIRECTION('',(-0.,1.,0.));
#13639 = PCURVE('',#13380,#13640);
#13640 = DEFINITIONAL_REPRESENTATION('',(#13641),#13645);
#13641 = LINE('',#13642,#13643);
#13642 = CARTESIAN_POINT('',(0.,0.));
#13643 = VECTOR('',#13644,1.);
#13644 = DIRECTION('',(0.,1.));
#13645 = ( GEOMETRIC_REPRESENTATION_CONTEXT(2) 
PARAMETRIC_REPRESENTATION_CONTEXT() REPRESENTATION_CONTEXT('2D SPACE',''
  ) );
#13646 = PCURVE('',#13352,#13647);
#13647 = DEFINITIONAL_REPRESENTATION('',(#13648),#13652);
#13648 = LINE('',#13649,#13650);
#13649 = CARTESIAN_POINT('',(0.,0.));
#13650 = VECTOR('',#13651,1.);
#13651 = DIRECTION('',(0.,-1.));
#13652 = ( GEOMETRIC_REPRESENTATION_CONTEXT(2) 
PARAMETRIC_REPRESENTATION_CONTEXT() REPRESENTATION_CONTEXT('2D SPACE',''
  ) );
#13653 = ORIENTED_EDGE('',*,*,#13466,.T.);
#13654 = ORIENTED_EDGE('',*,*,#13441,.T.);
#13655 = ORIENTED_EDGE('',*,*,#13364,.F.);
#13656 = ADVANCED_FACE('',(#13657),#13268,.T.);
#13657 = FACE_BOUND('',#13658,.T.);
#13658 = EDGE_LOOP('',(#13659,#13680,#13681,#13682));
#13659 = ORIENTED_EDGE('',*,*,#13660,.F.);
#13660 = EDGE_CURVE('',#13536,#13253,#13661,.T.);
#13661 = SURFACE_CURVE('',#13662,(#13666,#13673),.PCURVE_S1.);
#13662 = LINE('',#13663,#13664);
#13663 = CARTESIAN_POINT('',(156.175,30.,57.85));
#13664 = VECTOR('',#13665,1.);
#13665 = DIRECTION('',(-0.,1.,0.));
#13666 = PCURVE('',#13268,#13667);
#13667 = DEFINITIONAL_REPRESENTATION('',(#13668),#13672);
#13668 = LINE('',#13669,#13670);
#13669 = CARTESIAN_POINT('',(0.,0.));
#13670 = VECTOR('',#13671,1.);
#13671 = DIRECTION('',(0.,1.));
#13672 = ( GEOMETRIC_REPRESENTATION_CONTEXT(2) 
PARAMETRIC_REPRESENTATION_CONTEXT() REPRESENTATION_CONTEXT('2D SPACE',''
  ) );
#13673 = PCURVE('',#13296,#13674);
#13674 = DEFINITIONAL_REPRESENTATION('',(#13675),#13679);
#13675 = LINE('',#13676,#13677);
#13676 = CARTESIAN_POINT('',(12.,0.));
#13677 = VECTOR('',#13678,1.);
#13678 = DIRECTION('',(0.,-1.));
#13679 = ( GEOMETRIC_REPRESENTATION_CONTEXT(2) 
PARAMETRIC_REPRESENTATION_CONTEXT() REPRESENTATION_CONTEXT('2D SPACE',''
  ) );
#13680 = ORIENTED_EDGE('',*,*,#13558,.T.);
#13681 = ORIENTED_EDGE('',*,*,#13609,.T.);
#13682 = ORIENTED_EDGE('',*,*,#13252,.F.);
#13683 = ADVANCED_FACE('',(#13684),#13296,.T.);
#13684 = FACE_BOUND('',#13685,.T.);
#13685 = EDGE_LOOP('',(#13686,#13687,#13688,#13689));
#13686 = ORIENTED_EDGE('',*,*,#13535,.F.);
#13687 = ORIENTED_EDGE('',*,*,#13660,.T.);
#13688 = ORIENTED_EDGE('',*,*,#13280,.T.);
#13689 = ORIENTED_EDGE('',*,*,#13690,.F.);
#13690 = EDGE_CURVE('',#13513,#13281,#13691,.T.);
#13691 = SURFACE_CURVE('',#13692,(#13696,#13703),.PCURVE_S1.);
#13692 = LINE('',#13693,#13694);
#13693 = CARTESIAN_POINT('',(156.175,30.,61.85));
#13694 = VECTOR('',#13695,1.);
#13695 = DIRECTION('',(-0.,1.,0.));
#13696 = PCURVE('',#13296,#13697);
#13697 = DEFINITIONAL_REPRESENTATION('',(#13698),#13702);
#13698 = LINE('',#13699,#13700);
#13699 = CARTESIAN_POINT('',(16.,0.));
#13700 = VECTOR('',#13701,1.);
#13701 = DIRECTION('',(0.,-1.));
#13702 = ( GEOMETRIC_REPRESENTATION_CONTEXT(2) 
PARAMETRIC_REPRESENTATION_CONTEXT() REPRESENTATION_CONTEXT('2D SPACE',''
  ) );
#13703 = PCURVE('',#13324,#13704);
#13704 = DEFINITIONAL_REPRESENTATION('',(#13705),#13709);
#13705 = LINE('',#13706,#13707);
#13706 = CARTESIAN_POINT('',(10.,0.));
#13707 = VECTOR('',#13708,1.);
#13708 = DIRECTION('',(0.,1.));
#13709 = ( GEOMETRIC_REPRESENTATION_CONTEXT(2) 
PARAMETRIC_REPRESENTATION_CONTEXT() REPRESENTATION_CONTEXT('2D SPACE',''
  ) );
#13710 = ADVANCED_FACE('',(#13711),#13324,.T.);
#13711 = FACE_BOUND('',#13712,.T.);
#13712 = EDGE_LOOP('',(#13713,#13734,#13735,#13736));
#13713 = ORIENTED_EDGE('',*,*,#13714,.F.);
#13714 = EDGE_CURVE('',#13490,#13309,#13715,.T.);
#13715 = SURFACE_CURVE('',#13716,(#13720,#13727),.PCURVE_S1.);
#13716 = LINE('',#13717,#13718);
#13717 = CARTESIAN_POINT('',(146.175,30.,61.85));
#13718 = VECTOR('',#13719,1.);
#13719 = DIRECTION('',(-0.,1.,0.));
#13720 = PCURVE('',#13324,#13721);
#13721 = DEFINITIONAL_REPRESENTATION('',(#13722),#13726);
#13722 = LINE('',#13723,#13724);
#13723 = CARTESIAN_POINT('',(0.,0.));
#13724 = VECTOR('',#13725,1.);
#13725 = DIRECTION('',(0.,1.));
#13726 = ( GEOMETRIC_REPRESENTATION_CONTEXT(2) 
PARAMETRIC_REPRESENTATION_CONTEXT() REPRESENTATION_CONTEXT('2D SPACE',''
  ) );
#13727 = PCURVE('',#13352,#13728);
#13728 = DEFINITIONAL_REPRESENTATION('',(#13729),#13733);
#13729 = LINE('',#13730,#13731);
#13730 = CARTESIAN_POINT('',(16.,0.));
#13731 = VECTOR('',#13732,1.);
#13732 = DIRECTION('',(0.,-1.));
#13733 = ( GEOMETRIC_REPRESENTATION_CONTEXT(2) 
PARAMETRIC_REPRESENTATION_CONTEXT() REPRESENTATION_CONTEXT('2D SPACE',''
  ) );
#13734 = ORIENTED_EDGE('',*,*,#13512,.T.);
#13735 = ORIENTED_EDGE('',*,*,#13690,.T.);
#13736 = ORIENTED_EDGE('',*,*,#13308,.F.);
#13737 = ADVANCED_FACE('',(#13738),#13352,.F.);
#13738 = FACE_BOUND('',#13739,.F.);
#13739 = EDGE_LOOP('',(#13740,#13741,#13742,#13743));
#13740 = ORIENTED_EDGE('',*,*,#13489,.F.);
#13741 = ORIENTED_EDGE('',*,*,#13633,.T.);
#13742 = ORIENTED_EDGE('',*,*,#13336,.T.);
#13743 = ORIENTED_EDGE('',*,*,#13714,.F.);
#13744 = ( GEOMETRIC_REPRESENTATION_CONTEXT(3) 
GLOBAL_UNCERTAINTY_ASSIGNED_CONTEXT((#13748)) 
GLOBAL_UNIT_ASSIGNED_CONTEXT((#13745,#13746,#13747)) 
REPRESENTATION_CONTEXT('Context #1',
  '3D Context with UNIT and UNCERTAINTY') );
#13745 = ( LENGTH_UNIT() NAMED_UNIT(*) SI_UNIT(.MILLI.,.METRE.) );
#13746 = ( NAMED_UNIT(*) PLANE_ANGLE_UNIT() SI_UNIT($,.RADIAN.) );
#13747 = ( NAMED_UNIT(*) SI_UNIT($,.STERADIAN.) SOLID_ANGLE_UNIT() );
#13748 = UNCERTAINTY_MEASURE_WITH_UNIT(LENGTH_MEASURE(1.E-07),#13745,
  'distance_accuracy_value','confusion accuracy');
#13749 = CONTEXT_DEPENDENT_SHAPE_REPRESENTATION(#13750,#13752);
#13750 = ( REPRESENTATION_RELATIONSHIP('','',#12385,#36) 
REPRESENTATION_RELATIONSHIP_WITH_TRANSFORMATION(#13751) 
SHAPE_REPRESENTATION_RELATIONSHIP() );
#13751 = ITEM_DEFINED_TRANSFORMATION('','',#11,#69);
#13752 = PRODUCT_DEFINITION_SHAPE('Placement','Placement of an item',
  #13753);
#13753 = NEXT_ASSEMBLY_USAGE_OCCURRENCE('9','=>[0:1:1:11]','',#31,#12380
  ,$);
#13754 = PRODUCT_RELATED_PRODUCT_CATEGORY('part',$,(#12382));
#13755 = SHAPE_DEFINITION_REPRESENTATION(#13756,#13762);
#13756 = PRODUCT_DEFINITION_SHAPE('','',#13757);
#13757 = PRODUCT_DEFINITION('design','',#13758,#13761);
#13758 = PRODUCT_DEFINITION_FORMATION('','',#13759);
#13759 = PRODUCT('COMPOUND','COMPOUND','',(#13760));
#13760 = PRODUCT_CONTEXT('',#2,'mechanical');
#13761 = PRODUCT_DEFINITION_CONTEXT('part definition',#2,'design');
#13762 = ADVANCED_BREP_SHAPE_REPRESENTATION('',(#11,#13763),#13945);
#13763 = MANIFOLD_SOLID_BREP('',#13764);
#13764 = CLOSED_SHELL('',(#13765,#13853,#13888,#13918));
#13765 = ADVANCED_FACE('',(#13766),#13779,.T.);
#13766 = FACE_BOUND('',#13767,.T.);
#13767 = EDGE_LOOP('',(#13768,#13802,#13825,#13852));
#13768 = ORIENTED_EDGE('',*,*,#13769,.F.);
#13769 = EDGE_CURVE('',#13770,#13770,#13772,.T.);
#13770 = VERTEX_POINT('',#13771);
#13771 = CARTESIAN_POINT('',(170.175,-30.,15.85));
#13772 = SURFACE_CURVE('',#13773,(#13778,#13790),.PCURVE_S1.);
#13773 = CIRCLE('',#13774,12.);
#13774 = AXIS2_PLACEMENT_3D('',#13775,#13776,#13777);
#13775 = CARTESIAN_POINT('',(158.175,-30.,15.85));
#13776 = DIRECTION('',(0.,-1.,2.22044604925E-16));
#13777 = DIRECTION('',(1.,0.,0.));
#13778 = PCURVE('',#13779,#13784);
#13779 = CYLINDRICAL_SURFACE('',#13780,12.);
#13780 = AXIS2_PLACEMENT_3D('',#13781,#13782,#13783);
#13781 = CARTESIAN_POINT('',(158.175,30.,15.85));
#13782 = DIRECTION('',(0.,-1.,2.22044604925E-16));
#13783 = DIRECTION('',(1.,0.,0.));
#13784 = DEFINITIONAL_REPRESENTATION('',(#13785),#13789);
#13785 = LINE('',#13786,#13787);
#13786 = CARTESIAN_POINT('',(0.,60.));
#13787 = VECTOR('',#13788,1.);
#13788 = DIRECTION('',(1.,0.));
#13789 = ( GEOMETRIC_REPRESENTATION_CONTEXT(2) 
PARAMETRIC_REPRESENTATION_CONTEXT() REPRESENTATION_CONTEXT('2D SPACE',''
  ) );
#13790 = PCURVE('',#13791,#13796);
#13791 = PLANE('',#13792);
#13792 = AXIS2_PLACEMENT_3D('',#13793,#13794,#13795);
#13793 = CARTESIAN_POINT('',(158.175,-30.,15.85));
#13794 = DIRECTION('',(0.,-1.,2.22044604925E-16));
#13795 = DIRECTION('',(1.,0.,0.));
#13796 = DEFINITIONAL_REPRESENTATION('',(#13797),#13801);
#13797 = CIRCLE('',#13798,12.);
#13798 = AXIS2_PLACEMENT_2D('',#13799,#13800);
#13799 = CARTESIAN_POINT('',(0.,0.));
#13800 = DIRECTION('',(1.,0.));
#13801 = ( GEOMETRIC_REPRESENTATION_CONTEXT(2) 
PARAMETRIC_REPRESENTATION_CONTEXT() REPRESENTATION_CONTEXT('2D SPACE',''
  ) );
#13802 = ORIENTED_EDGE('',*,*,#13803,.F.);
#13803 = EDGE_CURVE('',#13804,#13770,#13806,.T.);
#13804 = VERTEX_POINT('',#13805);
#13805 = CARTESIAN_POINT('',(170.175,30.,15.85));
#13806 = SEAM_CURVE('',#13807,(#13811,#13818),.PCURVE_S1.);
#13807 = LINE('',#13808,#13809);
#13808 = CARTESIAN_POINT('',(170.175,30.,15.85));
#13809 = VECTOR('',#13810,1.);
#13810 = DIRECTION('',(0.,-1.,2.22044604925E-16));
#13811 = PCURVE('',#13779,#13812);
#13812 = DEFINITIONAL_REPRESENTATION('',(#13813),#13817);
#13813 = LINE('',#13814,#13815);
#13814 = CARTESIAN_POINT('',(6.28318530718,-0.));
#13815 = VECTOR('',#13816,1.);
#13816 = DIRECTION('',(0.,1.));
#13817 = ( GEOMETRIC_REPRESENTATION_CONTEXT(2) 
PARAMETRIC_REPRESENTATION_CONTEXT() REPRESENTATION_CONTEXT('2D SPACE',''
  ) );
#13818 = PCURVE('',#13779,#13819);
#13819 = DEFINITIONAL_REPRESENTATION('',(#13820),#13824);
#13820 = LINE('',#13821,#13822);
#13821 = CARTESIAN_POINT('',(0.,-0.));
#13822 = VECTOR('',#13823,1.);
#13823 = DIRECTION('',(0.,1.));
#13824 = ( GEOMETRIC_REPRESENTATION_CONTEXT(2) 
PARAMETRIC_REPRESENTATION_CONTEXT() REPRESENTATION_CONTEXT('2D SPACE',''
  ) );
#13825 = ORIENTED_EDGE('',*,*,#13826,.T.);
#13826 = EDGE_CURVE('',#13804,#13804,#13827,.T.);
#13827 = SURFACE_CURVE('',#13828,(#13833,#13840),.PCURVE_S1.);
#13828 = CIRCLE('',#13829,12.);
#13829 = AXIS2_PLACEMENT_3D('',#13830,#13831,#13832);
#13830 = CARTESIAN_POINT('',(158.175,30.,15.85));
#13831 = DIRECTION('',(0.,-1.,2.22044604925E-16));
#13832 = DIRECTION('',(1.,0.,0.));
#13833 = PCURVE('',#13779,#13834);
#13834 = DEFINITIONAL_REPRESENTATION('',(#13835),#13839);
#13835 = LINE('',#13836,#13837);
#13836 = CARTESIAN_POINT('',(0.,0.));
#13837 = VECTOR('',#13838,1.);
#13838 = DIRECTION('',(1.,0.));
#13839 = ( GEOMETRIC_REPRESENTATION_CONTEXT(2) 
PARAMETRIC_REPRESENTATION_CONTEXT() REPRESENTATION_CONTEXT('2D SPACE',''
  ) );
#13840 = PCURVE('',#13841,#13846);
#13841 = PLANE('',#13842);
#13842 = AXIS2_PLACEMENT_3D('',#13843,#13844,#13845);
#13843 = CARTESIAN_POINT('',(158.175,30.,15.85));
#13844 = DIRECTION('',(0.,-1.,2.22044604925E-16));
#13845 = DIRECTION('',(1.,0.,0.));
#13846 = DEFINITIONAL_REPRESENTATION('',(#13847),#13851);
#13847 = CIRCLE('',#13848,12.);
#13848 = AXIS2_PLACEMENT_2D('',#13849,#13850);
#13849 = CARTESIAN_POINT('',(0.,0.));
#13850 = DIRECTION('',(1.,0.));
#13851 = ( GEOMETRIC_REPRESENTATION_CONTEXT(2) 
PARAMETRIC_REPRESENTATION_CONTEXT() REPRESENTATION_CONTEXT('2D SPACE',''
  ) );
#13852 = ORIENTED_EDGE('',*,*,#13803,.T.);
#13853 = ADVANCED_FACE('',(#13854,#13857),#13791,.T.);
#13854 = FACE_BOUND('',#13855,.T.);
#13855 = EDGE_LOOP('',(#13856));
#13856 = ORIENTED_EDGE('',*,*,#13769,.T.);
#13857 = FACE_BOUND('',#13858,.T.);
#13858 = EDGE_LOOP('',(#13859));
#13859 = ORIENTED_EDGE('',*,*,#13860,.F.);
#13860 = EDGE_CURVE('',#13861,#13861,#13863,.T.);
#13861 = VERTEX_POINT('',#13862);
#13862 = CARTESIAN_POINT('',(166.175,-30.,15.85));
#13863 = SURFACE_CURVE('',#13864,(#13869,#13876),.PCURVE_S1.);
#13864 = CIRCLE('',#13865,8.);
#13865 = AXIS2_PLACEMENT_3D('',#13866,#13867,#13868);
#13866 = CARTESIAN_POINT('',(158.175,-30.,15.85));
#13867 = DIRECTION('',(0.,-1.,2.22044604925E-16));
#13868 = DIRECTION('',(1.,0.,0.));
#13869 = PCURVE('',#13791,#13870);
#13870 = DEFINITIONAL_REPRESENTATION('',(#13871),#13875);
#13871 = CIRCLE('',#13872,8.);
#13872 = AXIS2_PLACEMENT_2D('',#13873,#13874);
#13873 = CARTESIAN_POINT('',(0.,0.));
#13874 = DIRECTION('',(1.,0.));
#13875 = ( GEOMETRIC_REPRESENTATION_CONTEXT(2) 
PARAMETRIC_REPRESENTATION_CONTEXT() REPRESENTATION_CONTEXT('2D SPACE',''
  ) );
#13876 = PCURVE('',#13877,#13882);
#13877 = CYLINDRICAL_SURFACE('',#13878,8.);
#13878 = AXIS2_PLACEMENT_3D('',#13879,#13880,#13881);
#13879 = CARTESIAN_POINT('',(158.175,31.,15.85));
#13880 = DIRECTION('',(0.,-1.,2.22044604925E-16));
#13881 = DIRECTION('',(1.,0.,0.));
#13882 = DEFINITIONAL_REPRESENTATION('',(#13883),#13887);
#13883 = LINE('',#13884,#13885);
#13884 = CARTESIAN_POINT('',(0.,61.));
#13885 = VECTOR('',#13886,1.);
#13886 = DIRECTION('',(1.,0.));
#13887 = ( GEOMETRIC_REPRESENTATION_CONTEXT(2) 
PARAMETRIC_REPRESENTATION_CONTEXT() REPRESENTATION_CONTEXT('2D SPACE',''
  ) );
#13888 = ADVANCED_FACE('',(#13889,#13892),#13841,.F.);
#13889 = FACE_BOUND('',#13890,.F.);
#13890 = EDGE_LOOP('',(#13891));
#13891 = ORIENTED_EDGE('',*,*,#13826,.T.);
#13892 = FACE_BOUND('',#13893,.F.);
#13893 = EDGE_LOOP('',(#13894));
#13894 = ORIENTED_EDGE('',*,*,#13895,.F.);
#13895 = EDGE_CURVE('',#13896,#13896,#13898,.T.);
#13896 = VERTEX_POINT('',#13897);
#13897 = CARTESIAN_POINT('',(166.175,30.,15.85));
#13898 = SURFACE_CURVE('',#13899,(#13904,#13911),.PCURVE_S1.);
#13899 = CIRCLE('',#13900,8.);
#13900 = AXIS2_PLACEMENT_3D('',#13901,#13902,#13903);
#13901 = CARTESIAN_POINT('',(158.175,30.,15.85));
#13902 = DIRECTION('',(0.,-1.,2.22044604925E-16));
#13903 = DIRECTION('',(1.,0.,0.));
#13904 = PCURVE('',#13841,#13905);
#13905 = DEFINITIONAL_REPRESENTATION('',(#13906),#13910);
#13906 = CIRCLE('',#13907,8.);
#13907 = AXIS2_PLACEMENT_2D('',#13908,#13909);
#13908 = CARTESIAN_POINT('',(0.,0.));
#13909 = DIRECTION('',(1.,0.));
#13910 = ( GEOMETRIC_REPRESENTATION_CONTEXT(2) 
PARAMETRIC_REPRESENTATION_CONTEXT() REPRESENTATION_CONTEXT('2D SPACE',''
  ) );
#13911 = PCURVE('',#13877,#13912);
#13912 = DEFINITIONAL_REPRESENTATION('',(#13913),#13917);
#13913 = LINE('',#13914,#13915);
#13914 = CARTESIAN_POINT('',(0.,1.));
#13915 = VECTOR('',#13916,1.);
#13916 = DIRECTION('',(1.,0.));
#13917 = ( GEOMETRIC_REPRESENTATION_CONTEXT(2) 
PARAMETRIC_REPRESENTATION_CONTEXT() REPRESENTATION_CONTEXT('2D SPACE',''
  ) );
#13918 = ADVANCED_FACE('',(#13919),#13877,.F.);
#13919 = FACE_BOUND('',#13920,.F.);
#13920 = EDGE_LOOP('',(#13921,#13922,#13943,#13944));
#13921 = ORIENTED_EDGE('',*,*,#13860,.F.);
#13922 = ORIENTED_EDGE('',*,*,#13923,.F.);
#13923 = EDGE_CURVE('',#13896,#13861,#13924,.T.);
#13924 = SEAM_CURVE('',#13925,(#13929,#13936),.PCURVE_S1.);
#13925 = LINE('',#13926,#13927);
#13926 = CARTESIAN_POINT('',(166.175,31.,15.85));
#13927 = VECTOR('',#13928,1.);
#13928 = DIRECTION('',(0.,-1.,2.22044604925E-16));
#13929 = PCURVE('',#13877,#13930);
#13930 = DEFINITIONAL_REPRESENTATION('',(#13931),#13935);
#13931 = LINE('',#13932,#13933);
#13932 = CARTESIAN_POINT('',(6.28318530718,-0.));
#13933 = VECTOR('',#13934,1.);
#13934 = DIRECTION('',(0.,1.));
#13935 = ( GEOMETRIC_REPRESENTATION_CONTEXT(2) 
PARAMETRIC_REPRESENTATION_CONTEXT() REPRESENTATION_CONTEXT('2D SPACE',''
  ) );
#13936 = PCURVE('',#13877,#13937);
#13937 = DEFINITIONAL_REPRESENTATION('',(#13938),#13942);
#13938 = LINE('',#13939,#13940);
#13939 = CARTESIAN_POINT('',(0.,-0.));
#13940 = VECTOR('',#13941,1.);
#13941 = DIRECTION('',(0.,1.));
#13942 = ( GEOMETRIC_REPRESENTATION_CONTEXT(2) 
PARAMETRIC_REPRESENTATION_CONTEXT() REPRESENTATION_CONTEXT('2D SPACE',''
  ) );
#13943 = ORIENTED_EDGE('',*,*,#13895,.T.);
#13944 = ORIENTED_EDGE('',*,*,#13923,.T.);
#13945 = ( GEOMETRIC_REPRESENTATION_CONTEXT(3) 
GLOBAL_UNCERTAINTY_ASSIGNED_CONTEXT((#13949)) 
GLOBAL_UNIT_ASSIGNED_CONTEXT((#13946,#13947,#13948)) 
REPRESENTATION_CONTEXT('Context #1',
  '3D Context with UNIT and UNCERTAINTY') );
#13946 = ( LENGTH_UNIT() NAMED_UNIT(*) SI_UNIT(.MILLI.,.METRE.) );
#13947 = ( NAMED_UNIT(*) PLANE_ANGLE_UNIT() SI_UNIT($,.RADIAN.) );
#13948 = ( NAMED_UNIT(*) SI_UNIT($,.STERADIAN.) SOLID_ANGLE_UNIT() );
#13949 = UNCERTAINTY_MEASURE_WITH_UNIT(LENGTH_MEASURE(1.E-07),#13946,
  'distance_accuracy_value','confusion accuracy');
#13950 = CONTEXT_DEPENDENT_SHAPE_REPRESENTATION(#13951,#13953);
#13951 = ( REPRESENTATION_RELATIONSHIP('','',#13762,#36) 
REPRESENTATION_RELATIONSHIP_WITH_TRANSFORMATION(#13952) 
SHAPE_REPRESENTATION_RELATIONSHIP() );
#13952 = ITEM_DEFINED_TRANSFORMATION('','',#11,#73);
#13953 = PRODUCT_DEFINITION_SHAPE('Placement','Placement of an item',
  #13954);
#13954 = NEXT_ASSEMBLY_USAGE_OCCURRENCE('10','=>[0:1:1:12]','',#31,
  #13757,$);
#13955 = PRODUCT_RELATED_PRODUCT_CATEGORY('part',$,(#13759));
#13956 = SHAPE_DEFINITION_REPRESENTATION(#13957,#13963);
#13957 = PRODUCT_DEFINITION_SHAPE('','',#13958);
#13958 = PRODUCT_DEFINITION('design','',#13959,#13962);
#13959 = PRODUCT_DEFINITION_FORMATION('','',#13960);
#13960 = PRODUCT('COMPOUND','COMPOUND','',(#13961));
#13961 = PRODUCT_CONTEXT('',#2,'mechanical');
#13962 = PRODUCT_DEFINITION_CONTEXT('part definition',#2,'design');
#13963 = ADVANCED_BREP_SHAPE_REPRESENTATION('',(#11,#13964),#14294);
#13964 = MANIFOLD_SOLID_BREP('',#13965);
#13965 = CLOSED_SHELL('',(#13966,#14086,#14186,#14233,#14280,#14287));
#13966 = ADVANCED_FACE('',(#13967),#13981,.F.);
#13967 = FACE_BOUND('',#13968,.F.);
#13968 = EDGE_LOOP('',(#13969,#14004,#14032,#14060));
#13969 = ORIENTED_EDGE('',*,*,#13970,.F.);
#13970 = EDGE_CURVE('',#13971,#13973,#13975,.T.);
#13971 = VERTEX_POINT('',#13972);
#13972 = CARTESIAN_POINT('',(-5.,-15.,-8.));
#13973 = VERTEX_POINT('',#13974);
#13974 = CARTESIAN_POINT('',(-5.,-15.,8.));
#13975 = SURFACE_CURVE('',#13976,(#13980,#13992),.PCURVE_S1.);
#13976 = LINE('',#13977,#13978);
#13977 = CARTESIAN_POINT('',(-5.,-15.,-8.));
#13978 = VECTOR('',#13979,1.);
#13979 = DIRECTION('',(0.,0.,1.));
#13980 = PCURVE('',#13981,#13986);
#13981 = PLANE('',#13982);
#13982 = AXIS2_PLACEMENT_3D('',#13983,#13984,#13985);
#13983 = CARTESIAN_POINT('',(-5.,-15.,-8.));
#13984 = DIRECTION('',(1.,0.,-0.));
#13985 = DIRECTION('',(0.,0.,1.));
#13986 = DEFINITIONAL_REPRESENTATION('',(#13987),#13991);
#13987 = LINE('',#13988,#13989);
#13988 = CARTESIAN_POINT('',(0.,0.));
#13989 = VECTOR('',#13990,1.);
#13990 = DIRECTION('',(1.,0.));
#13991 = ( GEOMETRIC_REPRESENTATION_CONTEXT(2) 
PARAMETRIC_REPRESENTATION_CONTEXT() REPRESENTATION_CONTEXT('2D SPACE',''
  ) );
#13992 = PCURVE('',#13993,#13998);
#13993 = PLANE('',#13994);
#13994 = AXIS2_PLACEMENT_3D('',#13995,#13996,#13997);
#13995 = CARTESIAN_POINT('',(-5.,-15.,-8.));
#13996 = DIRECTION('',(-0.,1.,0.));
#13997 = DIRECTION('',(0.,0.,1.));
#13998 = DEFINITIONAL_REPRESENTATION('',(#13999),#14003);
#13999 = LINE('',#14000,#14001);
#14000 = CARTESIAN_POINT('',(0.,0.));
#14001 = VECTOR('',#14002,1.);
#14002 = DIRECTION('',(1.,0.));
#14003 = ( GEOMETRIC_REPRESENTATION_CONTEXT(2) 
PARAMETRIC_REPRESENTATION_CONTEXT() REPRESENTATION_CONTEXT('2D SPACE',''
  ) );
#14004 = ORIENTED_EDGE('',*,*,#14005,.T.);
#14005 = EDGE_CURVE('',#13971,#14006,#14008,.T.);
#14006 = VERTEX_POINT('',#14007);
#14007 = CARTESIAN_POINT('',(-5.,15.,-8.));
#14008 = SURFACE_CURVE('',#14009,(#14013,#14020),.PCURVE_S1.);
#14009 = LINE('',#14010,#14011);
#14010 = CARTESIAN_POINT('',(-5.,-15.,-8.));
#14011 = VECTOR('',#14012,1.);
#14012 = DIRECTION('',(-0.,1.,0.));
#14013 = PCURVE('',#13981,#14014);
#14014 = DEFINITIONAL_REPRESENTATION('',(#14015),#14019);
#14015 = LINE('',#14016,#14017);
#14016 = CARTESIAN_POINT('',(0.,0.));
#14017 = VECTOR('',#14018,1.);
#14018 = DIRECTION('',(0.,-1.));
#14019 = ( GEOMETRIC_REPRESENTATION_CONTEXT(2) 
PARAMETRIC_REPRESENTATION_CONTEXT() REPRESENTATION_CONTEXT('2D SPACE',''
  ) );
#14020 = PCURVE('',#14021,#14026);
#14021 = PLANE('',#14022);
#14022 = AXIS2_PLACEMENT_3D('',#14023,#14024,#14025);
#14023 = CARTESIAN_POINT('',(-5.,-15.,-8.));
#14024 = DIRECTION('',(0.,0.,1.));
#14025 = DIRECTION('',(1.,0.,-0.));
#14026 = DEFINITIONAL_REPRESENTATION('',(#14027),#14031);
#14027 = LINE('',#14028,#14029);
#14028 = CARTESIAN_POINT('',(0.,0.));
#14029 = VECTOR('',#14030,1.);
#14030 = DIRECTION('',(0.,1.));
#14031 = ( GEOMETRIC_REPRESENTATION_CONTEXT(2) 
PARAMETRIC_REPRESENTATION_CONTEXT() REPRESENTATION_CONTEXT('2D SPACE',''
  ) );
#14032 = ORIENTED_EDGE('',*,*,#14033,.T.);
#14033 = EDGE_CURVE('',#14006,#14034,#14036,.T.);
#14034 = VERTEX_POINT('',#14035);
#14035 = CARTESIAN_POINT('',(-5.,15.,8.));
#14036 = SURFACE_CURVE('',#14037,(#14041,#14048),.PCURVE_S1.);
#14037 = LINE('',#14038,#14039);
#14038 = CARTESIAN_POINT('',(-5.,15.,-8.));
#14039 = VECTOR('',#14040,1.);
#14040 = DIRECTION('',(0.,0.,1.));
#14041 = PCURVE('',#13981,#14042);
#14042 = DEFINITIONAL_REPRESENTATION('',(#14043),#14047);
#14043 = LINE('',#14044,#14045);
#14044 = CARTESIAN_POINT('',(0.,-30.));
#14045 = VECTOR('',#14046,1.);
#14046 = DIRECTION('',(1.,0.));
#14047 = ( GEOMETRIC_REPRESENTATION_CONTEXT(2) 
PARAMETRIC_REPRESENTATION_CONTEXT() REPRESENTATION_CONTEXT('2D SPACE',''
  ) );
#14048 = PCURVE('',#14049,#14054);
#14049 = PLANE('',#14050);
#14050 = AXIS2_PLACEMENT_3D('',#14051,#14052,#14053);
#14051 = CARTESIAN_POINT('',(-5.,15.,-8.));
#14052 = DIRECTION('',(-0.,1.,0.));
#14053 = DIRECTION('',(0.,0.,1.));
#14054 = DEFINITIONAL_REPRESENTATION('',(#14055),#14059);
#14055 = LINE('',#14056,#14057);
#14056 = CARTESIAN_POINT('',(0.,0.));
#14057 = VECTOR('',#14058,1.);
#14058 = DIRECTION('',(1.,0.));
#14059 = ( GEOMETRIC_REPRESENTATION_CONTEXT(2) 
PARAMETRIC_REPRESENTATION_CONTEXT() REPRESENTATION_CONTEXT('2D SPACE',''
  ) );
#14060 = ORIENTED_EDGE('',*,*,#14061,.F.);
#14061 = EDGE_CURVE('',#13973,#14034,#14062,.T.);
#14062 = SURFACE_CURVE('',#14063,(#14067,#14074),.PCURVE_S1.);
#14063 = LINE('',#14064,#14065);
#14064 = CARTESIAN_POINT('',(-5.,-15.,8.));
#14065 = VECTOR('',#14066,1.);
#14066 = DIRECTION('',(-0.,1.,0.));
#14067 = PCURVE('',#13981,#14068);
#14068 = DEFINITIONAL_REPRESENTATION('',(#14069),#14073);
#14069 = LINE('',#14070,#14071);
#14070 = CARTESIAN_POINT('',(16.,0.));
#14071 = VECTOR('',#14072,1.);
#14072 = DIRECTION('',(0.,-1.));
#14073 = ( GEOMETRIC_REPRESENTATION_CONTEXT(2) 
PARAMETRIC_REPRESENTATION_CONTEXT() REPRESENTATION_CONTEXT('2D SPACE',''
  ) );
#14074 = PCURVE('',#14075,#14080);
#14075 = PLANE('',#14076);
#14076 = AXIS2_PLACEMENT_3D('',#14077,#14078,#14079);
#14077 = CARTESIAN_POINT('',(-5.,-15.,8.));
#14078 = DIRECTION('',(0.,0.,1.));
#14079 = DIRECTION('',(1.,0.,-0.));
#14080 = DEFINITIONAL_REPRESENTATION('',(#14081),#14085);
#14081 = LINE('',#14082,#14083);
#14082 = CARTESIAN_POINT('',(0.,0.));
#14083 = VECTOR('',#14084,1.);
#14084 = DIRECTION('',(0.,1.));
#14085 = ( GEOMETRIC_REPRESENTATION_CONTEXT(2) 
PARAMETRIC_REPRESENTATION_CONTEXT() REPRESENTATION_CONTEXT('2D SPACE',''
  ) );
#14086 = ADVANCED_FACE('',(#14087),#14101,.T.);
#14087 = FACE_BOUND('',#14088,.T.);
#14088 = EDGE_LOOP('',(#14089,#14119,#14142,#14165));
#14089 = ORIENTED_EDGE('',*,*,#14090,.F.);
#14090 = EDGE_CURVE('',#14091,#14093,#14095,.T.);
#14091 = VERTEX_POINT('',#14092);
#14092 = CARTESIAN_POINT('',(5.,-15.,-8.));
#14093 = VERTEX_POINT('',#14094);
#14094 = CARTESIAN_POINT('',(5.,-15.,8.));
#14095 = SURFACE_CURVE('',#14096,(#14100,#14112),.PCURVE_S1.);
#14096 = LINE('',#14097,#14098);
#14097 = CARTESIAN_POINT('',(5.,-15.,-8.));
#14098 = VECTOR('',#14099,1.);
#14099 = DIRECTION('',(0.,0.,1.));
#14100 = PCURVE('',#14101,#14106);
#14101 = PLANE('',#14102);
#14102 = AXIS2_PLACEMENT_3D('',#14103,#14104,#14105);
#14103 = CARTESIAN_POINT('',(5.,-15.,-8.));
#14104 = DIRECTION('',(1.,0.,-0.));
#14105 = DIRECTION('',(0.,0.,1.));
#14106 = DEFINITIONAL_REPRESENTATION('',(#14107),#14111);
#14107 = LINE('',#14108,#14109);
#14108 = CARTESIAN_POINT('',(0.,0.));
#14109 = VECTOR('',#14110,1.);
#14110 = DIRECTION('',(1.,0.));
#14111 = ( GEOMETRIC_REPRESENTATION_CONTEXT(2) 
PARAMETRIC_REPRESENTATION_CONTEXT() REPRESENTATION_CONTEXT('2D SPACE',''
  ) );
#14112 = PCURVE('',#13993,#14113);
#14113 = DEFINITIONAL_REPRESENTATION('',(#14114),#14118);
#14114 = LINE('',#14115,#14116);
#14115 = CARTESIAN_POINT('',(0.,10.));
#14116 = VECTOR('',#14117,1.);
#14117 = DIRECTION('',(1.,0.));
#14118 = ( GEOMETRIC_REPRESENTATION_CONTEXT(2) 
PARAMETRIC_REPRESENTATION_CONTEXT() REPRESENTATION_CONTEXT('2D SPACE',''
  ) );
#14119 = ORIENTED_EDGE('',*,*,#14120,.T.);
#14120 = EDGE_CURVE('',#14091,#14121,#14123,.T.);
#14121 = VERTEX_POINT('',#14122);
#14122 = CARTESIAN_POINT('',(5.,15.,-8.));
#14123 = SURFACE_CURVE('',#14124,(#14128,#14135),.PCURVE_S1.);
#14124 = LINE('',#14125,#14126);
#14125 = CARTESIAN_POINT('',(5.,-15.,-8.));
#14126 = VECTOR('',#14127,1.);
#14127 = DIRECTION('',(-0.,1.,0.));
#14128 = PCURVE('',#14101,#14129);
#14129 = DEFINITIONAL_REPRESENTATION('',(#14130),#14134);
#14130 = LINE('',#14131,#14132);
#14131 = CARTESIAN_POINT('',(0.,0.));
#14132 = VECTOR('',#14133,1.);
#14133 = DIRECTION('',(0.,-1.));
#14134 = ( GEOMETRIC_REPRESENTATION_CONTEXT(2) 
PARAMETRIC_REPRESENTATION_CONTEXT() REPRESENTATION_CONTEXT('2D SPACE',''
  ) );
#14135 = PCURVE('',#14021,#14136);
#14136 = DEFINITIONAL_REPRESENTATION('',(#14137),#14141);
#14137 = LINE('',#14138,#14139);
#14138 = CARTESIAN_POINT('',(10.,0.));
#14139 = VECTOR('',#14140,1.);
#14140 = DIRECTION('',(0.,1.));
#14141 = ( GEOMETRIC_REPRESENTATION_CONTEXT(2) 
PARAMETRIC_REPRESENTATION_CONTEXT() REPRESENTATION_CONTEXT('2D SPACE',''
  ) );
#14142 = ORIENTED_EDGE('',*,*,#14143,.T.);
#14143 = EDGE_CURVE('',#14121,#14144,#14146,.T.);
#14144 = VERTEX_POINT('',#14145);
#14145 = CARTESIAN_POINT('',(5.,15.,8.));
#14146 = SURFACE_CURVE('',#14147,(#14151,#14158),.PCURVE_S1.);
#14147 = LINE('',#14148,#14149);
#14148 = CARTESIAN_POINT('',(5.,15.,-8.));
#14149 = VECTOR('',#14150,1.);
#14150 = DIRECTION('',(0.,0.,1.));
#14151 = PCURVE('',#14101,#14152);
#14152 = DEFINITIONAL_REPRESENTATION('',(#14153),#14157);
#14153 = LINE('',#14154,#14155);
#14154 = CARTESIAN_POINT('',(0.,-30.));
#14155 = VECTOR('',#14156,1.);
#14156 = DIRECTION('',(1.,0.));
#14157 = ( GEOMETRIC_REPRESENTATION_CONTEXT(2) 
PARAMETRIC_REPRESENTATION_CONTEXT() REPRESENTATION_CONTEXT('2D SPACE',''
  ) );
#14158 = PCURVE('',#14049,#14159);
#14159 = DEFINITIONAL_REPRESENTATION('',(#14160),#14164);
#14160 = LINE('',#14161,#14162);
#14161 = CARTESIAN_POINT('',(0.,10.));
#14162 = VECTOR('',#14163,1.);
#14163 = DIRECTION('',(1.,0.));
#14164 = ( GEOMETRIC_REPRESENTATION_CONTEXT(2) 
PARAMETRIC_REPRESENTATION_CONTEXT() REPRESENTATION_CONTEXT('2D SPACE',''
  ) );
#14165 = ORIENTED_EDGE('',*,*,#14166,.F.);
#14166 = EDGE_CURVE('',#14093,#14144,#14167,.T.);
#14167 = SURFACE_CURVE('',#14168,(#14172,#14179),.PCURVE_S1.);
#14168 = LINE('',#14169,#14170);
#14169 = CARTESIAN_POINT('',(5.,-15.,8.));
#14170 = VECTOR('',#14171,1.);
#14171 = DIRECTION('',(-0.,1.,0.));
#14172 = PCURVE('',#14101,#14173);
#14173 = DEFINITIONAL_REPRESENTATION('',(#14174),#14178);
#14174 = LINE('',#14175,#14176);
#14175 = CARTESIAN_POINT('',(16.,0.));
#14176 = VECTOR('',#14177,1.);
#14177 = DIRECTION('',(0.,-1.));
#14178 = ( GEOMETRIC_REPRESENTATION_CONTEXT(2) 
PARAMETRIC_REPRESENTATION_CONTEXT() REPRESENTATION_CONTEXT('2D SPACE',''
  ) );
#14179 = PCURVE('',#14075,#14180);
#14180 = DEFINITIONAL_REPRESENTATION('',(#14181),#14185);
#14181 = LINE('',#14182,#14183);
#14182 = CARTESIAN_POINT('',(10.,0.));
#14183 = VECTOR('',#14184,1.);
#14184 = DIRECTION('',(0.,1.));
#14185 = ( GEOMETRIC_REPRESENTATION_CONTEXT(2) 
PARAMETRIC_REPRESENTATION_CONTEXT() REPRESENTATION_CONTEXT('2D SPACE',''
  ) );
#14186 = ADVANCED_FACE('',(#14187),#13993,.F.);
#14187 = FACE_BOUND('',#14188,.F.);
#14188 = EDGE_LOOP('',(#14189,#14210,#14211,#14232));
#14189 = ORIENTED_EDGE('',*,*,#14190,.F.);
#14190 = EDGE_CURVE('',#13971,#14091,#14191,.T.);
#14191 = SURFACE_CURVE('',#14192,(#14196,#14203),.PCURVE_S1.);
#14192 = LINE('',#14193,#14194);
#14193 = CARTESIAN_POINT('',(-5.,-15.,-8.));
#14194 = VECTOR('',#14195,1.);
#14195 = DIRECTION('',(1.,0.,-0.));
#14196 = PCURVE('',#13993,#14197);
#14197 = DEFINITIONAL_REPRESENTATION('',(#14198),#14202);
#14198 = LINE('',#14199,#14200);
#14199 = CARTESIAN_POINT('',(0.,0.));
#14200 = VECTOR('',#14201,1.);
#14201 = DIRECTION('',(0.,1.));
#14202 = ( GEOMETRIC_REPRESENTATION_CONTEXT(2) 
PARAMETRIC_REPRESENTATION_CONTEXT() REPRESENTATION_CONTEXT('2D SPACE',''
  ) );
#14203 = PCURVE('',#14021,#14204);
#14204 = DEFINITIONAL_REPRESENTATION('',(#14205),#14209);
#14205 = LINE('',#14206,#14207);
#14206 = CARTESIAN_POINT('',(0.,0.));
#14207 = VECTOR('',#14208,1.);
#14208 = DIRECTION('',(1.,0.));
#14209 = ( GEOMETRIC_REPRESENTATION_CONTEXT(2) 
PARAMETRIC_REPRESENTATION_CONTEXT() REPRESENTATION_CONTEXT('2D SPACE',''
  ) );
#14210 = ORIENTED_EDGE('',*,*,#13970,.T.);
#14211 = ORIENTED_EDGE('',*,*,#14212,.T.);
#14212 = EDGE_CURVE('',#13973,#14093,#14213,.T.);
#14213 = SURFACE_CURVE('',#14214,(#14218,#14225),.PCURVE_S1.);
#14214 = LINE('',#14215,#14216);
#14215 = CARTESIAN_POINT('',(-5.,-15.,8.));
#14216 = VECTOR('',#14217,1.);
#14217 = DIRECTION('',(1.,0.,-0.));
#14218 = PCURVE('',#13993,#14219);
#14219 = DEFINITIONAL_REPRESENTATION('',(#14220),#14224);
#14220 = LINE('',#14221,#14222);
#14221 = CARTESIAN_POINT('',(16.,0.));
#14222 = VECTOR('',#14223,1.);
#14223 = DIRECTION('',(0.,1.));
#14224 = ( GEOMETRIC_REPRESENTATION_CONTEXT(2) 
PARAMETRIC_REPRESENTATION_CONTEXT() REPRESENTATION_CONTEXT('2D SPACE',''
  ) );
#14225 = PCURVE('',#14075,#14226);
#14226 = DEFINITIONAL_REPRESENTATION('',(#14227),#14231);
#14227 = LINE('',#14228,#14229);
#14228 = CARTESIAN_POINT('',(0.,0.));
#14229 = VECTOR('',#14230,1.);
#14230 = DIRECTION('',(1.,0.));
#14231 = ( GEOMETRIC_REPRESENTATION_CONTEXT(2) 
PARAMETRIC_REPRESENTATION_CONTEXT() REPRESENTATION_CONTEXT('2D SPACE',''
  ) );
#14232 = ORIENTED_EDGE('',*,*,#14090,.F.);
#14233 = ADVANCED_FACE('',(#14234),#14049,.T.);
#14234 = FACE_BOUND('',#14235,.T.);
#14235 = EDGE_LOOP('',(#14236,#14257,#14258,#14279));
#14236 = ORIENTED_EDGE('',*,*,#14237,.F.);
#14237 = EDGE_CURVE('',#14006,#14121,#14238,.T.);
#14238 = SURFACE_CURVE('',#14239,(#14243,#14250),.PCURVE_S1.);
#14239 = LINE('',#14240,#14241);
#14240 = CARTESIAN_POINT('',(-5.,15.,-8.));
#14241 = VECTOR('',#14242,1.);
#14242 = DIRECTION('',(1.,0.,-0.));
#14243 = PCURVE('',#14049,#14244);
#14244 = DEFINITIONAL_REPRESENTATION('',(#14245),#14249);
#14245 = LINE('',#14246,#14247);
#14246 = CARTESIAN_POINT('',(0.,0.));
#14247 = VECTOR('',#14248,1.);
#14248 = DIRECTION('',(0.,1.));
#14249 = ( GEOMETRIC_REPRESENTATION_CONTEXT(2) 
PARAMETRIC_REPRESENTATION_CONTEXT() REPRESENTATION_CONTEXT('2D SPACE',''
  ) );
#14250 = PCURVE('',#14021,#14251);
#14251 = DEFINITIONAL_REPRESENTATION('',(#14252),#14256);
#14252 = LINE('',#14253,#14254);
#14253 = CARTESIAN_POINT('',(0.,30.));
#14254 = VECTOR('',#14255,1.);
#14255 = DIRECTION('',(1.,0.));
#14256 = ( GEOMETRIC_REPRESENTATION_CONTEXT(2) 
PARAMETRIC_REPRESENTATION_CONTEXT() REPRESENTATION_CONTEXT('2D SPACE',''
  ) );
#14257 = ORIENTED_EDGE('',*,*,#14033,.T.);
#14258 = ORIENTED_EDGE('',*,*,#14259,.T.);
#14259 = EDGE_CURVE('',#14034,#14144,#14260,.T.);
#14260 = SURFACE_CURVE('',#14261,(#14265,#14272),.PCURVE_S1.);
#14261 = LINE('',#14262,#14263);
#14262 = CARTESIAN_POINT('',(-5.,15.,8.));
#14263 = VECTOR('',#14264,1.);
#14264 = DIRECTION('',(1.,0.,-0.));
#14265 = PCURVE('',#14049,#14266);
#14266 = DEFINITIONAL_REPRESENTATION('',(#14267),#14271);
#14267 = LINE('',#14268,#14269);
#14268 = CARTESIAN_POINT('',(16.,0.));
#14269 = VECTOR('',#14270,1.);
#14270 = DIRECTION('',(0.,1.));
#14271 = ( GEOMETRIC_REPRESENTATION_CONTEXT(2) 
PARAMETRIC_REPRESENTATION_CONTEXT() REPRESENTATION_CONTEXT('2D SPACE',''
  ) );
#14272 = PCURVE('',#14075,#14273);
#14273 = DEFINITIONAL_REPRESENTATION('',(#14274),#14278);
#14274 = LINE('',#14275,#14276);
#14275 = CARTESIAN_POINT('',(0.,30.));
#14276 = VECTOR('',#14277,1.);
#14277 = DIRECTION('',(1.,0.));
#14278 = ( GEOMETRIC_REPRESENTATION_CONTEXT(2) 
PARAMETRIC_REPRESENTATION_CONTEXT() REPRESENTATION_CONTEXT('2D SPACE',''
  ) );
#14279 = ORIENTED_EDGE('',*,*,#14143,.F.);
#14280 = ADVANCED_FACE('',(#14281),#14021,.F.);
#14281 = FACE_BOUND('',#14282,.F.);
#14282 = EDGE_LOOP('',(#14283,#14284,#14285,#14286));
#14283 = ORIENTED_EDGE('',*,*,#14005,.F.);
#14284 = ORIENTED_EDGE('',*,*,#14190,.T.);
#14285 = ORIENTED_EDGE('',*,*,#14120,.T.);
#14286 = ORIENTED_EDGE('',*,*,#14237,.F.);
#14287 = ADVANCED_FACE('',(#14288),#14075,.T.);
#14288 = FACE_BOUND('',#14289,.T.);
#14289 = EDGE_LOOP('',(#14290,#14291,#14292,#14293));
#14290 = ORIENTED_EDGE('',*,*,#14061,.F.);
#14291 = ORIENTED_EDGE('',*,*,#14212,.T.);
#14292 = ORIENTED_EDGE('',*,*,#14166,.T.);
#14293 = ORIENTED_EDGE('',*,*,#14259,.F.);
#14294 = ( GEOMETRIC_REPRESENTATION_CONTEXT(3) 
GLOBAL_UNCERTAINTY_ASSIGNED_CONTEXT((#14298)) 
GLOBAL_UNIT_ASSIGNED_CONTEXT((#14295,#14296,#14297)) 
REPRESENTATION_CONTEXT('Context #1',
  '3D Context with UNIT and UNCERTAINTY') );
#14295 = ( LENGTH_UNIT() NAMED_UNIT(*) SI_UNIT(.MILLI.,.METRE.) );
#14296 = ( NAMED_UNIT(*) PLANE_ANGLE_UNIT() SI_UNIT($,.RADIAN.) );
#14297 = ( NAMED_UNIT(*) SI_UNIT($,.STERADIAN.) SOLID_ANGLE_UNIT() );
#14298 = UNCERTAINTY_MEASURE_WITH_UNIT(LENGTH_MEASURE(1.E-07),#14295,
  'distance_accuracy_value','confusion accuracy');
#14299 = CONTEXT_DEPENDENT_SHAPE_REPRESENTATION(#14300,#14302);
#14300 = ( REPRESENTATION_RELATIONSHIP('','',#13963,#36) 
REPRESENTATION_RELATIONSHIP_WITH_TRANSFORMATION(#14301) 
SHAPE_REPRESENTATION_RELATIONSHIP() );
#14301 = ITEM_DEFINED_TRANSFORMATION('','',#11,#77);
#14302 = PRODUCT_DEFINITION_SHAPE('Placement','Placement of an item',
  #14303);
#14303 = NEXT_ASSEMBLY_USAGE_OCCURRENCE('11','=>[0:1:1:13]','',#31,
  #13958,$);
#14304 = PRODUCT_RELATED_PRODUCT_CATEGORY('part',$,(#13960));
#14305 = SHAPE_DEFINITION_REPRESENTATION(#14306,#14312);
#14306 = PRODUCT_DEFINITION_SHAPE('','',#14307);
#14307 = PRODUCT_DEFINITION('design','',#14308,#14311);
#14308 = PRODUCT_DEFINITION_FORMATION('','',#14309);
#14309 = PRODUCT('COMPOUND','COMPOUND','',(#14310));
#14310 = PRODUCT_CONTEXT('',#2,'mechanical');
#14311 = PRODUCT_DEFINITION_CONTEXT('part definition',#2,'design');
#14312 = ADVANCED_BREP_SHAPE_REPRESENTATION('',(#11,#14313),#14733);
#14313 = MANIFOLD_SOLID_BREP('',#14314);
#14314 = CLOSED_SHELL('',(#14315,#14435,#14511,#14591,#14640,#14667,
    #14674,#14729));
#14315 = ADVANCED_FACE('',(#14316),#14330,.F.);
#14316 = FACE_BOUND('',#14317,.F.);
#14317 = EDGE_LOOP('',(#14318,#14353,#14381,#14409));
#14318 = ORIENTED_EDGE('',*,*,#14319,.F.);
#14319 = EDGE_CURVE('',#14320,#14322,#14324,.T.);
#14320 = VERTEX_POINT('',#14321);
#14321 = CARTESIAN_POINT('',(52.,-60.2,58.65));
#14322 = VERTEX_POINT('',#14323);
#14323 = CARTESIAN_POINT('',(52.,-60.2,59.25));
#14324 = SURFACE_CURVE('',#14325,(#14329,#14341),.PCURVE_S1.);
#14325 = LINE('',#14326,#14327);
#14326 = CARTESIAN_POINT('',(52.,-60.2,58.65));
#14327 = VECTOR('',#14328,1.);
#14328 = DIRECTION('',(0.,0.,1.));
#14329 = PCURVE('',#14330,#14335);
#14330 = PLANE('',#14331);
#14331 = AXIS2_PLACEMENT_3D('',#14332,#14333,#14334);
#14332 = CARTESIAN_POINT('',(52.,-60.2,58.65));
#14333 = DIRECTION('',(1.,0.,-0.));
#14334 = DIRECTION('',(0.,0.,1.));
#14335 = DEFINITIONAL_REPRESENTATION('',(#14336),#14340);
#14336 = LINE('',#14337,#14338);
#14337 = CARTESIAN_POINT('',(0.,0.));
#14338 = VECTOR('',#14339,1.);
#14339 = DIRECTION('',(1.,0.));
#14340 = ( GEOMETRIC_REPRESENTATION_CONTEXT(2) 
PARAMETRIC_REPRESENTATION_CONTEXT() REPRESENTATION_CONTEXT('2D SPACE',''
  ) );
#14341 = PCURVE('',#14342,#14347);
#14342 = PLANE('',#14343);
#14343 = AXIS2_PLACEMENT_3D('',#14344,#14345,#14346);
#14344 = CARTESIAN_POINT('',(52.,-60.2,58.65));
#14345 = DIRECTION('',(-0.,1.,0.));
#14346 = DIRECTION('',(0.,0.,1.));
#14347 = DEFINITIONAL_REPRESENTATION('',(#14348),#14352);
#14348 = LINE('',#14349,#14350);
#14349 = CARTESIAN_POINT('',(0.,0.));
#14350 = VECTOR('',#14351,1.);
#14351 = DIRECTION('',(1.,0.));
#14352 = ( GEOMETRIC_REPRESENTATION_CONTEXT(2) 
PARAMETRIC_REPRESENTATION_CONTEXT() REPRESENTATION_CONTEXT('2D SPACE',''
  ) );
#14353 = ORIENTED_EDGE('',*,*,#14354,.T.);
#14354 = EDGE_CURVE('',#14320,#14355,#14357,.T.);
#14355 = VERTEX_POINT('',#14356);
#14356 = CARTESIAN_POINT('',(52.,60.2,58.65));
#14357 = SURFACE_CURVE('',#14358,(#14362,#14369),.PCURVE_S1.);
#14358 = LINE('',#14359,#14360);
#14359 = CARTESIAN_POINT('',(52.,-60.2,58.65));
#14360 = VECTOR('',#14361,1.);
#14361 = DIRECTION('',(-0.,1.,0.));
#14362 = PCURVE('',#14330,#14363);
#14363 = DEFINITIONAL_REPRESENTATION('',(#14364),#14368);
#14364 = LINE('',#14365,#14366);
#14365 = CARTESIAN_POINT('',(0.,0.));
#14366 = VECTOR('',#14367,1.);
#14367 = DIRECTION('',(0.,-1.));
#14368 = ( GEOMETRIC_REPRESENTATION_CONTEXT(2) 
PARAMETRIC_REPRESENTATION_CONTEXT() REPRESENTATION_CONTEXT('2D SPACE',''
  ) );
#14369 = PCURVE('',#14370,#14375);
#14370 = PLANE('',#14371);
#14371 = AXIS2_PLACEMENT_3D('',#14372,#14373,#14374);
#14372 = CARTESIAN_POINT('',(52.,-60.2,58.65));
#14373 = DIRECTION('',(0.,0.,1.));
#14374 = DIRECTION('',(1.,0.,-0.));
#14375 = DEFINITIONAL_REPRESENTATION('',(#14376),#14380);
#14376 = LINE('',#14377,#14378);
#14377 = CARTESIAN_POINT('',(0.,0.));
#14378 = VECTOR('',#14379,1.);
#14379 = DIRECTION('',(0.,1.));
#14380 = ( GEOMETRIC_REPRESENTATION_CONTEXT(2) 
PARAMETRIC_REPRESENTATION_CONTEXT() REPRESENTATION_CONTEXT('2D SPACE',''
  ) );
#14381 = ORIENTED_EDGE('',*,*,#14382,.T.);
#14382 = EDGE_CURVE('',#14355,#14383,#14385,.T.);
#14383 = VERTEX_POINT('',#14384);
#14384 = CARTESIAN_POINT('',(52.,60.2,59.25));
#14385 = SURFACE_CURVE('',#14386,(#14390,#14397),.PCURVE_S1.);
#14386 = LINE('',#14387,#14388);
#14387 = CARTESIAN_POINT('',(52.,60.2,58.65));
#14388 = VECTOR('',#14389,1.);
#14389 = DIRECTION('',(0.,0.,1.));
#14390 = PCURVE('',#14330,#14391);
#14391 = DEFINITIONAL_REPRESENTATION('',(#14392),#14396);
#14392 = LINE('',#14393,#14394);
#14393 = CARTESIAN_POINT('',(0.,-120.4));
#14394 = VECTOR('',#14395,1.);
#14395 = DIRECTION('',(1.,0.));
#14396 = ( GEOMETRIC_REPRESENTATION_CONTEXT(2) 
PARAMETRIC_REPRESENTATION_CONTEXT() REPRESENTATION_CONTEXT('2D SPACE',''
  ) );
#14397 = PCURVE('',#14398,#14403);
#14398 = PLANE('',#14399);
#14399 = AXIS2_PLACEMENT_3D('',#14400,#14401,#14402);
#14400 = CARTESIAN_POINT('',(52.,60.2,58.65));
#14401 = DIRECTION('',(-0.,1.,0.));
#14402 = DIRECTION('',(0.,0.,1.));
#14403 = DEFINITIONAL_REPRESENTATION('',(#14404),#14408);
#14404 = LINE('',#14405,#14406);
#14405 = CARTESIAN_POINT('',(0.,0.));
#14406 = VECTOR('',#14407,1.);
#14407 = DIRECTION('',(1.,0.));
#14408 = ( GEOMETRIC_REPRESENTATION_CONTEXT(2) 
PARAMETRIC_REPRESENTATION_CONTEXT() REPRESENTATION_CONTEXT('2D SPACE',''
  ) );
#14409 = ORIENTED_EDGE('',*,*,#14410,.F.);
#14410 = EDGE_CURVE('',#14322,#14383,#14411,.T.);
#14411 = SURFACE_CURVE('',#14412,(#14416,#14423),.PCURVE_S1.);
#14412 = LINE('',#14413,#14414);
#14413 = CARTESIAN_POINT('',(52.,-60.2,59.25));
#14414 = VECTOR('',#14415,1.);
#14415 = DIRECTION('',(-0.,1.,0.));
#14416 = PCURVE('',#14330,#14417);
#14417 = DEFINITIONAL_REPRESENTATION('',(#14418),#14422);
#14418 = LINE('',#14419,#14420);
#14419 = CARTESIAN_POINT('',(0.6,0.));
#14420 = VECTOR('',#14421,1.);
#14421 = DIRECTION('',(0.,-1.));
#14422 = ( GEOMETRIC_REPRESENTATION_CONTEXT(2) 
PARAMETRIC_REPRESENTATION_CONTEXT() REPRESENTATION_CONTEXT('2D SPACE',''
  ) );
#14423 = PCURVE('',#14424,#14429);
#14424 = PLANE('',#14425);
#14425 = AXIS2_PLACEMENT_3D('',#14426,#14427,#14428);
#14426 = CARTESIAN_POINT('',(52.,-60.2,59.25));
#14427 = DIRECTION('',(0.,0.,1.));
#14428 = DIRECTION('',(1.,0.,-0.));
#14429 = DEFINITIONAL_REPRESENTATION('',(#14430),#14434);
#14430 = LINE('',#14431,#14432);
#14431 = CARTESIAN_POINT('',(0.,0.));
#14432 = VECTOR('',#14433,1.);
#14433 = DIRECTION('',(0.,1.));
#14434 = ( GEOMETRIC_REPRESENTATION_CONTEXT(2) 
PARAMETRIC_REPRESENTATION_CONTEXT() REPRESENTATION_CONTEXT('2D SPACE',''
  ) );
#14435 = ADVANCED_FACE('',(#14436),#14342,.F.);
#14436 = FACE_BOUND('',#14437,.F.);
#14437 = EDGE_LOOP('',(#14438,#14461,#14462,#14485));
#14438 = ORIENTED_EDGE('',*,*,#14439,.F.);
#14439 = EDGE_CURVE('',#14320,#14440,#14442,.T.);
#14440 = VERTEX_POINT('',#14441);
#14441 = CARTESIAN_POINT('',(126.,-60.2,58.65));
#14442 = SURFACE_CURVE('',#14443,(#14447,#14454),.PCURVE_S1.);
#14443 = LINE('',#14444,#14445);
#14444 = CARTESIAN_POINT('',(52.,-60.2,58.65));
#14445 = VECTOR('',#14446,1.);
#14446 = DIRECTION('',(1.,0.,-0.));
#14447 = PCURVE('',#14342,#14448);
#14448 = DEFINITIONAL_REPRESENTATION('',(#14449),#14453);
#14449 = LINE('',#14450,#14451);
#14450 = CARTESIAN_POINT('',(0.,0.));
#14451 = VECTOR('',#14452,1.);
#14452 = DIRECTION('',(0.,1.));
#14453 = ( GEOMETRIC_REPRESENTATION_CONTEXT(2) 
PARAMETRIC_REPRESENTATION_CONTEXT() REPRESENTATION_CONTEXT('2D SPACE',''
  ) );
#14454 = PCURVE('',#14370,#14455);
#14455 = DEFINITIONAL_REPRESENTATION('',(#14456),#14460);
#14456 = LINE('',#14457,#14458);
#14457 = CARTESIAN_POINT('',(0.,0.));
#14458 = VECTOR('',#14459,1.);
#14459 = DIRECTION('',(1.,0.));
#14460 = ( GEOMETRIC_REPRESENTATION_CONTEXT(2) 
PARAMETRIC_REPRESENTATION_CONTEXT() REPRESENTATION_CONTEXT('2D SPACE',''
  ) );
#14461 = ORIENTED_EDGE('',*,*,#14319,.T.);
#14462 = ORIENTED_EDGE('',*,*,#14463,.T.);
#14463 = EDGE_CURVE('',#14322,#14464,#14466,.T.);
#14464 = VERTEX_POINT('',#14465);
#14465 = CARTESIAN_POINT('',(126.,-60.2,59.25));
#14466 = SURFACE_CURVE('',#14467,(#14471,#14478),.PCURVE_S1.);
#14467 = LINE('',#14468,#14469);
#14468 = CARTESIAN_POINT('',(52.,-60.2,59.25));
#14469 = VECTOR('',#14470,1.);
#14470 = DIRECTION('',(1.,0.,-0.));
#14471 = PCURVE('',#14342,#14472);
#14472 = DEFINITIONAL_REPRESENTATION('',(#14473),#14477);
#14473 = LINE('',#14474,#14475);
#14474 = CARTESIAN_POINT('',(0.6,0.));
#14475 = VECTOR('',#14476,1.);
#14476 = DIRECTION('',(0.,1.));
#14477 = ( GEOMETRIC_REPRESENTATION_CONTEXT(2) 
PARAMETRIC_REPRESENTATION_CONTEXT() REPRESENTATION_CONTEXT('2D SPACE',''
  ) );
#14478 = PCURVE('',#14424,#14479);
#14479 = DEFINITIONAL_REPRESENTATION('',(#14480),#14484);
#14480 = LINE('',#14481,#14482);
#14481 = CARTESIAN_POINT('',(0.,0.));
#14482 = VECTOR('',#14483,1.);
#14483 = DIRECTION('',(1.,0.));
#14484 = ( GEOMETRIC_REPRESENTATION_CONTEXT(2) 
PARAMETRIC_REPRESENTATION_CONTEXT() REPRESENTATION_CONTEXT('2D SPACE',''
  ) );
#14485 = ORIENTED_EDGE('',*,*,#14486,.F.);
#14486 = EDGE_CURVE('',#14440,#14464,#14487,.T.);
#14487 = SURFACE_CURVE('',#14488,(#14492,#14499),.PCURVE_S1.);
#14488 = LINE('',#14489,#14490);
#14489 = CARTESIAN_POINT('',(126.,-60.2,58.65));
#14490 = VECTOR('',#14491,1.);
#14491 = DIRECTION('',(0.,0.,1.));
#14492 = PCURVE('',#14342,#14493);
#14493 = DEFINITIONAL_REPRESENTATION('',(#14494),#14498);
#14494 = LINE('',#14495,#14496);
#14495 = CARTESIAN_POINT('',(0.,74.));
#14496 = VECTOR('',#14497,1.);
#14497 = DIRECTION('',(1.,0.));
#14498 = ( GEOMETRIC_REPRESENTATION_CONTEXT(2) 
PARAMETRIC_REPRESENTATION_CONTEXT() REPRESENTATION_CONTEXT('2D SPACE',''
  ) );
#14499 = PCURVE('',#14500,#14505);
#14500 = PLANE('',#14501);
#14501 = AXIS2_PLACEMENT_3D('',#14502,#14503,#14504);
#14502 = CARTESIAN_POINT('',(126.,-60.2,58.65));
#14503 = DIRECTION('',(1.,0.,-0.));
#14504 = DIRECTION('',(0.,0.,1.));
#14505 = DEFINITIONAL_REPRESENTATION('',(#14506),#14510);
#14506 = LINE('',#14507,#14508);
#14507 = CARTESIAN_POINT('',(0.,0.));
#14508 = VECTOR('',#14509,1.);
#14509 = DIRECTION('',(1.,0.));
#14510 = ( GEOMETRIC_REPRESENTATION_CONTEXT(2) 
PARAMETRIC_REPRESENTATION_CONTEXT() REPRESENTATION_CONTEXT('2D SPACE',''
  ) );
#14511 = ADVANCED_FACE('',(#14512,#14560),#14424,.T.);
#14512 = FACE_BOUND('',#14513,.T.);
#14513 = EDGE_LOOP('',(#14514,#14515,#14516,#14539));
#14514 = ORIENTED_EDGE('',*,*,#14410,.F.);
#14515 = ORIENTED_EDGE('',*,*,#14463,.T.);
#14516 = ORIENTED_EDGE('',*,*,#14517,.T.);
#14517 = EDGE_CURVE('',#14464,#14518,#14520,.T.);
#14518 = VERTEX_POINT('',#14519);
#14519 = CARTESIAN_POINT('',(126.,60.2,59.25));
#14520 = SURFACE_CURVE('',#14521,(#14525,#14532),.PCURVE_S1.);
#14521 = LINE('',#14522,#14523);
#14522 = CARTESIAN_POINT('',(126.,-60.2,59.25));
#14523 = VECTOR('',#14524,1.);
#14524 = DIRECTION('',(-0.,1.,0.));
#14525 = PCURVE('',#14424,#14526);
#14526 = DEFINITIONAL_REPRESENTATION('',(#14527),#14531);
#14527 = LINE('',#14528,#14529);
#14528 = CARTESIAN_POINT('',(74.,0.));
#14529 = VECTOR('',#14530,1.);
#14530 = DIRECTION('',(0.,1.));
#14531 = ( GEOMETRIC_REPRESENTATION_CONTEXT(2) 
PARAMETRIC_REPRESENTATION_CONTEXT() REPRESENTATION_CONTEXT('2D SPACE',''
  ) );
#14532 = PCURVE('',#14500,#14533);
#14533 = DEFINITIONAL_REPRESENTATION('',(#14534),#14538);
#14534 = LINE('',#14535,#14536);
#14535 = CARTESIAN_POINT('',(0.6,0.));
#14536 = VECTOR('',#14537,1.);
#14537 = DIRECTION('',(0.,-1.));
#14538 = ( GEOMETRIC_REPRESENTATION_CONTEXT(2) 
PARAMETRIC_REPRESENTATION_CONTEXT() REPRESENTATION_CONTEXT('2D SPACE',''
  ) );
#14539 = ORIENTED_EDGE('',*,*,#14540,.F.);
#14540 = EDGE_CURVE('',#14383,#14518,#14541,.T.);
#14541 = SURFACE_CURVE('',#14542,(#14546,#14553),.PCURVE_S1.);
#14542 = LINE('',#14543,#14544);
#14543 = CARTESIAN_POINT('',(52.,60.2,59.25));
#14544 = VECTOR('',#14545,1.);
#14545 = DIRECTION('',(1.,0.,-0.));
#14546 = PCURVE('',#14424,#14547);
#14547 = DEFINITIONAL_REPRESENTATION('',(#14548),#14552);
#14548 = LINE('',#14549,#14550);
#14549 = CARTESIAN_POINT('',(0.,120.4));
#14550 = VECTOR('',#14551,1.);
#14551 = DIRECTION('',(1.,0.));
#14552 = ( GEOMETRIC_REPRESENTATION_CONTEXT(2) 
PARAMETRIC_REPRESENTATION_CONTEXT() REPRESENTATION_CONTEXT('2D SPACE',''
  ) );
#14553 = PCURVE('',#14398,#14554);
#14554 = DEFINITIONAL_REPRESENTATION('',(#14555),#14559);
#14555 = LINE('',#14556,#14557);
#14556 = CARTESIAN_POINT('',(0.6,0.));
#14557 = VECTOR('',#14558,1.);
#14558 = DIRECTION('',(0.,1.));
#14559 = ( GEOMETRIC_REPRESENTATION_CONTEXT(2) 
PARAMETRIC_REPRESENTATION_CONTEXT() REPRESENTATION_CONTEXT('2D SPACE',''
  ) );
#14560 = FACE_BOUND('',#14561,.T.);
#14561 = EDGE_LOOP('',(#14562));
#14562 = ORIENTED_EDGE('',*,*,#14563,.F.);
#14563 = EDGE_CURVE('',#14564,#14564,#14566,.T.);
#14564 = VERTEX_POINT('',#14565);
#14565 = CARTESIAN_POINT('',(119.,30.,59.25));
#14566 = SURFACE_CURVE('',#14567,(#14572,#14579),.PCURVE_S1.);
#14567 = CIRCLE('',#14568,11.);
#14568 = AXIS2_PLACEMENT_3D('',#14569,#14570,#14571);
#14569 = CARTESIAN_POINT('',(108.,30.,59.25));
#14570 = DIRECTION('',(0.,0.,1.));
#14571 = DIRECTION('',(1.,0.,-0.));
#14572 = PCURVE('',#14424,#14573);
#14573 = DEFINITIONAL_REPRESENTATION('',(#14574),#14578);
#14574 = CIRCLE('',#14575,11.);
#14575 = AXIS2_PLACEMENT_2D('',#14576,#14577);
#14576 = CARTESIAN_POINT('',(56.,90.2));
#14577 = DIRECTION('',(1.,0.));
#14578 = ( GEOMETRIC_REPRESENTATION_CONTEXT(2) 
PARAMETRIC_REPRESENTATION_CONTEXT() REPRESENTATION_CONTEXT('2D SPACE',''
  ) );
#14579 = PCURVE('',#14580,#14585);
#14580 = CYLINDRICAL_SURFACE('',#14581,11.);
#14581 = AXIS2_PLACEMENT_3D('',#14582,#14583,#14584);
#14582 = CARTESIAN_POINT('',(108.,30.,58.65));
#14583 = DIRECTION('',(0.,0.,1.));
#14584 = DIRECTION('',(1.,0.,-0.));
#14585 = DEFINITIONAL_REPRESENTATION('',(#14586),#14590);
#14586 = LINE('',#14587,#14588);
#14587 = CARTESIAN_POINT('',(0.,0.6));
#14588 = VECTOR('',#14589,1.);
#14589 = DIRECTION('',(1.,0.));
#14590 = ( GEOMETRIC_REPRESENTATION_CONTEXT(2) 
PARAMETRIC_REPRESENTATION_CONTEXT() REPRESENTATION_CONTEXT('2D SPACE',''
  ) );
#14591 = ADVANCED_FACE('',(#14592),#14398,.T.);
#14592 = FACE_BOUND('',#14593,.T.);
#14593 = EDGE_LOOP('',(#14594,#14617,#14618,#14619));
#14594 = ORIENTED_EDGE('',*,*,#14595,.F.);
#14595 = EDGE_CURVE('',#14355,#14596,#14598,.T.);
#14596 = VERTEX_POINT('',#14597);
#14597 = CARTESIAN_POINT('',(126.,60.2,58.65));
#14598 = SURFACE_CURVE('',#14599,(#14603,#14610),.PCURVE_S1.);
#14599 = LINE('',#14600,#14601);
#14600 = CARTESIAN_POINT('',(52.,60.2,58.65));
#14601 = VECTOR('',#14602,1.);
#14602 = DIRECTION('',(1.,0.,-0.));
#14603 = PCURVE('',#14398,#14604);
#14604 = DEFINITIONAL_REPRESENTATION('',(#14605),#14609);
#14605 = LINE('',#14606,#14607);
#14606 = CARTESIAN_POINT('',(0.,0.));
#14607 = VECTOR('',#14608,1.);
#14608 = DIRECTION('',(0.,1.));
#14609 = ( GEOMETRIC_REPRESENTATION_CONTEXT(2) 
PARAMETRIC_REPRESENTATION_CONTEXT() REPRESENTATION_CONTEXT('2D SPACE',''
  ) );
#14610 = PCURVE('',#14370,#14611);
#14611 = DEFINITIONAL_REPRESENTATION('',(#14612),#14616);
#14612 = LINE('',#14613,#14614);
#14613 = CARTESIAN_POINT('',(0.,120.4));
#14614 = VECTOR('',#14615,1.);
#14615 = DIRECTION('',(1.,0.));
#14616 = ( GEOMETRIC_REPRESENTATION_CONTEXT(2) 
PARAMETRIC_REPRESENTATION_CONTEXT() REPRESENTATION_CONTEXT('2D SPACE',''
  ) );
#14617 = ORIENTED_EDGE('',*,*,#14382,.T.);
#14618 = ORIENTED_EDGE('',*,*,#14540,.T.);
#14619 = ORIENTED_EDGE('',*,*,#14620,.F.);
#14620 = EDGE_CURVE('',#14596,#14518,#14621,.T.);
#14621 = SURFACE_CURVE('',#14622,(#14626,#14633),.PCURVE_S1.);
#14622 = LINE('',#14623,#14624);
#14623 = CARTESIAN_POINT('',(126.,60.2,58.65));
#14624 = VECTOR('',#14625,1.);
#14625 = DIRECTION('',(0.,0.,1.));
#14626 = PCURVE('',#14398,#14627);
#14627 = DEFINITIONAL_REPRESENTATION('',(#14628),#14632);
#14628 = LINE('',#14629,#14630);
#14629 = CARTESIAN_POINT('',(0.,74.));
#14630 = VECTOR('',#14631,1.);
#14631 = DIRECTION('',(1.,0.));
#14632 = ( GEOMETRIC_REPRESENTATION_CONTEXT(2) 
PARAMETRIC_REPRESENTATION_CONTEXT() REPRESENTATION_CONTEXT('2D SPACE',''
  ) );
#14633 = PCURVE('',#14500,#14634);
#14634 = DEFINITIONAL_REPRESENTATION('',(#14635),#14639);
#14635 = LINE('',#14636,#14637);
#14636 = CARTESIAN_POINT('',(0.,-120.4));
#14637 = VECTOR('',#14638,1.);
#14638 = DIRECTION('',(1.,0.));
#14639 = ( GEOMETRIC_REPRESENTATION_CONTEXT(2) 
PARAMETRIC_REPRESENTATION_CONTEXT() REPRESENTATION_CONTEXT('2D SPACE',''
  ) );
#14640 = ADVANCED_FACE('',(#14641),#14370,.F.);
#14641 = FACE_BOUND('',#14642,.F.);
#14642 = EDGE_LOOP('',(#14643,#14644,#14645,#14666));
#14643 = ORIENTED_EDGE('',*,*,#14354,.F.);
#14644 = ORIENTED_EDGE('',*,*,#14439,.T.);
#14645 = ORIENTED_EDGE('',*,*,#14646,.T.);
#14646 = EDGE_CURVE('',#14440,#14596,#14647,.T.);
#14647 = SURFACE_CURVE('',#14648,(#14652,#14659),.PCURVE_S1.);
#14648 = LINE('',#14649,#14650);
#14649 = CARTESIAN_POINT('',(126.,-60.2,58.65));
#14650 = VECTOR('',#14651,1.);
#14651 = DIRECTION('',(-0.,1.,0.));
#14652 = PCURVE('',#14370,#14653);
#14653 = DEFINITIONAL_REPRESENTATION('',(#14654),#14658);
#14654 = LINE('',#14655,#14656);
#14655 = CARTESIAN_POINT('',(74.,0.));
#14656 = VECTOR('',#14657,1.);
#14657 = DIRECTION('',(0.,1.));
#14658 = ( GEOMETRIC_REPRESENTATION_CONTEXT(2) 
PARAMETRIC_REPRESENTATION_CONTEXT() REPRESENTATION_CONTEXT('2D SPACE',''
  ) );
#14659 = PCURVE('',#14500,#14660);
#14660 = DEFINITIONAL_REPRESENTATION('',(#14661),#14665);
#14661 = LINE('',#14662,#14663);
#14662 = CARTESIAN_POINT('',(0.,0.));
#14663 = VECTOR('',#14664,1.);
#14664 = DIRECTION('',(0.,-1.));
#14665 = ( GEOMETRIC_REPRESENTATION_CONTEXT(2) 
PARAMETRIC_REPRESENTATION_CONTEXT() REPRESENTATION_CONTEXT('2D SPACE',''
  ) );
#14666 = ORIENTED_EDGE('',*,*,#14595,.F.);
#14667 = ADVANCED_FACE('',(#14668),#14500,.T.);
#14668 = FACE_BOUND('',#14669,.T.);
#14669 = EDGE_LOOP('',(#14670,#14671,#14672,#14673));
#14670 = ORIENTED_EDGE('',*,*,#14486,.F.);
#14671 = ORIENTED_EDGE('',*,*,#14646,.T.);
#14672 = ORIENTED_EDGE('',*,*,#14620,.T.);
#14673 = ORIENTED_EDGE('',*,*,#14517,.F.);
#14674 = ADVANCED_FACE('',(#14675),#14580,.T.);
#14675 = FACE_BOUND('',#14676,.T.);
#14676 = EDGE_LOOP('',(#14677,#14700,#14727,#14728));
#14677 = ORIENTED_EDGE('',*,*,#14678,.T.);
#14678 = EDGE_CURVE('',#14564,#14679,#14681,.T.);
#14679 = VERTEX_POINT('',#14680);
#14680 = CARTESIAN_POINT('',(119.,30.,60.65));
#14681 = SEAM_CURVE('',#14682,(#14686,#14693),.PCURVE_S1.);
#14682 = LINE('',#14683,#14684);
#14683 = CARTESIAN_POINT('',(119.,30.,58.65));
#14684 = VECTOR('',#14685,1.);
#14685 = DIRECTION('',(0.,0.,1.));
#14686 = PCURVE('',#14580,#14687);
#14687 = DEFINITIONAL_REPRESENTATION('',(#14688),#14692);
#14688 = LINE('',#14689,#14690);
#14689 = CARTESIAN_POINT('',(6.28318530718,-0.));
#14690 = VECTOR('',#14691,1.);
#14691 = DIRECTION('',(0.,1.));
#14692 = ( GEOMETRIC_REPRESENTATION_CONTEXT(2) 
PARAMETRIC_REPRESENTATION_CONTEXT() REPRESENTATION_CONTEXT('2D SPACE',''
  ) );
#14693 = PCURVE('',#14580,#14694);
#14694 = DEFINITIONAL_REPRESENTATION('',(#14695),#14699);
#14695 = LINE('',#14696,#14697);
#14696 = CARTESIAN_POINT('',(0.,-0.));
#14697 = VECTOR('',#14698,1.);
#14698 = DIRECTION('',(0.,1.));
#14699 = ( GEOMETRIC_REPRESENTATION_CONTEXT(2) 
PARAMETRIC_REPRESENTATION_CONTEXT() REPRESENTATION_CONTEXT('2D SPACE',''
  ) );
#14700 = ORIENTED_EDGE('',*,*,#14701,.F.);
#14701 = EDGE_CURVE('',#14679,#14679,#14702,.T.);
#14702 = SURFACE_CURVE('',#14703,(#14708,#14715),.PCURVE_S1.);
#14703 = CIRCLE('',#14704,11.);
#14704 = AXIS2_PLACEMENT_3D('',#14705,#14706,#14707);
#14705 = CARTESIAN_POINT('',(108.,30.,60.65));
#14706 = DIRECTION('',(0.,0.,1.));
#14707 = DIRECTION('',(1.,0.,-0.));
#14708 = PCURVE('',#14580,#14709);
#14709 = DEFINITIONAL_REPRESENTATION('',(#14710),#14714);
#14710 = LINE('',#14711,#14712);
#14711 = CARTESIAN_POINT('',(0.,2.));
#14712 = VECTOR('',#14713,1.);
#14713 = DIRECTION('',(1.,0.));
#14714 = ( GEOMETRIC_REPRESENTATION_CONTEXT(2) 
PARAMETRIC_REPRESENTATION_CONTEXT() REPRESENTATION_CONTEXT('2D SPACE',''
  ) );
#14715 = PCURVE('',#14716,#14721);
#14716 = PLANE('',#14717);
#14717 = AXIS2_PLACEMENT_3D('',#14718,#14719,#14720);
#14718 = CARTESIAN_POINT('',(108.,30.,60.65));
#14719 = DIRECTION('',(0.,0.,1.));
#14720 = DIRECTION('',(1.,0.,-0.));
#14721 = DEFINITIONAL_REPRESENTATION('',(#14722),#14726);
#14722 = CIRCLE('',#14723,11.);
#14723 = AXIS2_PLACEMENT_2D('',#14724,#14725);
#14724 = CARTESIAN_POINT('',(0.,0.));
#14725 = DIRECTION('',(1.,0.));
#14726 = ( GEOMETRIC_REPRESENTATION_CONTEXT(2) 
PARAMETRIC_REPRESENTATION_CONTEXT() REPRESENTATION_CONTEXT('2D SPACE',''
  ) );
#14727 = ORIENTED_EDGE('',*,*,#14678,.F.);
#14728 = ORIENTED_EDGE('',*,*,#14563,.T.);
#14729 = ADVANCED_FACE('',(#14730),#14716,.T.);
#14730 = FACE_BOUND('',#14731,.T.);
#14731 = EDGE_LOOP('',(#14732));
#14732 = ORIENTED_EDGE('',*,*,#14701,.T.);
#14733 = ( GEOMETRIC_REPRESENTATION_CONTEXT(3) 
GLOBAL_UNCERTAINTY_ASSIGNED_CONTEXT((#14737)) 
GLOBAL_UNIT_ASSIGNED_CONTEXT((#14734,#14735,#14736)) 
REPRESENTATION_CONTEXT('Context #1',
  '3D Context with UNIT and UNCERTAINTY') );
#14734 = ( LENGTH_UNIT() NAMED_UNIT(*) SI_UNIT(.MILLI.,.METRE.) );
#14735 = ( NAMED_UNIT(*) PLANE_ANGLE_UNIT() SI_UNIT($,.RADIAN.) );
#14736 = ( NAMED_UNIT(*) SI_UNIT($,.STERADIAN.) SOLID_ANGLE_UNIT() );
#14737 = UNCERTAINTY_MEASURE_WITH_UNIT(LENGTH_MEASURE(1.E-07),#14734,
  'distance_accuracy_value','confusion accuracy');
#14738 = CONTEXT_DEPENDENT_SHAPE_REPRESENTATION(#14739,#14741);
#14739 = ( REPRESENTATION_RELATIONSHIP('','',#14312,#36) 
REPRESENTATION_RELATIONSHIP_WITH_TRANSFORMATION(#14740) 
SHAPE_REPRESENTATION_RELATIONSHIP() );
#14740 = ITEM_DEFINED_TRANSFORMATION('','',#11,#81);
#14741 = PRODUCT_DEFINITION_SHAPE('Placement','Placement of an item',
  #14742);
#14742 = NEXT_ASSEMBLY_USAGE_OCCURRENCE('12','=>[0:1:1:14]','',#31,
  #14307,$);
#14743 = PRODUCT_RELATED_PRODUCT_CATEGORY('part',$,(#14309));
#14744 = SHAPE_DEFINITION_REPRESENTATION(#14745,#14751);
#14745 = PRODUCT_DEFINITION_SHAPE('','',#14746);
#14746 = PRODUCT_DEFINITION('design','',#14747,#14750);
#14747 = PRODUCT_DEFINITION_FORMATION('','',#14748);
#14748 = PRODUCT('COMPOUND','COMPOUND','',(#14749));
#14749 = PRODUCT_CONTEXT('',#2,'mechanical');
#14750 = PRODUCT_DEFINITION_CONTEXT('part definition',#2,'design');
#14751 = ADVANCED_BREP_SHAPE_REPRESENTATION('',(#11,#14752),#15842);
#14752 = MANIFOLD_SOLID_BREP('',#14753);
#14753 = CLOSED_SHELL('',(#14754,#14980,#15112,#15161,#15210,#15288,
    #15357,#15404,#15451,#15476,#15610,#15727,#15754,#15781,#15808,
    #15835));
#14754 = ADVANCED_FACE('',(#14755,#14874),#14769,.F.);
#14755 = FACE_BOUND('',#14756,.F.);
#14756 = EDGE_LOOP('',(#14757,#14792,#14820,#14848));
#14757 = ORIENTED_EDGE('',*,*,#14758,.F.);
#14758 = EDGE_CURVE('',#14759,#14761,#14763,.T.);
#14759 = VERTEX_POINT('',#14760);
#14760 = CARTESIAN_POINT('',(-156.675,-80.2,0.));
#14761 = VERTEX_POINT('',#14762);
#14762 = CARTESIAN_POINT('',(-156.675,-80.2,41.5));
#14763 = SURFACE_CURVE('',#14764,(#14768,#14780),.PCURVE_S1.);
#14764 = LINE('',#14765,#14766);
#14765 = CARTESIAN_POINT('',(-156.675,-80.2,0.));
#14766 = VECTOR('',#14767,1.);
#14767 = DIRECTION('',(0.,0.,1.));
#14768 = PCURVE('',#14769,#14774);
#14769 = PLANE('',#14770);
#14770 = AXIS2_PLACEMENT_3D('',#14771,#14772,#14773);
#14771 = CARTESIAN_POINT('',(-156.675,-80.2,0.));
#14772 = DIRECTION('',(1.,0.,-0.));
#14773 = DIRECTION('',(0.,0.,1.));
#14774 = DEFINITIONAL_REPRESENTATION('',(#14775),#14779);
#14775 = LINE('',#14776,#14777);
#14776 = CARTESIAN_POINT('',(0.,0.));
#14777 = VECTOR('',#14778,1.);
#14778 = DIRECTION('',(1.,0.));
#14779 = ( GEOMETRIC_REPRESENTATION_CONTEXT(2) 
PARAMETRIC_REPRESENTATION_CONTEXT() REPRESENTATION_CONTEXT('2D SPACE',''
  ) );
#14780 = PCURVE('',#14781,#14786);
#14781 = PLANE('',#14782);
#14782 = AXIS2_PLACEMENT_3D('',#14783,#14784,#14785);
#14783 = CARTESIAN_POINT('',(-156.675,-80.2,0.));
#14784 = DIRECTION('',(-0.,1.,0.));
#14785 = DIRECTION('',(0.,0.,1.));
#14786 = DEFINITIONAL_REPRESENTATION('',(#14787),#14791);
#14787 = LINE('',#14788,#14789);
#14788 = CARTESIAN_POINT('',(0.,0.));
#14789 = VECTOR('',#14790,1.);
#14790 = DIRECTION('',(1.,0.));
#14791 = ( GEOMETRIC_REPRESENTATION_CONTEXT(2) 
PARAMETRIC_REPRESENTATION_CONTEXT() REPRESENTATION_CONTEXT('2D SPACE',''
  ) );
#14792 = ORIENTED_EDGE('',*,*,#14793,.T.);
#14793 = EDGE_CURVE('',#14759,#14794,#14796,.T.);
#14794 = VERTEX_POINT('',#14795);
#14795 = CARTESIAN_POINT('',(-156.675,80.2,0.));
#14796 = SURFACE_CURVE('',#14797,(#14801,#14808),.PCURVE_S1.);
#14797 = LINE('',#14798,#14799);
#14798 = CARTESIAN_POINT('',(-156.675,-80.2,0.));
#14799 = VECTOR('',#14800,1.);
#14800 = DIRECTION('',(-0.,1.,0.));
#14801 = PCURVE('',#14769,#14802);
#14802 = DEFINITIONAL_REPRESENTATION('',(#14803),#14807);
#14803 = LINE('',#14804,#14805);
#14804 = CARTESIAN_POINT('',(0.,0.));
#14805 = VECTOR('',#14806,1.);
#14806 = DIRECTION('',(0.,-1.));
#14807 = ( GEOMETRIC_REPRESENTATION_CONTEXT(2) 
PARAMETRIC_REPRESENTATION_CONTEXT() REPRESENTATION_CONTEXT('2D SPACE',''
  ) );
#14808 = PCURVE('',#14809,#14814);
#14809 = PLANE('',#14810);
#14810 = AXIS2_PLACEMENT_3D('',#14811,#14812,#14813);
#14811 = CARTESIAN_POINT('',(-156.675,-80.2,0.));
#14812 = DIRECTION('',(0.,0.,1.));
#14813 = DIRECTION('',(1.,0.,-0.));
#14814 = DEFINITIONAL_REPRESENTATION('',(#14815),#14819);
#14815 = LINE('',#14816,#14817);
#14816 = CARTESIAN_POINT('',(0.,0.));
#14817 = VECTOR('',#14818,1.);
#14818 = DIRECTION('',(0.,1.));
#14819 = ( GEOMETRIC_REPRESENTATION_CONTEXT(2) 
PARAMETRIC_REPRESENTATION_CONTEXT() REPRESENTATION_CONTEXT('2D SPACE',''
  ) );
#14820 = ORIENTED_EDGE('',*,*,#14821,.F.);
#14821 = EDGE_CURVE('',#14822,#14794,#14824,.T.);
#14822 = VERTEX_POINT('',#14823);
#14823 = CARTESIAN_POINT('',(-156.675,80.2,41.5));
#14824 = SURFACE_CURVE('',#14825,(#14829,#14836),.PCURVE_S1.);
#14825 = LINE('',#14826,#14827);
#14826 = CARTESIAN_POINT('',(-156.675,80.2,41.5));
#14827 = VECTOR('',#14828,1.);
#14828 = DIRECTION('',(0.,0.,-1.));
#14829 = PCURVE('',#14769,#14830);
#14830 = DEFINITIONAL_REPRESENTATION('',(#14831),#14835);
#14831 = LINE('',#14832,#14833);
#14832 = CARTESIAN_POINT('',(41.5,-160.4));
#14833 = VECTOR('',#14834,1.);
#14834 = DIRECTION('',(-1.,0.));
#14835 = ( GEOMETRIC_REPRESENTATION_CONTEXT(2) 
PARAMETRIC_REPRESENTATION_CONTEXT() REPRESENTATION_CONTEXT('2D SPACE',''
  ) );
#14836 = PCURVE('',#14837,#14842);
#14837 = PLANE('',#14838);
#14838 = AXIS2_PLACEMENT_3D('',#14839,#14840,#14841);
#14839 = CARTESIAN_POINT('',(-156.675,80.2,0.));
#14840 = DIRECTION('',(-0.,1.,0.));
#14841 = DIRECTION('',(0.,0.,1.));
#14842 = DEFINITIONAL_REPRESENTATION('',(#14843),#14847);
#14843 = LINE('',#14844,#14845);
#14844 = CARTESIAN_POINT('',(41.5,0.));
#14845 = VECTOR('',#14846,1.);
#14846 = DIRECTION('',(-1.,0.));
#14847 = ( GEOMETRIC_REPRESENTATION_CONTEXT(2) 
PARAMETRIC_REPRESENTATION_CONTEXT() REPRESENTATION_CONTEXT('2D SPACE',''
  ) );
#14848 = ORIENTED_EDGE('',*,*,#14849,.F.);
#14849 = EDGE_CURVE('',#14761,#14822,#14850,.T.);
#14850 = SURFACE_CURVE('',#14851,(#14855,#14862),.PCURVE_S1.);
#14851 = LINE('',#14852,#14853);
#14852 = CARTESIAN_POINT('',(-156.675,-80.2,41.5));
#14853 = VECTOR('',#14854,1.);
#14854 = DIRECTION('',(-0.,1.,0.));
#14855 = PCURVE('',#14769,#14856);
#14856 = DEFINITIONAL_REPRESENTATION('',(#14857),#14861);
#14857 = LINE('',#14858,#14859);
#14858 = CARTESIAN_POINT('',(41.5,0.));
#14859 = VECTOR('',#14860,1.);
#14860 = DIRECTION('',(0.,-1.));
#14861 = ( GEOMETRIC_REPRESENTATION_CONTEXT(2) 
PARAMETRIC_REPRESENTATION_CONTEXT() REPRESENTATION_CONTEXT('2D SPACE',''
  ) );
#14862 = PCURVE('',#14863,#14868);
#14863 = PLANE('',#14864);
#14864 = AXIS2_PLACEMENT_3D('',#14865,#14866,#14867);
#14865 = CARTESIAN_POINT('',(-156.675,-80.2,41.5));
#14866 = DIRECTION('',(0.,0.,1.));
#14867 = DIRECTION('',(1.,0.,-0.));
#14868 = DEFINITIONAL_REPRESENTATION('',(#14869),#14873);
#14869 = LINE('',#14870,#14871);
#14870 = CARTESIAN_POINT('',(0.,0.));
#14871 = VECTOR('',#14872,1.);
#14872 = DIRECTION('',(0.,1.));
#14873 = ( GEOMETRIC_REPRESENTATION_CONTEXT(2) 
PARAMETRIC_REPRESENTATION_CONTEXT() REPRESENTATION_CONTEXT('2D SPACE',''
  ) );
#14874 = FACE_BOUND('',#14875,.F.);
#14875 = EDGE_LOOP('',(#14876,#14904,#14930,#14956));
#14876 = ORIENTED_EDGE('',*,*,#14877,.T.);
#14877 = EDGE_CURVE('',#14878,#14880,#14882,.T.);
#14878 = VERTEX_POINT('',#14879);
#14879 = CARTESIAN_POINT('',(-156.675,-25.,8.85));
#14880 = VERTEX_POINT('',#14881);
#14881 = CARTESIAN_POINT('',(-156.675,-61.,8.85));
#14882 = SURFACE_CURVE('',#14883,(#14887,#14893),.PCURVE_S1.);
#14883 = LINE('',#14884,#14885);
#14884 = CARTESIAN_POINT('',(-156.675,-70.6,8.85));
#14885 = VECTOR('',#14886,1.);
#14886 = DIRECTION('',(0.,-1.,0.));
#14887 = PCURVE('',#14769,#14888);
#14888 = DEFINITIONAL_REPRESENTATION('',(#14889),#14892);
#14889 = B_SPLINE_CURVE_WITH_KNOTS('',1,(#14890,#14891),.UNSPECIFIED.,
  .F.,.F.,(2,2),(-45.6,-9.6),.PIECEWISE_BEZIER_KNOTS.);
#14890 = CARTESIAN_POINT('',(8.85,-55.2));
#14891 = CARTESIAN_POINT('',(8.85,-19.2));
#14892 = ( GEOMETRIC_REPRESENTATION_CONTEXT(2) 
PARAMETRIC_REPRESENTATION_CONTEXT() REPRESENTATION_CONTEXT('2D SPACE',''
  ) );
#14893 = PCURVE('',#14894,#14899);
#14894 = PLANE('',#14895);
#14895 = AXIS2_PLACEMENT_3D('',#14896,#14897,#14898);
#14896 = CARTESIAN_POINT('',(-157.675,-61.,8.85));
#14897 = DIRECTION('',(0.,0.,1.));
#14898 = DIRECTION('',(1.,0.,-0.));
#14899 = DEFINITIONAL_REPRESENTATION('',(#14900),#14903);
#14900 = B_SPLINE_CURVE_WITH_KNOTS('',1,(#14901,#14902),.UNSPECIFIED.,
  .F.,.F.,(2,2),(-45.6,-9.6),.PIECEWISE_BEZIER_KNOTS.);
#14901 = CARTESIAN_POINT('',(1.,36.));
#14902 = CARTESIAN_POINT('',(1.,0.));
#14903 = ( GEOMETRIC_REPRESENTATION_CONTEXT(2) 
PARAMETRIC_REPRESENTATION_CONTEXT() REPRESENTATION_CONTEXT('2D SPACE',''
  ) );
#14904 = ORIENTED_EDGE('',*,*,#14905,.T.);
#14905 = EDGE_CURVE('',#14880,#14906,#14908,.T.);
#14906 = VERTEX_POINT('',#14907);
#14907 = CARTESIAN_POINT('',(-156.675,-61.,30.85));
#14908 = SURFACE_CURVE('',#14909,(#14913,#14919),.PCURVE_S1.);
#14909 = LINE('',#14910,#14911);
#14910 = CARTESIAN_POINT('',(-156.675,-61.,4.425));
#14911 = VECTOR('',#14912,1.);
#14912 = DIRECTION('',(0.,0.,1.));
#14913 = PCURVE('',#14769,#14914);
#14914 = DEFINITIONAL_REPRESENTATION('',(#14915),#14918);
#14915 = B_SPLINE_CURVE_WITH_KNOTS('',1,(#14916,#14917),.UNSPECIFIED.,
  .F.,.F.,(2,2),(4.425,26.425),.PIECEWISE_BEZIER_KNOTS.);
#14916 = CARTESIAN_POINT('',(8.85,-19.2));
#14917 = CARTESIAN_POINT('',(30.85,-19.2));
#14918 = ( GEOMETRIC_REPRESENTATION_CONTEXT(2) 
PARAMETRIC_REPRESENTATION_CONTEXT() REPRESENTATION_CONTEXT('2D SPACE',''
  ) );
#14919 = PCURVE('',#14920,#14925);
#14920 = PLANE('',#14921);
#14921 = AXIS2_PLACEMENT_3D('',#14922,#14923,#14924);
#14922 = CARTESIAN_POINT('',(-157.675,-61.,8.85));
#14923 = DIRECTION('',(-0.,1.,0.));
#14924 = DIRECTION('',(0.,0.,1.));
#14925 = DEFINITIONAL_REPRESENTATION('',(#14926),#14929);
#14926 = B_SPLINE_CURVE_WITH_KNOTS('',1,(#14927,#14928),.UNSPECIFIED.,
  .F.,.F.,(2,2),(4.425,26.425),.PIECEWISE_BEZIER_KNOTS.);
#14927 = CARTESIAN_POINT('',(0.,1.));
#14928 = CARTESIAN_POINT('',(22.,1.));
#14929 = ( GEOMETRIC_REPRESENTATION_CONTEXT(2) 
PARAMETRIC_REPRESENTATION_CONTEXT() REPRESENTATION_CONTEXT('2D SPACE',''
  ) );
#14930 = ORIENTED_EDGE('',*,*,#14931,.F.);
#14931 = EDGE_CURVE('',#14932,#14906,#14934,.T.);
#14932 = VERTEX_POINT('',#14933);
#14933 = CARTESIAN_POINT('',(-156.675,-25.,30.85));
#14934 = SURFACE_CURVE('',#14935,(#14939,#14945),.PCURVE_S1.);
#14935 = LINE('',#14936,#14937);
#14936 = CARTESIAN_POINT('',(-156.675,-70.6,30.85));
#14937 = VECTOR('',#14938,1.);
#14938 = DIRECTION('',(0.,-1.,0.));
#14939 = PCURVE('',#14769,#14940);
#14940 = DEFINITIONAL_REPRESENTATION('',(#14941),#14944);
#14941 = B_SPLINE_CURVE_WITH_KNOTS('',1,(#14942,#14943),.UNSPECIFIED.,
  .F.,.F.,(2,2),(-45.6,-9.6),.PIECEWISE_BEZIER_KNOTS.);
#14942 = CARTESIAN_POINT('',(30.85,-55.2));
#14943 = CARTESIAN_POINT('',(30.85,-19.2));
#14944 = ( GEOMETRIC_REPRESENTATION_CONTEXT(2) 
PARAMETRIC_REPRESENTATION_CONTEXT() REPRESENTATION_CONTEXT('2D SPACE',''
  ) );
#14945 = PCURVE('',#14946,#14951);
#14946 = PLANE('',#14947);
#14947 = AXIS2_PLACEMENT_3D('',#14948,#14949,#14950);
#14948 = CARTESIAN_POINT('',(-157.675,-61.,30.85));
#14949 = DIRECTION('',(0.,0.,1.));
#14950 = DIRECTION('',(1.,0.,-0.));
#14951 = DEFINITIONAL_REPRESENTATION('',(#14952),#14955);
#14952 = B_SPLINE_CURVE_WITH_KNOTS('',1,(#14953,#14954),.UNSPECIFIED.,
  .F.,.F.,(2,2),(-45.6,-9.6),.PIECEWISE_BEZIER_KNOTS.);
#14953 = CARTESIAN_POINT('',(1.,36.));
#14954 = CARTESIAN_POINT('',(1.,0.));
#14955 = ( GEOMETRIC_REPRESENTATION_CONTEXT(2) 
PARAMETRIC_REPRESENTATION_CONTEXT() REPRESENTATION_CONTEXT('2D SPACE',''
  ) );
#14956 = ORIENTED_EDGE('',*,*,#14957,.F.);
#14957 = EDGE_CURVE('',#14878,#14932,#14958,.T.);
#14958 = SURFACE_CURVE('',#14959,(#14963,#14969),.PCURVE_S1.);
#14959 = LINE('',#14960,#14961);
#14960 = CARTESIAN_POINT('',(-156.675,-25.,4.425));
#14961 = VECTOR('',#14962,1.);
#14962 = DIRECTION('',(0.,0.,1.));
#14963 = PCURVE('',#14769,#14964);
#14964 = DEFINITIONAL_REPRESENTATION('',(#14965),#14968);
#14965 = B_SPLINE_CURVE_WITH_KNOTS('',1,(#14966,#14967),.UNSPECIFIED.,
  .F.,.F.,(2,2),(4.425,26.425),.PIECEWISE_BEZIER_KNOTS.);
#14966 = CARTESIAN_POINT('',(8.85,-55.2));
#14967 = CARTESIAN_POINT('',(30.85,-55.2));
#14968 = ( GEOMETRIC_REPRESENTATION_CONTEXT(2) 
PARAMETRIC_REPRESENTATION_CONTEXT() REPRESENTATION_CONTEXT('2D SPACE',''
  ) );
#14969 = PCURVE('',#14970,#14975);
#14970 = PLANE('',#14971);
#14971 = AXIS2_PLACEMENT_3D('',#14972,#14973,#14974);
#14972 = CARTESIAN_POINT('',(-157.675,-25.,8.85));
#14973 = DIRECTION('',(-0.,1.,0.));
#14974 = DIRECTION('',(0.,0.,1.));
#14975 = DEFINITIONAL_REPRESENTATION('',(#14976),#14979);
#14976 = B_SPLINE_CURVE_WITH_KNOTS('',1,(#14977,#14978),.UNSPECIFIED.,
  .F.,.F.,(2,2),(4.425,26.425),.PIECEWISE_BEZIER_KNOTS.);
#14977 = CARTESIAN_POINT('',(0.,1.));
#14978 = CARTESIAN_POINT('',(22.,1.));
#14979 = ( GEOMETRIC_REPRESENTATION_CONTEXT(2) 
PARAMETRIC_REPRESENTATION_CONTEXT() REPRESENTATION_CONTEXT('2D SPACE',''
  ) );
#14980 = ADVANCED_FACE('',(#14981),#14781,.F.);
#14981 = FACE_BOUND('',#14982,.F.);
#14982 = EDGE_LOOP('',(#14983,#15013,#15034,#15035,#15058,#15086));
#14983 = ORIENTED_EDGE('',*,*,#14984,.F.);
#14984 = EDGE_CURVE('',#14985,#14987,#14989,.T.);
#14985 = VERTEX_POINT('',#14986);
#14986 = CARTESIAN_POINT('',(147.175,-80.2,0.));
#14987 = VERTEX_POINT('',#14988);
#14988 = CARTESIAN_POINT('',(147.175,-80.2,31.5));
#14989 = SURFACE_CURVE('',#14990,(#14994,#15001),.PCURVE_S1.);
#14990 = LINE('',#14991,#14992);
#14991 = CARTESIAN_POINT('',(147.175,-80.2,0.));
#14992 = VECTOR('',#14993,1.);
#14993 = DIRECTION('',(0.,0.,1.));
#14994 = PCURVE('',#14781,#14995);
#14995 = DEFINITIONAL_REPRESENTATION('',(#14996),#15000);
#14996 = LINE('',#14997,#14998);
#14997 = CARTESIAN_POINT('',(0.,303.85));
#14998 = VECTOR('',#14999,1.);
#14999 = DIRECTION('',(1.,0.));
#15000 = ( GEOMETRIC_REPRESENTATION_CONTEXT(2) 
PARAMETRIC_REPRESENTATION_CONTEXT() REPRESENTATION_CONTEXT('2D SPACE',''
  ) );
#15001 = PCURVE('',#15002,#15007);
#15002 = PLANE('',#15003);
#15003 = AXIS2_PLACEMENT_3D('',#15004,#15005,#15006);
#15004 = CARTESIAN_POINT('',(147.175,-80.2,0.));
#15005 = DIRECTION('',(1.,0.,-0.));
#15006 = DIRECTION('',(0.,0.,1.));
#15007 = DEFINITIONAL_REPRESENTATION('',(#15008),#15012);
#15008 = LINE('',#15009,#15010);
#15009 = CARTESIAN_POINT('',(0.,0.));
#15010 = VECTOR('',#15011,1.);
#15011 = DIRECTION('',(1.,0.));
#15012 = ( GEOMETRIC_REPRESENTATION_CONTEXT(2) 
PARAMETRIC_REPRESENTATION_CONTEXT() REPRESENTATION_CONTEXT('2D SPACE',''
  ) );
#15013 = ORIENTED_EDGE('',*,*,#15014,.F.);
#15014 = EDGE_CURVE('',#14759,#14985,#15015,.T.);
#15015 = SURFACE_CURVE('',#15016,(#15020,#15027),.PCURVE_S1.);
#15016 = LINE('',#15017,#15018);
#15017 = CARTESIAN_POINT('',(-156.675,-80.2,0.));
#15018 = VECTOR('',#15019,1.);
#15019 = DIRECTION('',(1.,0.,-0.));
#15020 = PCURVE('',#14781,#15021);
#15021 = DEFINITIONAL_REPRESENTATION('',(#15022),#15026);
#15022 = LINE('',#15023,#15024);
#15023 = CARTESIAN_POINT('',(0.,0.));
#15024 = VECTOR('',#15025,1.);
#15025 = DIRECTION('',(0.,1.));
#15026 = ( GEOMETRIC_REPRESENTATION_CONTEXT(2) 
PARAMETRIC_REPRESENTATION_CONTEXT() REPRESENTATION_CONTEXT('2D SPACE',''
  ) );
#15027 = PCURVE('',#14809,#15028);
#15028 = DEFINITIONAL_REPRESENTATION('',(#15029),#15033);
#15029 = LINE('',#15030,#15031);
#15030 = CARTESIAN_POINT('',(0.,0.));
#15031 = VECTOR('',#15032,1.);
#15032 = DIRECTION('',(1.,0.));
#15033 = ( GEOMETRIC_REPRESENTATION_CONTEXT(2) 
PARAMETRIC_REPRESENTATION_CONTEXT() REPRESENTATION_CONTEXT('2D SPACE',''
  ) );
#15034 = ORIENTED_EDGE('',*,*,#14758,.T.);
#15035 = ORIENTED_EDGE('',*,*,#15036,.T.);
#15036 = EDGE_CURVE('',#14761,#15037,#15039,.T.);
#15037 = VERTEX_POINT('',#15038);
#15038 = CARTESIAN_POINT('',(-155.175,-80.2,41.5));
#15039 = SURFACE_CURVE('',#15040,(#15044,#15051),.PCURVE_S1.);
#15040 = LINE('',#15041,#15042);
#15041 = CARTESIAN_POINT('',(-156.675,-80.2,41.5));
#15042 = VECTOR('',#15043,1.);
#15043 = DIRECTION('',(1.,0.,-0.));
#15044 = PCURVE('',#14781,#15045);
#15045 = DEFINITIONAL_REPRESENTATION('',(#15046),#15050);
#15046 = LINE('',#15047,#15048);
#15047 = CARTESIAN_POINT('',(41.5,0.));
#15048 = VECTOR('',#15049,1.);
#15049 = DIRECTION('',(0.,1.));
#15050 = ( GEOMETRIC_REPRESENTATION_CONTEXT(2) 
PARAMETRIC_REPRESENTATION_CONTEXT() REPRESENTATION_CONTEXT('2D SPACE',''
  ) );
#15051 = PCURVE('',#14863,#15052);
#15052 = DEFINITIONAL_REPRESENTATION('',(#15053),#15057);
#15053 = LINE('',#15054,#15055);
#15054 = CARTESIAN_POINT('',(0.,0.));
#15055 = VECTOR('',#15056,1.);
#15056 = DIRECTION('',(1.,0.));
#15057 = ( GEOMETRIC_REPRESENTATION_CONTEXT(2) 
PARAMETRIC_REPRESENTATION_CONTEXT() REPRESENTATION_CONTEXT('2D SPACE',''
  ) );
#15058 = ORIENTED_EDGE('',*,*,#15059,.F.);
#15059 = EDGE_CURVE('',#15060,#15037,#15062,.T.);
#15060 = VERTEX_POINT('',#15061);
#15061 = CARTESIAN_POINT('',(-155.175,-80.2,31.5));
#15062 = SURFACE_CURVE('',#15063,(#15067,#15074),.PCURVE_S1.);
#15063 = LINE('',#15064,#15065);
#15064 = CARTESIAN_POINT('',(-155.175,-80.2,1.5));
#15065 = VECTOR('',#15066,1.);
#15066 = DIRECTION('',(0.,0.,1.));
#15067 = PCURVE('',#14781,#15068);
#15068 = DEFINITIONAL_REPRESENTATION('',(#15069),#15073);
#15069 = LINE('',#15070,#15071);
#15070 = CARTESIAN_POINT('',(1.5,1.5));
#15071 = VECTOR('',#15072,1.);
#15072 = DIRECTION('',(1.,0.));
#15073 = ( GEOMETRIC_REPRESENTATION_CONTEXT(2) 
PARAMETRIC_REPRESENTATION_CONTEXT() REPRESENTATION_CONTEXT('2D SPACE',''
  ) );
#15074 = PCURVE('',#15075,#15080);
#15075 = PLANE('',#15076);
#15076 = AXIS2_PLACEMENT_3D('',#15077,#15078,#15079);
#15077 = CARTESIAN_POINT('',(-155.175,-80.2,1.5));
#15078 = DIRECTION('',(1.,0.,-0.));
#15079 = DIRECTION('',(0.,0.,1.));
#15080 = DEFINITIONAL_REPRESENTATION('',(#15081),#15085);
#15081 = LINE('',#15082,#15083);
#15082 = CARTESIAN_POINT('',(0.,0.));
#15083 = VECTOR('',#15084,1.);
#15084 = DIRECTION('',(1.,0.));
#15085 = ( GEOMETRIC_REPRESENTATION_CONTEXT(2) 
PARAMETRIC_REPRESENTATION_CONTEXT() REPRESENTATION_CONTEXT('2D SPACE',''
  ) );
#15086 = ORIENTED_EDGE('',*,*,#15087,.T.);
#15087 = EDGE_CURVE('',#15060,#14987,#15088,.T.);
#15088 = SURFACE_CURVE('',#15089,(#15093,#15100),.PCURVE_S1.);
#15089 = LINE('',#15090,#15091);
#15090 = CARTESIAN_POINT('',(-156.675,-80.2,31.5));
#15091 = VECTOR('',#15092,1.);
#15092 = DIRECTION('',(1.,0.,-0.));
#15093 = PCURVE('',#14781,#15094);
#15094 = DEFINITIONAL_REPRESENTATION('',(#15095),#15099);
#15095 = LINE('',#15096,#15097);
#15096 = CARTESIAN_POINT('',(31.5,0.));
#15097 = VECTOR('',#15098,1.);
#15098 = DIRECTION('',(0.,1.));
#15099 = ( GEOMETRIC_REPRESENTATION_CONTEXT(2) 
PARAMETRIC_REPRESENTATION_CONTEXT() REPRESENTATION_CONTEXT('2D SPACE',''
  ) );
#15100 = PCURVE('',#15101,#15106);
#15101 = PLANE('',#15102);
#15102 = AXIS2_PLACEMENT_3D('',#15103,#15104,#15105);
#15103 = CARTESIAN_POINT('',(-156.675,-80.2,31.5));
#15104 = DIRECTION('',(0.,0.,1.));
#15105 = DIRECTION('',(1.,0.,-0.));
#15106 = DEFINITIONAL_REPRESENTATION('',(#15107),#15111);
#15107 = LINE('',#15108,#15109);
#15108 = CARTESIAN_POINT('',(0.,0.));
#15109 = VECTOR('',#15110,1.);
#15110 = DIRECTION('',(1.,0.));
#15111 = ( GEOMETRIC_REPRESENTATION_CONTEXT(2) 
PARAMETRIC_REPRESENTATION_CONTEXT() REPRESENTATION_CONTEXT('2D SPACE',''
  ) );
#15112 = ADVANCED_FACE('',(#15113),#14809,.F.);
#15113 = FACE_BOUND('',#15114,.F.);
#15114 = EDGE_LOOP('',(#15115,#15116,#15117,#15140));
#15115 = ORIENTED_EDGE('',*,*,#14793,.F.);
#15116 = ORIENTED_EDGE('',*,*,#15014,.T.);
#15117 = ORIENTED_EDGE('',*,*,#15118,.T.);
#15118 = EDGE_CURVE('',#14985,#15119,#15121,.T.);
#15119 = VERTEX_POINT('',#15120);
#15120 = CARTESIAN_POINT('',(147.175,80.2,0.));
#15121 = SURFACE_CURVE('',#15122,(#15126,#15133),.PCURVE_S1.);
#15122 = LINE('',#15123,#15124);
#15123 = CARTESIAN_POINT('',(147.175,-80.2,0.));
#15124 = VECTOR('',#15125,1.);
#15125 = DIRECTION('',(-0.,1.,0.));
#15126 = PCURVE('',#14809,#15127);
#15127 = DEFINITIONAL_REPRESENTATION('',(#15128),#15132);
#15128 = LINE('',#15129,#15130);
#15129 = CARTESIAN_POINT('',(303.85,0.));
#15130 = VECTOR('',#15131,1.);
#15131 = DIRECTION('',(0.,1.));
#15132 = ( GEOMETRIC_REPRESENTATION_CONTEXT(2) 
PARAMETRIC_REPRESENTATION_CONTEXT() REPRESENTATION_CONTEXT('2D SPACE',''
  ) );
#15133 = PCURVE('',#15002,#15134);
#15134 = DEFINITIONAL_REPRESENTATION('',(#15135),#15139);
#15135 = LINE('',#15136,#15137);
#15136 = CARTESIAN_POINT('',(0.,0.));
#15137 = VECTOR('',#15138,1.);
#15138 = DIRECTION('',(0.,-1.));
#15139 = ( GEOMETRIC_REPRESENTATION_CONTEXT(2) 
PARAMETRIC_REPRESENTATION_CONTEXT() REPRESENTATION_CONTEXT('2D SPACE',''
  ) );
#15140 = ORIENTED_EDGE('',*,*,#15141,.F.);
#15141 = EDGE_CURVE('',#14794,#15119,#15142,.T.);
#15142 = SURFACE_CURVE('',#15143,(#15147,#15154),.PCURVE_S1.);
#15143 = LINE('',#15144,#15145);
#15144 = CARTESIAN_POINT('',(-156.675,80.2,0.));
#15145 = VECTOR('',#15146,1.);
#15146 = DIRECTION('',(1.,0.,-0.));
#15147 = PCURVE('',#14809,#15148);
#15148 = DEFINITIONAL_REPRESENTATION('',(#15149),#15153);
#15149 = LINE('',#15150,#15151);
#15150 = CARTESIAN_POINT('',(0.,160.4));
#15151 = VECTOR('',#15152,1.);
#15152 = DIRECTION('',(1.,0.));
#15153 = ( GEOMETRIC_REPRESENTATION_CONTEXT(2) 
PARAMETRIC_REPRESENTATION_CONTEXT() REPRESENTATION_CONTEXT('2D SPACE',''
  ) );
#15154 = PCURVE('',#14837,#15155);
#15155 = DEFINITIONAL_REPRESENTATION('',(#15156),#15160);
#15156 = LINE('',#15157,#15158);
#15157 = CARTESIAN_POINT('',(0.,0.));
#15158 = VECTOR('',#15159,1.);
#15159 = DIRECTION('',(0.,1.));
#15160 = ( GEOMETRIC_REPRESENTATION_CONTEXT(2) 
PARAMETRIC_REPRESENTATION_CONTEXT() REPRESENTATION_CONTEXT('2D SPACE',''
  ) );
#15161 = ADVANCED_FACE('',(#15162),#14863,.T.);
#15162 = FACE_BOUND('',#15163,.T.);
#15163 = EDGE_LOOP('',(#15164,#15165,#15166,#15189));
#15164 = ORIENTED_EDGE('',*,*,#14849,.F.);
#15165 = ORIENTED_EDGE('',*,*,#15036,.T.);
#15166 = ORIENTED_EDGE('',*,*,#15167,.T.);
#15167 = EDGE_CURVE('',#15037,#15168,#15170,.T.);
#15168 = VERTEX_POINT('',#15169);
#15169 = CARTESIAN_POINT('',(-155.175,80.2,41.5));
#15170 = SURFACE_CURVE('',#15171,(#15175,#15182),.PCURVE_S1.);
#15171 = LINE('',#15172,#15173);
#15172 = CARTESIAN_POINT('',(-155.175,-80.2,41.5));
#15173 = VECTOR('',#15174,1.);
#15174 = DIRECTION('',(-0.,1.,0.));
#15175 = PCURVE('',#14863,#15176);
#15176 = DEFINITIONAL_REPRESENTATION('',(#15177),#15181);
#15177 = LINE('',#15178,#15179);
#15178 = CARTESIAN_POINT('',(1.5,0.));
#15179 = VECTOR('',#15180,1.);
#15180 = DIRECTION('',(0.,1.));
#15181 = ( GEOMETRIC_REPRESENTATION_CONTEXT(2) 
PARAMETRIC_REPRESENTATION_CONTEXT() REPRESENTATION_CONTEXT('2D SPACE',''
  ) );
#15182 = PCURVE('',#15075,#15183);
#15183 = DEFINITIONAL_REPRESENTATION('',(#15184),#15188);
#15184 = LINE('',#15185,#15186);
#15185 = CARTESIAN_POINT('',(40.,0.));
#15186 = VECTOR('',#15187,1.);
#15187 = DIRECTION('',(0.,-1.));
#15188 = ( GEOMETRIC_REPRESENTATION_CONTEXT(2) 
PARAMETRIC_REPRESENTATION_CONTEXT() REPRESENTATION_CONTEXT('2D SPACE',''
  ) );
#15189 = ORIENTED_EDGE('',*,*,#15190,.F.);
#15190 = EDGE_CURVE('',#14822,#15168,#15191,.T.);
#15191 = SURFACE_CURVE('',#15192,(#15196,#15203),.PCURVE_S1.);
#15192 = LINE('',#15193,#15194);
#15193 = CARTESIAN_POINT('',(-156.675,80.2,41.5));
#15194 = VECTOR('',#15195,1.);
#15195 = DIRECTION('',(1.,0.,-0.));
#15196 = PCURVE('',#14863,#15197);
#15197 = DEFINITIONAL_REPRESENTATION('',(#15198),#15202);
#15198 = LINE('',#15199,#15200);
#15199 = CARTESIAN_POINT('',(0.,160.4));
#15200 = VECTOR('',#15201,1.);
#15201 = DIRECTION('',(1.,0.));
#15202 = ( GEOMETRIC_REPRESENTATION_CONTEXT(2) 
PARAMETRIC_REPRESENTATION_CONTEXT() REPRESENTATION_CONTEXT('2D SPACE',''
  ) );
#15203 = PCURVE('',#14837,#15204);
#15204 = DEFINITIONAL_REPRESENTATION('',(#15205),#15209);
#15205 = LINE('',#15206,#15207);
#15206 = CARTESIAN_POINT('',(41.5,0.));
#15207 = VECTOR('',#15208,1.);
#15208 = DIRECTION('',(0.,1.));
#15209 = ( GEOMETRIC_REPRESENTATION_CONTEXT(2) 
PARAMETRIC_REPRESENTATION_CONTEXT() REPRESENTATION_CONTEXT('2D SPACE',''
  ) );
#15210 = ADVANCED_FACE('',(#15211),#14837,.T.);
#15211 = FACE_BOUND('',#15212,.T.);
#15212 = EDGE_LOOP('',(#15213,#15236,#15237,#15238,#15239,#15262));
#15213 = ORIENTED_EDGE('',*,*,#15214,.T.);
#15214 = EDGE_CURVE('',#15215,#15119,#15217,.T.);
#15215 = VERTEX_POINT('',#15216);
#15216 = CARTESIAN_POINT('',(147.175,80.2,31.5));
#15217 = SURFACE_CURVE('',#15218,(#15222,#15229),.PCURVE_S1.);
#15218 = LINE('',#15219,#15220);
#15219 = CARTESIAN_POINT('',(147.175,80.2,31.5));
#15220 = VECTOR('',#15221,1.);
#15221 = DIRECTION('',(0.,0.,-1.));
#15222 = PCURVE('',#14837,#15223);
#15223 = DEFINITIONAL_REPRESENTATION('',(#15224),#15228);
#15224 = LINE('',#15225,#15226);
#15225 = CARTESIAN_POINT('',(31.5,303.85));
#15226 = VECTOR('',#15227,1.);
#15227 = DIRECTION('',(-1.,0.));
#15228 = ( GEOMETRIC_REPRESENTATION_CONTEXT(2) 
PARAMETRIC_REPRESENTATION_CONTEXT() REPRESENTATION_CONTEXT('2D SPACE',''
  ) );
#15229 = PCURVE('',#15002,#15230);
#15230 = DEFINITIONAL_REPRESENTATION('',(#15231),#15235);
#15231 = LINE('',#15232,#15233);
#15232 = CARTESIAN_POINT('',(31.5,-160.4));
#15233 = VECTOR('',#15234,1.);
#15234 = DIRECTION('',(-1.,0.));
#15235 = ( GEOMETRIC_REPRESENTATION_CONTEXT(2) 
PARAMETRIC_REPRESENTATION_CONTEXT() REPRESENTATION_CONTEXT('2D SPACE',''
  ) );
#15236 = ORIENTED_EDGE('',*,*,#15141,.F.);
#15237 = ORIENTED_EDGE('',*,*,#14821,.F.);
#15238 = ORIENTED_EDGE('',*,*,#15190,.T.);
#15239 = ORIENTED_EDGE('',*,*,#15240,.F.);
#15240 = EDGE_CURVE('',#15241,#15168,#15243,.T.);
#15241 = VERTEX_POINT('',#15242);
#15242 = CARTESIAN_POINT('',(-155.175,80.2,31.5));
#15243 = SURFACE_CURVE('',#15244,(#15248,#15255),.PCURVE_S1.);
#15244 = LINE('',#15245,#15246);
#15245 = CARTESIAN_POINT('',(-155.175,80.2,1.5));
#15246 = VECTOR('',#15247,1.);
#15247 = DIRECTION('',(0.,0.,1.));
#15248 = PCURVE('',#14837,#15249);
#15249 = DEFINITIONAL_REPRESENTATION('',(#15250),#15254);
#15250 = LINE('',#15251,#15252);
#15251 = CARTESIAN_POINT('',(1.5,1.5));
#15252 = VECTOR('',#15253,1.);
#15253 = DIRECTION('',(1.,0.));
#15254 = ( GEOMETRIC_REPRESENTATION_CONTEXT(2) 
PARAMETRIC_REPRESENTATION_CONTEXT() REPRESENTATION_CONTEXT('2D SPACE',''
  ) );
#15255 = PCURVE('',#15075,#15256);
#15256 = DEFINITIONAL_REPRESENTATION('',(#15257),#15261);
#15257 = LINE('',#15258,#15259);
#15258 = CARTESIAN_POINT('',(0.,-160.4));
#15259 = VECTOR('',#15260,1.);
#15260 = DIRECTION('',(1.,0.));
#15261 = ( GEOMETRIC_REPRESENTATION_CONTEXT(2) 
PARAMETRIC_REPRESENTATION_CONTEXT() REPRESENTATION_CONTEXT('2D SPACE',''
  ) );
#15262 = ORIENTED_EDGE('',*,*,#15263,.T.);
#15263 = EDGE_CURVE('',#15241,#15215,#15264,.T.);
#15264 = SURFACE_CURVE('',#15265,(#15269,#15276),.PCURVE_S1.);
#15265 = LINE('',#15266,#15267);
#15266 = CARTESIAN_POINT('',(-156.675,80.2,31.5));
#15267 = VECTOR('',#15268,1.);
#15268 = DIRECTION('',(1.,0.,-0.));
#15269 = PCURVE('',#14837,#15270);
#15270 = DEFINITIONAL_REPRESENTATION('',(#15271),#15275);
#15271 = LINE('',#15272,#15273);
#15272 = CARTESIAN_POINT('',(31.5,0.));
#15273 = VECTOR('',#15274,1.);
#15274 = DIRECTION('',(0.,1.));
#15275 = ( GEOMETRIC_REPRESENTATION_CONTEXT(2) 
PARAMETRIC_REPRESENTATION_CONTEXT() REPRESENTATION_CONTEXT('2D SPACE',''
  ) );
#15276 = PCURVE('',#15277,#15282);
#15277 = PLANE('',#15278);
#15278 = AXIS2_PLACEMENT_3D('',#15279,#15280,#15281);
#15279 = CARTESIAN_POINT('',(-156.675,78.7,31.5));
#15280 = DIRECTION('',(0.,0.,1.));
#15281 = DIRECTION('',(1.,0.,-0.));
#15282 = DEFINITIONAL_REPRESENTATION('',(#15283),#15287);
#15283 = LINE('',#15284,#15285);
#15284 = CARTESIAN_POINT('',(0.,1.5));
#15285 = VECTOR('',#15286,1.);
#15286 = DIRECTION('',(1.,0.));
#15287 = ( GEOMETRIC_REPRESENTATION_CONTEXT(2) 
PARAMETRIC_REPRESENTATION_CONTEXT() REPRESENTATION_CONTEXT('2D SPACE',''
  ) );
#15288 = ADVANCED_FACE('',(#15289),#14894,.T.);
#15289 = FACE_BOUND('',#15290,.T.);
#15290 = EDGE_LOOP('',(#15291,#15314,#15315,#15338));
#15291 = ORIENTED_EDGE('',*,*,#15292,.F.);
#15292 = EDGE_CURVE('',#14878,#15293,#15295,.T.);
#15293 = VERTEX_POINT('',#15294);
#15294 = CARTESIAN_POINT('',(-155.175,-25.,8.85));
#15295 = SURFACE_CURVE('',#15296,(#15300,#15307),.PCURVE_S1.);
#15296 = LINE('',#15297,#15298);
#15297 = CARTESIAN_POINT('',(-157.675,-25.,8.85));
#15298 = VECTOR('',#15299,1.);
#15299 = DIRECTION('',(1.,0.,-0.));
#15300 = PCURVE('',#14894,#15301);
#15301 = DEFINITIONAL_REPRESENTATION('',(#15302),#15306);
#15302 = LINE('',#15303,#15304);
#15303 = CARTESIAN_POINT('',(0.,36.));
#15304 = VECTOR('',#15305,1.);
#15305 = DIRECTION('',(1.,0.));
#15306 = ( GEOMETRIC_REPRESENTATION_CONTEXT(2) 
PARAMETRIC_REPRESENTATION_CONTEXT() REPRESENTATION_CONTEXT('2D SPACE',''
  ) );
#15307 = PCURVE('',#14970,#15308);
#15308 = DEFINITIONAL_REPRESENTATION('',(#15309),#15313);
#15309 = LINE('',#15310,#15311);
#15310 = CARTESIAN_POINT('',(0.,0.));
#15311 = VECTOR('',#15312,1.);
#15312 = DIRECTION('',(0.,1.));
#15313 = ( GEOMETRIC_REPRESENTATION_CONTEXT(2) 
PARAMETRIC_REPRESENTATION_CONTEXT() REPRESENTATION_CONTEXT('2D SPACE',''
  ) );
#15314 = ORIENTED_EDGE('',*,*,#14877,.T.);
#15315 = ORIENTED_EDGE('',*,*,#15316,.T.);
#15316 = EDGE_CURVE('',#14880,#15317,#15319,.T.);
#15317 = VERTEX_POINT('',#15318);
#15318 = CARTESIAN_POINT('',(-155.175,-61.,8.85));
#15319 = SURFACE_CURVE('',#15320,(#15324,#15331),.PCURVE_S1.);
#15320 = LINE('',#15321,#15322);
#15321 = CARTESIAN_POINT('',(-157.675,-61.,8.85));
#15322 = VECTOR('',#15323,1.);
#15323 = DIRECTION('',(1.,0.,-0.));
#15324 = PCURVE('',#14894,#15325);
#15325 = DEFINITIONAL_REPRESENTATION('',(#15326),#15330);
#15326 = LINE('',#15327,#15328);
#15327 = CARTESIAN_POINT('',(0.,0.));
#15328 = VECTOR('',#15329,1.);
#15329 = DIRECTION('',(1.,0.));
#15330 = ( GEOMETRIC_REPRESENTATION_CONTEXT(2) 
PARAMETRIC_REPRESENTATION_CONTEXT() REPRESENTATION_CONTEXT('2D SPACE',''
  ) );
#15331 = PCURVE('',#14920,#15332);
#15332 = DEFINITIONAL_REPRESENTATION('',(#15333),#15337);
#15333 = LINE('',#15334,#15335);
#15334 = CARTESIAN_POINT('',(0.,0.));
#15335 = VECTOR('',#15336,1.);
#15336 = DIRECTION('',(0.,1.));
#15337 = ( GEOMETRIC_REPRESENTATION_CONTEXT(2) 
PARAMETRIC_REPRESENTATION_CONTEXT() REPRESENTATION_CONTEXT('2D SPACE',''
  ) );
#15338 = ORIENTED_EDGE('',*,*,#15339,.F.);
#15339 = EDGE_CURVE('',#15293,#15317,#15340,.T.);
#15340 = SURFACE_CURVE('',#15341,(#15345,#15351),.PCURVE_S1.);
#15341 = LINE('',#15342,#15343);
#15342 = CARTESIAN_POINT('',(-155.175,-70.6,8.85));
#15343 = VECTOR('',#15344,1.);
#15344 = DIRECTION('',(0.,-1.,0.));
#15345 = PCURVE('',#14894,#15346);
#15346 = DEFINITIONAL_REPRESENTATION('',(#15347),#15350);
#15347 = B_SPLINE_CURVE_WITH_KNOTS('',1,(#15348,#15349),.UNSPECIFIED.,
  .F.,.F.,(2,2),(-45.6,-9.6),.PIECEWISE_BEZIER_KNOTS.);
#15348 = CARTESIAN_POINT('',(2.5,36.));
#15349 = CARTESIAN_POINT('',(2.5,0.));
#15350 = ( GEOMETRIC_REPRESENTATION_CONTEXT(2) 
PARAMETRIC_REPRESENTATION_CONTEXT() REPRESENTATION_CONTEXT('2D SPACE',''
  ) );
#15351 = PCURVE('',#15075,#15352);
#15352 = DEFINITIONAL_REPRESENTATION('',(#15353),#15356);
#15353 = B_SPLINE_CURVE_WITH_KNOTS('',1,(#15354,#15355),.UNSPECIFIED.,
  .F.,.F.,(2,2),(-45.6,-9.6),.PIECEWISE_BEZIER_KNOTS.);
#15354 = CARTESIAN_POINT('',(7.35,-55.2));
#15355 = CARTESIAN_POINT('',(7.35,-19.2));
#15356 = ( GEOMETRIC_REPRESENTATION_CONTEXT(2) 
PARAMETRIC_REPRESENTATION_CONTEXT() REPRESENTATION_CONTEXT('2D SPACE',''
  ) );
#15357 = ADVANCED_FACE('',(#15358),#14970,.F.);
#15358 = FACE_BOUND('',#15359,.F.);
#15359 = EDGE_LOOP('',(#15360,#15361,#15362,#15385));
#15360 = ORIENTED_EDGE('',*,*,#15292,.F.);
#15361 = ORIENTED_EDGE('',*,*,#14957,.T.);
#15362 = ORIENTED_EDGE('',*,*,#15363,.T.);
#15363 = EDGE_CURVE('',#14932,#15364,#15366,.T.);
#15364 = VERTEX_POINT('',#15365);
#15365 = CARTESIAN_POINT('',(-155.175,-25.,30.85));
#15366 = SURFACE_CURVE('',#15367,(#15371,#15378),.PCURVE_S1.);
#15367 = LINE('',#15368,#15369);
#15368 = CARTESIAN_POINT('',(-157.675,-25.,30.85));
#15369 = VECTOR('',#15370,1.);
#15370 = DIRECTION('',(1.,0.,-0.));
#15371 = PCURVE('',#14970,#15372);
#15372 = DEFINITIONAL_REPRESENTATION('',(#15373),#15377);
#15373 = LINE('',#15374,#15375);
#15374 = CARTESIAN_POINT('',(22.,0.));
#15375 = VECTOR('',#15376,1.);
#15376 = DIRECTION('',(0.,1.));
#15377 = ( GEOMETRIC_REPRESENTATION_CONTEXT(2) 
PARAMETRIC_REPRESENTATION_CONTEXT() REPRESENTATION_CONTEXT('2D SPACE',''
  ) );
#15378 = PCURVE('',#14946,#15379);
#15379 = DEFINITIONAL_REPRESENTATION('',(#15380),#15384);
#15380 = LINE('',#15381,#15382);
#15381 = CARTESIAN_POINT('',(0.,36.));
#15382 = VECTOR('',#15383,1.);
#15383 = DIRECTION('',(1.,0.));
#15384 = ( GEOMETRIC_REPRESENTATION_CONTEXT(2) 
PARAMETRIC_REPRESENTATION_CONTEXT() REPRESENTATION_CONTEXT('2D SPACE',''
  ) );
#15385 = ORIENTED_EDGE('',*,*,#15386,.F.);
#15386 = EDGE_CURVE('',#15293,#15364,#15387,.T.);
#15387 = SURFACE_CURVE('',#15388,(#15392,#15398),.PCURVE_S1.);
#15388 = LINE('',#15389,#15390);
#15389 = CARTESIAN_POINT('',(-155.175,-25.,5.175));
#15390 = VECTOR('',#15391,1.);
#15391 = DIRECTION('',(0.,0.,1.));
#15392 = PCURVE('',#14970,#15393);
#15393 = DEFINITIONAL_REPRESENTATION('',(#15394),#15397);
#15394 = B_SPLINE_CURVE_WITH_KNOTS('',1,(#15395,#15396),.UNSPECIFIED.,
  .F.,.F.,(2,2),(3.675,25.675),.PIECEWISE_BEZIER_KNOTS.);
#15395 = CARTESIAN_POINT('',(0.,2.5));
#15396 = CARTESIAN_POINT('',(22.,2.5));
#15397 = ( GEOMETRIC_REPRESENTATION_CONTEXT(2) 
PARAMETRIC_REPRESENTATION_CONTEXT() REPRESENTATION_CONTEXT('2D SPACE',''
  ) );
#15398 = PCURVE('',#15075,#15399);
#15399 = DEFINITIONAL_REPRESENTATION('',(#15400),#15403);
#15400 = B_SPLINE_CURVE_WITH_KNOTS('',1,(#15401,#15402),.UNSPECIFIED.,
  .F.,.F.,(2,2),(3.675,25.675),.PIECEWISE_BEZIER_KNOTS.);
#15401 = CARTESIAN_POINT('',(7.35,-55.2));
#15402 = CARTESIAN_POINT('',(29.35,-55.2));
#15403 = ( GEOMETRIC_REPRESENTATION_CONTEXT(2) 
PARAMETRIC_REPRESENTATION_CONTEXT() REPRESENTATION_CONTEXT('2D SPACE',''
  ) );
#15404 = ADVANCED_FACE('',(#15405),#14946,.F.);
#15405 = FACE_BOUND('',#15406,.F.);
#15406 = EDGE_LOOP('',(#15407,#15408,#15409,#15432));
#15407 = ORIENTED_EDGE('',*,*,#15363,.F.);
#15408 = ORIENTED_EDGE('',*,*,#14931,.T.);
#15409 = ORIENTED_EDGE('',*,*,#15410,.T.);
#15410 = EDGE_CURVE('',#14906,#15411,#15413,.T.);
#15411 = VERTEX_POINT('',#15412);
#15412 = CARTESIAN_POINT('',(-155.175,-61.,30.85));
#15413 = SURFACE_CURVE('',#15414,(#15418,#15425),.PCURVE_S1.);
#15414 = LINE('',#15415,#15416);
#15415 = CARTESIAN_POINT('',(-157.675,-61.,30.85));
#15416 = VECTOR('',#15417,1.);
#15417 = DIRECTION('',(1.,0.,-0.));
#15418 = PCURVE('',#14946,#15419);
#15419 = DEFINITIONAL_REPRESENTATION('',(#15420),#15424);
#15420 = LINE('',#15421,#15422);
#15421 = CARTESIAN_POINT('',(0.,0.));
#15422 = VECTOR('',#15423,1.);
#15423 = DIRECTION('',(1.,0.));
#15424 = ( GEOMETRIC_REPRESENTATION_CONTEXT(2) 
PARAMETRIC_REPRESENTATION_CONTEXT() REPRESENTATION_CONTEXT('2D SPACE',''
  ) );
#15425 = PCURVE('',#14920,#15426);
#15426 = DEFINITIONAL_REPRESENTATION('',(#15427),#15431);
#15427 = LINE('',#15428,#15429);
#15428 = CARTESIAN_POINT('',(22.,0.));
#15429 = VECTOR('',#15430,1.);
#15430 = DIRECTION('',(0.,1.));
#15431 = ( GEOMETRIC_REPRESENTATION_CONTEXT(2) 
PARAMETRIC_REPRESENTATION_CONTEXT() REPRESENTATION_CONTEXT('2D SPACE',''
  ) );
#15432 = ORIENTED_EDGE('',*,*,#15433,.F.);
#15433 = EDGE_CURVE('',#15364,#15411,#15434,.T.);
#15434 = SURFACE_CURVE('',#15435,(#15439,#15445),.PCURVE_S1.);
#15435 = LINE('',#15436,#15437);
#15436 = CARTESIAN_POINT('',(-155.175,-70.6,30.85));
#15437 = VECTOR('',#15438,1.);
#15438 = DIRECTION('',(0.,-1.,0.));
#15439 = PCURVE('',#14946,#15440);
#15440 = DEFINITIONAL_REPRESENTATION('',(#15441),#15444);
#15441 = B_SPLINE_CURVE_WITH_KNOTS('',1,(#15442,#15443),.UNSPECIFIED.,
  .F.,.F.,(2,2),(-45.6,-9.6),.PIECEWISE_BEZIER_KNOTS.);
#15442 = CARTESIAN_POINT('',(2.5,36.));
#15443 = CARTESIAN_POINT('',(2.5,0.));
#15444 = ( GEOMETRIC_REPRESENTATION_CONTEXT(2) 
PARAMETRIC_REPRESENTATION_CONTEXT() REPRESENTATION_CONTEXT('2D SPACE',''
  ) );
#15445 = PCURVE('',#15075,#15446);
#15446 = DEFINITIONAL_REPRESENTATION('',(#15447),#15450);
#15447 = B_SPLINE_CURVE_WITH_KNOTS('',1,(#15448,#15449),.UNSPECIFIED.,
  .F.,.F.,(2,2),(-45.6,-9.6),.PIECEWISE_BEZIER_KNOTS.);
#15448 = CARTESIAN_POINT('',(29.35,-55.2));
#15449 = CARTESIAN_POINT('',(29.35,-19.2));
#15450 = ( GEOMETRIC_REPRESENTATION_CONTEXT(2) 
PARAMETRIC_REPRESENTATION_CONTEXT() REPRESENTATION_CONTEXT('2D SPACE',''
  ) );
#15451 = ADVANCED_FACE('',(#15452),#14920,.T.);
#15452 = FACE_BOUND('',#15453,.T.);
#15453 = EDGE_LOOP('',(#15454,#15455,#15456,#15457));
#15454 = ORIENTED_EDGE('',*,*,#15316,.F.);
#15455 = ORIENTED_EDGE('',*,*,#14905,.T.);
#15456 = ORIENTED_EDGE('',*,*,#15410,.T.);
#15457 = ORIENTED_EDGE('',*,*,#15458,.F.);
#15458 = EDGE_CURVE('',#15317,#15411,#15459,.T.);
#15459 = SURFACE_CURVE('',#15460,(#15464,#15470),.PCURVE_S1.);
#15460 = LINE('',#15461,#15462);
#15461 = CARTESIAN_POINT('',(-155.175,-61.,5.175));
#15462 = VECTOR('',#15463,1.);
#15463 = DIRECTION('',(0.,0.,1.));
#15464 = PCURVE('',#14920,#15465);
#15465 = DEFINITIONAL_REPRESENTATION('',(#15466),#15469);
#15466 = B_SPLINE_CURVE_WITH_KNOTS('',1,(#15467,#15468),.UNSPECIFIED.,
  .F.,.F.,(2,2),(3.675,25.675),.PIECEWISE_BEZIER_KNOTS.);
#15467 = CARTESIAN_POINT('',(0.,2.5));
#15468 = CARTESIAN_POINT('',(22.,2.5));
#15469 = ( GEOMETRIC_REPRESENTATION_CONTEXT(2) 
PARAMETRIC_REPRESENTATION_CONTEXT() REPRESENTATION_CONTEXT('2D SPACE',''
  ) );
#15470 = PCURVE('',#15075,#15471);
#15471 = DEFINITIONAL_REPRESENTATION('',(#15472),#15475);
#15472 = B_SPLINE_CURVE_WITH_KNOTS('',1,(#15473,#15474),.UNSPECIFIED.,
  .F.,.F.,(2,2),(3.675,25.675),.PIECEWISE_BEZIER_KNOTS.);
#15473 = CARTESIAN_POINT('',(7.35,-19.2));
#15474 = CARTESIAN_POINT('',(29.35,-19.2));
#15475 = ( GEOMETRIC_REPRESENTATION_CONTEXT(2) 
PARAMETRIC_REPRESENTATION_CONTEXT() REPRESENTATION_CONTEXT('2D SPACE',''
  ) );
#15476 = ADVANCED_FACE('',(#15477),#15002,.T.);
#15477 = FACE_BOUND('',#15478,.T.);
#15478 = EDGE_LOOP('',(#15479,#15480,#15481,#15482,#15505,#15533,#15561,
    #15589));
#15479 = ORIENTED_EDGE('',*,*,#14984,.F.);
#15480 = ORIENTED_EDGE('',*,*,#15118,.T.);
#15481 = ORIENTED_EDGE('',*,*,#15214,.F.);
#15482 = ORIENTED_EDGE('',*,*,#15483,.F.);
#15483 = EDGE_CURVE('',#15484,#15215,#15486,.T.);
#15484 = VERTEX_POINT('',#15485);
#15485 = CARTESIAN_POINT('',(147.175,78.7,31.5));
#15486 = SURFACE_CURVE('',#15487,(#15491,#15498),.PCURVE_S1.);
#15487 = LINE('',#15488,#15489);
#15488 = CARTESIAN_POINT('',(147.175,78.7,31.5));
#15489 = VECTOR('',#15490,1.);
#15490 = DIRECTION('',(-0.,1.,0.));
#15491 = PCURVE('',#15002,#15492);
#15492 = DEFINITIONAL_REPRESENTATION('',(#15493),#15497);
#15493 = LINE('',#15494,#15495);
#15494 = CARTESIAN_POINT('',(31.5,-158.9));
#15495 = VECTOR('',#15496,1.);
#15496 = DIRECTION('',(0.,-1.));
#15497 = ( GEOMETRIC_REPRESENTATION_CONTEXT(2) 
PARAMETRIC_REPRESENTATION_CONTEXT() REPRESENTATION_CONTEXT('2D SPACE',''
  ) );
#15498 = PCURVE('',#15277,#15499);
#15499 = DEFINITIONAL_REPRESENTATION('',(#15500),#15504);
#15500 = LINE('',#15501,#15502);
#15501 = CARTESIAN_POINT('',(303.85,0.));
#15502 = VECTOR('',#15503,1.);
#15503 = DIRECTION('',(0.,1.));
#15504 = ( GEOMETRIC_REPRESENTATION_CONTEXT(2) 
PARAMETRIC_REPRESENTATION_CONTEXT() REPRESENTATION_CONTEXT('2D SPACE',''
  ) );
#15505 = ORIENTED_EDGE('',*,*,#15506,.F.);
#15506 = EDGE_CURVE('',#15507,#15484,#15509,.T.);
#15507 = VERTEX_POINT('',#15508);
#15508 = CARTESIAN_POINT('',(147.175,78.7,1.5));
#15509 = SURFACE_CURVE('',#15510,(#15514,#15521),.PCURVE_S1.);
#15510 = LINE('',#15511,#15512);
#15511 = CARTESIAN_POINT('',(147.175,78.7,1.5));
#15512 = VECTOR('',#15513,1.);
#15513 = DIRECTION('',(0.,0.,1.));
#15514 = PCURVE('',#15002,#15515);
#15515 = DEFINITIONAL_REPRESENTATION('',(#15516),#15520);
#15516 = LINE('',#15517,#15518);
#15517 = CARTESIAN_POINT('',(1.5,-158.9));
#15518 = VECTOR('',#15519,1.);
#15519 = DIRECTION('',(1.,0.));
#15520 = ( GEOMETRIC_REPRESENTATION_CONTEXT(2) 
PARAMETRIC_REPRESENTATION_CONTEXT() REPRESENTATION_CONTEXT('2D SPACE',''
  ) );
#15521 = PCURVE('',#15522,#15527);
#15522 = PLANE('',#15523);
#15523 = AXIS2_PLACEMENT_3D('',#15524,#15525,#15526);
#15524 = CARTESIAN_POINT('',(-156.675,78.7,1.5));
#15525 = DIRECTION('',(-0.,1.,0.));
#15526 = DIRECTION('',(0.,0.,1.));
#15527 = DEFINITIONAL_REPRESENTATION('',(#15528),#15532);
#15528 = LINE('',#15529,#15530);
#15529 = CARTESIAN_POINT('',(0.,303.85));
#15530 = VECTOR('',#15531,1.);
#15531 = DIRECTION('',(1.,0.));
#15532 = ( GEOMETRIC_REPRESENTATION_CONTEXT(2) 
PARAMETRIC_REPRESENTATION_CONTEXT() REPRESENTATION_CONTEXT('2D SPACE',''
  ) );
#15533 = ORIENTED_EDGE('',*,*,#15534,.F.);
#15534 = EDGE_CURVE('',#15535,#15507,#15537,.T.);
#15535 = VERTEX_POINT('',#15536);
#15536 = CARTESIAN_POINT('',(147.175,-78.7,1.5));
#15537 = SURFACE_CURVE('',#15538,(#15542,#15549),.PCURVE_S1.);
#15538 = LINE('',#15539,#15540);
#15539 = CARTESIAN_POINT('',(147.175,-80.2,1.5));
#15540 = VECTOR('',#15541,1.);
#15541 = DIRECTION('',(-0.,1.,0.));
#15542 = PCURVE('',#15002,#15543);
#15543 = DEFINITIONAL_REPRESENTATION('',(#15544),#15548);
#15544 = LINE('',#15545,#15546);
#15545 = CARTESIAN_POINT('',(1.5,0.));
#15546 = VECTOR('',#15547,1.);
#15547 = DIRECTION('',(0.,-1.));
#15548 = ( GEOMETRIC_REPRESENTATION_CONTEXT(2) 
PARAMETRIC_REPRESENTATION_CONTEXT() REPRESENTATION_CONTEXT('2D SPACE',''
  ) );
#15549 = PCURVE('',#15550,#15555);
#15550 = PLANE('',#15551);
#15551 = AXIS2_PLACEMENT_3D('',#15552,#15553,#15554);
#15552 = CARTESIAN_POINT('',(-156.675,-80.2,1.5));
#15553 = DIRECTION('',(0.,0.,1.));
#15554 = DIRECTION('',(1.,0.,-0.));
#15555 = DEFINITIONAL_REPRESENTATION('',(#15556),#15560);
#15556 = LINE('',#15557,#15558);
#15557 = CARTESIAN_POINT('',(303.85,0.));
#15558 = VECTOR('',#15559,1.);
#15559 = DIRECTION('',(0.,1.));
#15560 = ( GEOMETRIC_REPRESENTATION_CONTEXT(2) 
PARAMETRIC_REPRESENTATION_CONTEXT() REPRESENTATION_CONTEXT('2D SPACE',''
  ) );
#15561 = ORIENTED_EDGE('',*,*,#15562,.T.);
#15562 = EDGE_CURVE('',#15535,#15563,#15565,.T.);
#15563 = VERTEX_POINT('',#15564);
#15564 = CARTESIAN_POINT('',(147.175,-78.7,31.5));
#15565 = SURFACE_CURVE('',#15566,(#15570,#15577),.PCURVE_S1.);
#15566 = LINE('',#15567,#15568);
#15567 = CARTESIAN_POINT('',(147.175,-78.7,1.5));
#15568 = VECTOR('',#15569,1.);
#15569 = DIRECTION('',(0.,0.,1.));
#15570 = PCURVE('',#15002,#15571);
#15571 = DEFINITIONAL_REPRESENTATION('',(#15572),#15576);
#15572 = LINE('',#15573,#15574);
#15573 = CARTESIAN_POINT('',(1.5,-1.5));
#15574 = VECTOR('',#15575,1.);
#15575 = DIRECTION('',(1.,0.));
#15576 = ( GEOMETRIC_REPRESENTATION_CONTEXT(2) 
PARAMETRIC_REPRESENTATION_CONTEXT() REPRESENTATION_CONTEXT('2D SPACE',''
  ) );
#15577 = PCURVE('',#15578,#15583);
#15578 = PLANE('',#15579);
#15579 = AXIS2_PLACEMENT_3D('',#15580,#15581,#15582);
#15580 = CARTESIAN_POINT('',(-156.675,-78.7,1.5));
#15581 = DIRECTION('',(-0.,1.,0.));
#15582 = DIRECTION('',(0.,0.,1.));
#15583 = DEFINITIONAL_REPRESENTATION('',(#15584),#15588);
#15584 = LINE('',#15585,#15586);
#15585 = CARTESIAN_POINT('',(0.,303.85));
#15586 = VECTOR('',#15587,1.);
#15587 = DIRECTION('',(1.,0.));
#15588 = ( GEOMETRIC_REPRESENTATION_CONTEXT(2) 
PARAMETRIC_REPRESENTATION_CONTEXT() REPRESENTATION_CONTEXT('2D SPACE',''
  ) );
#15589 = ORIENTED_EDGE('',*,*,#15590,.F.);
#15590 = EDGE_CURVE('',#14987,#15563,#15591,.T.);
#15591 = SURFACE_CURVE('',#15592,(#15596,#15603),.PCURVE_S1.);
#15592 = LINE('',#15593,#15594);
#15593 = CARTESIAN_POINT('',(147.175,-80.2,31.5));
#15594 = VECTOR('',#15595,1.);
#15595 = DIRECTION('',(-0.,1.,0.));
#15596 = PCURVE('',#15002,#15597);
#15597 = DEFINITIONAL_REPRESENTATION('',(#15598),#15602);
#15598 = LINE('',#15599,#15600);
#15599 = CARTESIAN_POINT('',(31.5,0.));
#15600 = VECTOR('',#15601,1.);
#15601 = DIRECTION('',(0.,-1.));
#15602 = ( GEOMETRIC_REPRESENTATION_CONTEXT(2) 
PARAMETRIC_REPRESENTATION_CONTEXT() REPRESENTATION_CONTEXT('2D SPACE',''
  ) );
#15603 = PCURVE('',#15101,#15604);
#15604 = DEFINITIONAL_REPRESENTATION('',(#15605),#15609);
#15605 = LINE('',#15606,#15607);
#15606 = CARTESIAN_POINT('',(303.85,0.));
#15607 = VECTOR('',#15608,1.);
#15608 = DIRECTION('',(0.,1.));
#15609 = ( GEOMETRIC_REPRESENTATION_CONTEXT(2) 
PARAMETRIC_REPRESENTATION_CONTEXT() REPRESENTATION_CONTEXT('2D SPACE',''
  ) );
#15610 = ADVANCED_FACE('',(#15611,#15721),#15075,.T.);
#15611 = FACE_BOUND('',#15612,.T.);
#15612 = EDGE_LOOP('',(#15613,#15614,#15635,#15656,#15679,#15700,#15719,
    #15720));
#15613 = ORIENTED_EDGE('',*,*,#15059,.F.);
#15614 = ORIENTED_EDGE('',*,*,#15615,.T.);
#15615 = EDGE_CURVE('',#15060,#15616,#15618,.T.);
#15616 = VERTEX_POINT('',#15617);
#15617 = CARTESIAN_POINT('',(-155.175,-78.7,31.5));
#15618 = SURFACE_CURVE('',#15619,(#15623,#15629),.PCURVE_S1.);
#15619 = LINE('',#15620,#15621);
#15620 = CARTESIAN_POINT('',(-155.175,-80.2,31.5));
#15621 = VECTOR('',#15622,1.);
#15622 = DIRECTION('',(-0.,1.,0.));
#15623 = PCURVE('',#15075,#15624);
#15624 = DEFINITIONAL_REPRESENTATION('',(#15625),#15628);
#15625 = B_SPLINE_CURVE_WITH_KNOTS('',1,(#15626,#15627),.UNSPECIFIED.,
  .F.,.F.,(2,2),(0.,1.5),.PIECEWISE_BEZIER_KNOTS.);
#15626 = CARTESIAN_POINT('',(30.,0.));
#15627 = CARTESIAN_POINT('',(30.,-1.5));
#15628 = ( GEOMETRIC_REPRESENTATION_CONTEXT(2) 
PARAMETRIC_REPRESENTATION_CONTEXT() REPRESENTATION_CONTEXT('2D SPACE',''
  ) );
#15629 = PCURVE('',#15101,#15630);
#15630 = DEFINITIONAL_REPRESENTATION('',(#15631),#15634);
#15631 = B_SPLINE_CURVE_WITH_KNOTS('',1,(#15632,#15633),.UNSPECIFIED.,
  .F.,.F.,(2,2),(0.,1.5),.PIECEWISE_BEZIER_KNOTS.);
#15632 = CARTESIAN_POINT('',(1.5,0.));
#15633 = CARTESIAN_POINT('',(1.5,1.5));
#15634 = ( GEOMETRIC_REPRESENTATION_CONTEXT(2) 
PARAMETRIC_REPRESENTATION_CONTEXT() REPRESENTATION_CONTEXT('2D SPACE',''
  ) );
#15635 = ORIENTED_EDGE('',*,*,#15636,.T.);
#15636 = EDGE_CURVE('',#15616,#15637,#15639,.T.);
#15637 = VERTEX_POINT('',#15638);
#15638 = CARTESIAN_POINT('',(-155.175,-78.7,1.5));
#15639 = SURFACE_CURVE('',#15640,(#15644,#15650),.PCURVE_S1.);
#15640 = LINE('',#15641,#15642);
#15641 = CARTESIAN_POINT('',(-155.175,-78.7,1.5));
#15642 = VECTOR('',#15643,1.);
#15643 = DIRECTION('',(-0.,0.,-1.));
#15644 = PCURVE('',#15075,#15645);
#15645 = DEFINITIONAL_REPRESENTATION('',(#15646),#15649);
#15646 = B_SPLINE_CURVE_WITH_KNOTS('',1,(#15647,#15648),.UNSPECIFIED.,
  .F.,.F.,(2,2),(-30.,0.),.PIECEWISE_BEZIER_KNOTS.);
#15647 = CARTESIAN_POINT('',(30.,-1.5));
#15648 = CARTESIAN_POINT('',(0.,-1.5));
#15649 = ( GEOMETRIC_REPRESENTATION_CONTEXT(2) 
PARAMETRIC_REPRESENTATION_CONTEXT() REPRESENTATION_CONTEXT('2D SPACE',''
  ) );
#15650 = PCURVE('',#15578,#15651);
#15651 = DEFINITIONAL_REPRESENTATION('',(#15652),#15655);
#15652 = B_SPLINE_CURVE_WITH_KNOTS('',1,(#15653,#15654),.UNSPECIFIED.,
  .F.,.F.,(2,2),(-30.,0.),.PIECEWISE_BEZIER_KNOTS.);
#15653 = CARTESIAN_POINT('',(30.,1.5));
#15654 = CARTESIAN_POINT('',(0.,1.5));
#15655 = ( GEOMETRIC_REPRESENTATION_CONTEXT(2) 
PARAMETRIC_REPRESENTATION_CONTEXT() REPRESENTATION_CONTEXT('2D SPACE',''
  ) );
#15656 = ORIENTED_EDGE('',*,*,#15657,.T.);
#15657 = EDGE_CURVE('',#15637,#15658,#15660,.T.);
#15658 = VERTEX_POINT('',#15659);
#15659 = CARTESIAN_POINT('',(-155.175,78.7,1.5));
#15660 = SURFACE_CURVE('',#15661,(#15665,#15672),.PCURVE_S1.);
#15661 = LINE('',#15662,#15663);
#15662 = CARTESIAN_POINT('',(-155.175,-80.2,1.5));
#15663 = VECTOR('',#15664,1.);
#15664 = DIRECTION('',(-0.,1.,0.));
#15665 = PCURVE('',#15075,#15666);
#15666 = DEFINITIONAL_REPRESENTATION('',(#15667),#15671);
#15667 = LINE('',#15668,#15669);
#15668 = CARTESIAN_POINT('',(0.,0.));
#15669 = VECTOR('',#15670,1.);
#15670 = DIRECTION('',(0.,-1.));
#15671 = ( GEOMETRIC_REPRESENTATION_CONTEXT(2) 
PARAMETRIC_REPRESENTATION_CONTEXT() REPRESENTATION_CONTEXT('2D SPACE',''
  ) );
#15672 = PCURVE('',#15550,#15673);
#15673 = DEFINITIONAL_REPRESENTATION('',(#15674),#15678);
#15674 = LINE('',#15675,#15676);
#15675 = CARTESIAN_POINT('',(1.5,0.));
#15676 = VECTOR('',#15677,1.);
#15677 = DIRECTION('',(0.,1.));
#15678 = ( GEOMETRIC_REPRESENTATION_CONTEXT(2) 
PARAMETRIC_REPRESENTATION_CONTEXT() REPRESENTATION_CONTEXT('2D SPACE',''
  ) );
#15679 = ORIENTED_EDGE('',*,*,#15680,.F.);
#15680 = EDGE_CURVE('',#15681,#15658,#15683,.T.);
#15681 = VERTEX_POINT('',#15682);
#15682 = CARTESIAN_POINT('',(-155.175,78.7,31.5));
#15683 = SURFACE_CURVE('',#15684,(#15688,#15694),.PCURVE_S1.);
#15684 = LINE('',#15685,#15686);
#15685 = CARTESIAN_POINT('',(-155.175,78.7,1.5));
#15686 = VECTOR('',#15687,1.);
#15687 = DIRECTION('',(-0.,0.,-1.));
#15688 = PCURVE('',#15075,#15689);
#15689 = DEFINITIONAL_REPRESENTATION('',(#15690),#15693);
#15690 = B_SPLINE_CURVE_WITH_KNOTS('',1,(#15691,#15692),.UNSPECIFIED.,
  .F.,.F.,(2,2),(-30.,0.),.PIECEWISE_BEZIER_KNOTS.);
#15691 = CARTESIAN_POINT('',(30.,-158.9));
#15692 = CARTESIAN_POINT('',(0.,-158.9));
#15693 = ( GEOMETRIC_REPRESENTATION_CONTEXT(2) 
PARAMETRIC_REPRESENTATION_CONTEXT() REPRESENTATION_CONTEXT('2D SPACE',''
  ) );
#15694 = PCURVE('',#15522,#15695);
#15695 = DEFINITIONAL_REPRESENTATION('',(#15696),#15699);
#15696 = B_SPLINE_CURVE_WITH_KNOTS('',1,(#15697,#15698),.UNSPECIFIED.,
  .F.,.F.,(2,2),(-30.,0.),.PIECEWISE_BEZIER_KNOTS.);
#15697 = CARTESIAN_POINT('',(30.,1.5));
#15698 = CARTESIAN_POINT('',(0.,1.5));
#15699 = ( GEOMETRIC_REPRESENTATION_CONTEXT(2) 
PARAMETRIC_REPRESENTATION_CONTEXT() REPRESENTATION_CONTEXT('2D SPACE',''
  ) );
#15700 = ORIENTED_EDGE('',*,*,#15701,.T.);
#15701 = EDGE_CURVE('',#15681,#15241,#15702,.T.);
#15702 = SURFACE_CURVE('',#15703,(#15707,#15713),.PCURVE_S1.);
#15703 = LINE('',#15704,#15705);
#15704 = CARTESIAN_POINT('',(-155.175,-0.75,31.5));
#15705 = VECTOR('',#15706,1.);
#15706 = DIRECTION('',(-0.,1.,0.));
#15707 = PCURVE('',#15075,#15708);
#15708 = DEFINITIONAL_REPRESENTATION('',(#15709),#15712);
#15709 = B_SPLINE_CURVE_WITH_KNOTS('',1,(#15710,#15711),.UNSPECIFIED.,
  .F.,.F.,(2,2),(79.45,80.95),.PIECEWISE_BEZIER_KNOTS.);
#15710 = CARTESIAN_POINT('',(30.,-158.9));
#15711 = CARTESIAN_POINT('',(30.,-160.4));
#15712 = ( GEOMETRIC_REPRESENTATION_CONTEXT(2) 
PARAMETRIC_REPRESENTATION_CONTEXT() REPRESENTATION_CONTEXT('2D SPACE',''
  ) );
#15713 = PCURVE('',#15277,#15714);
#15714 = DEFINITIONAL_REPRESENTATION('',(#15715),#15718);
#15715 = B_SPLINE_CURVE_WITH_KNOTS('',1,(#15716,#15717),.UNSPECIFIED.,
  .F.,.F.,(2,2),(79.45,80.95),.PIECEWISE_BEZIER_KNOTS.);
#15716 = CARTESIAN_POINT('',(1.5,0.));
#15717 = CARTESIAN_POINT('',(1.5,1.5));
#15718 = ( GEOMETRIC_REPRESENTATION_CONTEXT(2) 
PARAMETRIC_REPRESENTATION_CONTEXT() REPRESENTATION_CONTEXT('2D SPACE',''
  ) );
#15719 = ORIENTED_EDGE('',*,*,#15240,.T.);
#15720 = ORIENTED_EDGE('',*,*,#15167,.F.);
#15721 = FACE_BOUND('',#15722,.T.);
#15722 = EDGE_LOOP('',(#15723,#15724,#15725,#15726));
#15723 = ORIENTED_EDGE('',*,*,#15339,.T.);
#15724 = ORIENTED_EDGE('',*,*,#15458,.T.);
#15725 = ORIENTED_EDGE('',*,*,#15433,.F.);
#15726 = ORIENTED_EDGE('',*,*,#15386,.F.);
#15727 = ADVANCED_FACE('',(#15728),#15101,.T.);
#15728 = FACE_BOUND('',#15729,.T.);
#15729 = EDGE_LOOP('',(#15730,#15751,#15752,#15753));
#15730 = ORIENTED_EDGE('',*,*,#15731,.F.);
#15731 = EDGE_CURVE('',#15616,#15563,#15732,.T.);
#15732 = SURFACE_CURVE('',#15733,(#15737,#15744),.PCURVE_S1.);
#15733 = LINE('',#15734,#15735);
#15734 = CARTESIAN_POINT('',(-156.675,-78.7,31.5));
#15735 = VECTOR('',#15736,1.);
#15736 = DIRECTION('',(1.,0.,-0.));
#15737 = PCURVE('',#15101,#15738);
#15738 = DEFINITIONAL_REPRESENTATION('',(#15739),#15743);
#15739 = LINE('',#15740,#15741);
#15740 = CARTESIAN_POINT('',(0.,1.5));
#15741 = VECTOR('',#15742,1.);
#15742 = DIRECTION('',(1.,0.));
#15743 = ( GEOMETRIC_REPRESENTATION_CONTEXT(2) 
PARAMETRIC_REPRESENTATION_CONTEXT() REPRESENTATION_CONTEXT('2D SPACE',''
  ) );
#15744 = PCURVE('',#15578,#15745);
#15745 = DEFINITIONAL_REPRESENTATION('',(#15746),#15750);
#15746 = LINE('',#15747,#15748);
#15747 = CARTESIAN_POINT('',(30.,0.));
#15748 = VECTOR('',#15749,1.);
#15749 = DIRECTION('',(0.,1.));
#15750 = ( GEOMETRIC_REPRESENTATION_CONTEXT(2) 
PARAMETRIC_REPRESENTATION_CONTEXT() REPRESENTATION_CONTEXT('2D SPACE',''
  ) );
#15751 = ORIENTED_EDGE('',*,*,#15615,.F.);
#15752 = ORIENTED_EDGE('',*,*,#15087,.T.);
#15753 = ORIENTED_EDGE('',*,*,#15590,.T.);
#15754 = ADVANCED_FACE('',(#15755),#15277,.T.);
#15755 = FACE_BOUND('',#15756,.T.);
#15756 = EDGE_LOOP('',(#15757,#15758,#15759,#15780));
#15757 = ORIENTED_EDGE('',*,*,#15263,.F.);
#15758 = ORIENTED_EDGE('',*,*,#15701,.F.);
#15759 = ORIENTED_EDGE('',*,*,#15760,.T.);
#15760 = EDGE_CURVE('',#15681,#15484,#15761,.T.);
#15761 = SURFACE_CURVE('',#15762,(#15766,#15773),.PCURVE_S1.);
#15762 = LINE('',#15763,#15764);
#15763 = CARTESIAN_POINT('',(-156.675,78.7,31.5));
#15764 = VECTOR('',#15765,1.);
#15765 = DIRECTION('',(1.,0.,-0.));
#15766 = PCURVE('',#15277,#15767);
#15767 = DEFINITIONAL_REPRESENTATION('',(#15768),#15772);
#15768 = LINE('',#15769,#15770);
#15769 = CARTESIAN_POINT('',(0.,0.));
#15770 = VECTOR('',#15771,1.);
#15771 = DIRECTION('',(1.,0.));
#15772 = ( GEOMETRIC_REPRESENTATION_CONTEXT(2) 
PARAMETRIC_REPRESENTATION_CONTEXT() REPRESENTATION_CONTEXT('2D SPACE',''
  ) );
#15773 = PCURVE('',#15522,#15774);
#15774 = DEFINITIONAL_REPRESENTATION('',(#15775),#15779);
#15775 = LINE('',#15776,#15777);
#15776 = CARTESIAN_POINT('',(30.,0.));
#15777 = VECTOR('',#15778,1.);
#15778 = DIRECTION('',(0.,1.));
#15779 = ( GEOMETRIC_REPRESENTATION_CONTEXT(2) 
PARAMETRIC_REPRESENTATION_CONTEXT() REPRESENTATION_CONTEXT('2D SPACE',''
  ) );
#15780 = ORIENTED_EDGE('',*,*,#15483,.T.);
#15781 = ADVANCED_FACE('',(#15782),#15522,.F.);
#15782 = FACE_BOUND('',#15783,.F.);
#15783 = EDGE_LOOP('',(#15784,#15805,#15806,#15807));
#15784 = ORIENTED_EDGE('',*,*,#15785,.F.);
#15785 = EDGE_CURVE('',#15658,#15507,#15786,.T.);
#15786 = SURFACE_CURVE('',#15787,(#15791,#15798),.PCURVE_S1.);
#15787 = LINE('',#15788,#15789);
#15788 = CARTESIAN_POINT('',(-156.675,78.7,1.5));
#15789 = VECTOR('',#15790,1.);
#15790 = DIRECTION('',(1.,0.,-0.));
#15791 = PCURVE('',#15522,#15792);
#15792 = DEFINITIONAL_REPRESENTATION('',(#15793),#15797);
#15793 = LINE('',#15794,#15795);
#15794 = CARTESIAN_POINT('',(0.,0.));
#15795 = VECTOR('',#15796,1.);
#15796 = DIRECTION('',(0.,1.));
#15797 = ( GEOMETRIC_REPRESENTATION_CONTEXT(2) 
PARAMETRIC_REPRESENTATION_CONTEXT() REPRESENTATION_CONTEXT('2D SPACE',''
  ) );
#15798 = PCURVE('',#15550,#15799);
#15799 = DEFINITIONAL_REPRESENTATION('',(#15800),#15804);
#15800 = LINE('',#15801,#15802);
#15801 = CARTESIAN_POINT('',(0.,158.9));
#15802 = VECTOR('',#15803,1.);
#15803 = DIRECTION('',(1.,0.));
#15804 = ( GEOMETRIC_REPRESENTATION_CONTEXT(2) 
PARAMETRIC_REPRESENTATION_CONTEXT() REPRESENTATION_CONTEXT('2D SPACE',''
  ) );
#15805 = ORIENTED_EDGE('',*,*,#15680,.F.);
#15806 = ORIENTED_EDGE('',*,*,#15760,.T.);
#15807 = ORIENTED_EDGE('',*,*,#15506,.F.);
#15808 = ADVANCED_FACE('',(#15809),#15550,.T.);
#15809 = FACE_BOUND('',#15810,.T.);
#15810 = EDGE_LOOP('',(#15811,#15812,#15833,#15834));
#15811 = ORIENTED_EDGE('',*,*,#15657,.F.);
#15812 = ORIENTED_EDGE('',*,*,#15813,.T.);
#15813 = EDGE_CURVE('',#15637,#15535,#15814,.T.);
#15814 = SURFACE_CURVE('',#15815,(#15819,#15826),.PCURVE_S1.);
#15815 = LINE('',#15816,#15817);
#15816 = CARTESIAN_POINT('',(-156.675,-78.7,1.5));
#15817 = VECTOR('',#15818,1.);
#15818 = DIRECTION('',(1.,0.,-0.));
#15819 = PCURVE('',#15550,#15820);
#15820 = DEFINITIONAL_REPRESENTATION('',(#15821),#15825);
#15821 = LINE('',#15822,#15823);
#15822 = CARTESIAN_POINT('',(0.,1.5));
#15823 = VECTOR('',#15824,1.);
#15824 = DIRECTION('',(1.,0.));
#15825 = ( GEOMETRIC_REPRESENTATION_CONTEXT(2) 
PARAMETRIC_REPRESENTATION_CONTEXT() REPRESENTATION_CONTEXT('2D SPACE',''
  ) );
#15826 = PCURVE('',#15578,#15827);
#15827 = DEFINITIONAL_REPRESENTATION('',(#15828),#15832);
#15828 = LINE('',#15829,#15830);
#15829 = CARTESIAN_POINT('',(0.,0.));
#15830 = VECTOR('',#15831,1.);
#15831 = DIRECTION('',(0.,1.));
#15832 = ( GEOMETRIC_REPRESENTATION_CONTEXT(2) 
PARAMETRIC_REPRESENTATION_CONTEXT() REPRESENTATION_CONTEXT('2D SPACE',''
  ) );
#15833 = ORIENTED_EDGE('',*,*,#15534,.T.);
#15834 = ORIENTED_EDGE('',*,*,#15785,.F.);
#15835 = ADVANCED_FACE('',(#15836),#15578,.T.);
#15836 = FACE_BOUND('',#15837,.T.);
#15837 = EDGE_LOOP('',(#15838,#15839,#15840,#15841));
#15838 = ORIENTED_EDGE('',*,*,#15813,.F.);
#15839 = ORIENTED_EDGE('',*,*,#15636,.F.);
#15840 = ORIENTED_EDGE('',*,*,#15731,.T.);
#15841 = ORIENTED_EDGE('',*,*,#15562,.F.);
#15842 = ( GEOMETRIC_REPRESENTATION_CONTEXT(3) 
GLOBAL_UNCERTAINTY_ASSIGNED_CONTEXT((#15846)) 
GLOBAL_UNIT_ASSIGNED_CONTEXT((#15843,#15844,#15845)) 
REPRESENTATION_CONTEXT('Context #1',
  '3D Context with UNIT and UNCERTAINTY') );
#15843 = ( LENGTH_UNIT() NAMED_UNIT(*) SI_UNIT(.MILLI.,.METRE.) );
#15844 = ( NAMED_UNIT(*) PLANE_ANGLE_UNIT() SI_UNIT($,.RADIAN.) );
#15845 = ( NAMED_UNIT(*) SI_UNIT($,.STERADIAN.) SOLID_ANGLE_UNIT() );
#15846 = UNCERTAINTY_MEASURE_WITH_UNIT(LENGTH_MEASURE(2.E-07),#15843,
  'distance_accuracy_value','confusion accuracy');
#15847 = CONTEXT_DEPENDENT_SHAPE_REPRESENTATION(#15848,#15850);
#15848 = ( REPRESENTATION_RELATIONSHIP('','',#14751,#10) 
REPRESENTATION_RELATIONSHIP_WITH_TRANSFORMATION(#15849) 
SHAPE_REPRESENTATION_RELATIONSHIP() );
#15849 = ITEM_DEFINED_TRANSFORMATION('','',#11,#19);
#15850 = PRODUCT_DEFINITION_SHAPE('Placement','Placement of an item',
  #15851);
#15851 = NEXT_ASSEMBLY_USAGE_OCCURRENCE('14','=>[0:1:1:15]','',#5,#14746
  ,$);
#15852 = PRODUCT_RELATED_PRODUCT_CATEGORY('part',$,(#14748));
ENDSEC;
END-ISO-10303-21;
